Instance name,  X location,  Y location,  Voltage 
output123, 332.34, 429.76, 0.00745329
FILLER_0_154_721, 332.34, 429.76, 0.00745329
FILLER_0_153_721, 332.34, 424.32, 0.00750211
_06678_, 332.34, 418.88, 0.00738346
FILLER_0_149_702, 332.34, 418.88, 0.00738346
FILLER_0_151_721, 332.34, 418.88, 0.00738346
_06680_, 332.34, 413.44, 0.00738271
_06682_, 332.34, 413.44, 0.00738271
_06683_, 332.34, 413.44, 0.00738271
_06716_, 332.34, 413.44, 0.00738271
FILLER_0_149_720, 332.34, 413.44, 0.00738271
_06608_, 332.34, 408, 0.0073867
_06674_, 332.34, 408, 0.0073867
_06715_, 332.34, 408, 0.0073867
rebuffer13, 332.34, 408, 0.0073867
FILLER_0_145_706, 332.34, 408, 0.0073867
FILLER_0_147_720, 332.34, 408, 0.0073867
_06517_, 332.34, 402.56, 0.0073265
_06550_, 332.34, 402.56, 0.0073265
_06605_, 332.34, 402.56, 0.0073265
_06607_, 332.34, 402.56, 0.0073265
FILLER_0_143_702, 332.34, 402.56, 0.0073265
FILLER_0_144_701, 332.34, 402.56, 0.0073265
FILLER_0_144_713, 332.34, 402.56, 0.0073265
FILLER_0_144_721, 332.34, 402.56, 0.0073265
_06603_, 332.34, 397.12, 0.00734525
_06604_, 332.34, 397.12, 0.00734525
_06606_, 332.34, 397.12, 0.00734525
_06681_, 332.34, 397.12, 0.00734525
FILLER_0_142_697, 332.34, 397.12, 0.00734525
FILLER_0_142_701, 332.34, 397.12, 0.00734525
FILLER_0_143_719, 332.34, 397.12, 0.00734525
_06593_, 332.34, 391.68, 0.00726048
_06675_, 332.34, 391.68, 0.00726048
_06677_, 332.34, 391.68, 0.00726048
_06679_, 332.34, 391.68, 0.00726048
FILLER_0_139_697, 332.34, 391.68, 0.00726048
FILLER_0_140_722, 332.34, 391.68, 0.00726048
FILLER_0_141_722, 332.34, 391.68, 0.00726048
_06526_, 332.34, 386.24, 0.00721585
_06530_, 332.34, 386.24, 0.00721585
_06585_, 332.34, 386.24, 0.00721585
_06587_, 332.34, 386.24, 0.00721585
FILLER_0_138_701, 332.34, 386.24, 0.00721585
FILLER_0_138_715, 332.34, 386.24, 0.00721585
FILLER_0_139_719, 332.34, 386.24, 0.00721585
_06375_, 332.34, 380.8, 0.00715189
_06520_, 332.34, 380.8, 0.00715189
_06525_, 332.34, 380.8, 0.00715189
_06528_, 332.34, 380.8, 0.00715189
_06529_, 332.34, 380.8, 0.00715189
_06591_, 332.34, 380.8, 0.00715189
_06592_, 332.34, 380.8, 0.00715189
FILLER_0_137_713, 332.34, 380.8, 0.00715189
FILLER_0_137_723, 332.34, 380.8, 0.00715189
_06355_, 332.34, 375.36, 0.00709958
_06519_, 332.34, 375.36, 0.00709958
FILLER_0_133_700, 332.34, 375.36, 0.00709958
FILLER_0_134_701, 332.34, 375.36, 0.00709958
_06374_, 332.34, 369.92, 0.00709636
_06379_, 332.34, 369.92, 0.00709636
_06521_, 332.34, 369.92, 0.00709636
_06522_, 332.34, 369.92, 0.00709636
FILLER_0_131_705, 332.34, 369.92, 0.00709636
_06371_, 332.34, 364.48, 0.00704092
_06373_, 332.34, 364.48, 0.00704092
_06376_, 332.34, 364.48, 0.00704092
_06523_, 332.34, 364.48, 0.00704092
FILLER_0_131_721, 332.34, 364.48, 0.00704092
_06366_, 332.34, 359.04, 0.00700917
_06367_, 332.34, 359.04, 0.00700917
_06369_, 332.34, 359.04, 0.00700917
_06372_, 332.34, 359.04, 0.00700917
FILLER_0_129_723, 332.34, 359.04, 0.00700917
_06358_, 332.34, 353.6, 0.00696059
_06364_, 332.34, 353.6, 0.00696059
_06370_, 332.34, 353.6, 0.00696059
_06381_, 332.34, 353.6, 0.00696059
FILLER_0_126_697, 332.34, 353.6, 0.00696059
_06342_, 332.34, 348.16, 0.00690641
_06362_, 332.34, 348.16, 0.00690641
clkbuf_4_12_0_clk, 332.34, 348.16, 0.00690641
ANTENNA_184, 332.34, 348.16, 0.00690641
FILLER_0_123_708, 332.34, 348.16, 0.00690641
FILLER_0_124_717, 332.34, 348.16, 0.00690641
FILLER_0_125_721, 332.34, 348.16, 0.00690641
_06356_, 332.34, 342.72, 0.00680024
_06454_, 332.34, 342.72, 0.00680024
_06455_, 332.34, 342.72, 0.00680024
_06457_, 332.34, 342.72, 0.00680024
ANTENNA_118, 332.34, 342.72, 0.00680024
FILLER_0_122_705, 332.34, 342.72, 0.00680024
FILLER_0_122_717, 332.34, 342.72, 0.00680024
_06331_, 332.34, 337.28, 0.00680522
FILLER_0_120_713, 332.34, 337.28, 0.00680522
_06330_, 332.34, 331.84, 0.00664673
_12717_, 332.34, 331.84, 0.00664673
ANTENNA_97, 332.34, 331.84, 0.00664673
FILLER_0_118_721, 332.34, 331.84, 0.00664673
FILLER_0_119_715, 332.34, 331.84, 0.00664673
_08340_, 332.34, 326.4, 0.00656998
_12746_, 332.34, 326.4, 0.00656998
_12749_, 332.34, 326.4, 0.00656998
ANTENNA_99, 332.34, 326.4, 0.00656998
FILLER_0_116_697, 332.34, 326.4, 0.00656998
FILLER_0_116_707, 332.34, 326.4, 0.00656998
_07028_, 332.34, 320.96, 0.00645787
_07176_, 332.34, 320.96, 0.00645787
FILLER_0_114_701, 332.34, 320.96, 0.00645787
FILLER_0_114_715, 332.34, 320.96, 0.00645787
FILLER_0_115_721, 332.34, 320.96, 0.00645787
_06737_, 332.34, 315.52, 0.00635949
_08508_, 332.34, 315.52, 0.00635949
_08509_, 332.34, 315.52, 0.00635949
_08511_, 332.34, 315.52, 0.00635949
FILLER_0_113_713, 332.34, 315.52, 0.00635949
_06795_, 332.34, 310.08, 0.00626152
_08513_, 332.34, 310.08, 0.00626152
_08515_, 332.34, 310.08, 0.00626152
_08516_, 332.34, 310.08, 0.00626152
_08518_, 332.34, 310.08, 0.00626152
FILLER_0_110_697, 332.34, 310.08, 0.00626152
_08363_, 332.34, 304.64, 0.0061431
_08503_, 332.34, 304.64, 0.0061431
_08514_, 332.34, 304.64, 0.0061431
FILLER_0_107_699, 332.34, 304.64, 0.0061431
FILLER_0_109_718, 332.34, 304.64, 0.0061431
_08346_, 332.34, 299.2, 0.00604186
_08368_, 332.34, 299.2, 0.00604186
_08371_, 332.34, 299.2, 0.00604186
FILLER_0_105_703, 332.34, 299.2, 0.00604186
_08372_, 332.34, 293.76, 0.0059611
_08499_, 332.34, 293.76, 0.0059611
FILLER_0_103_697, 332.34, 293.76, 0.0059611
_08367_, 332.34, 288.32, 0.00583764
_08373_, 332.34, 288.32, 0.00583764
rebuffer19, 332.34, 288.32, 0.00583764
FILLER_0_101_706, 332.34, 288.32, 0.00583764
FILLER_0_102_709, 332.34, 288.32, 0.00583764
FILLER_0_102_717, 332.34, 288.32, 0.00583764
FILLER_0_103_719, 332.34, 288.32, 0.00583764
_06312_, 332.34, 282.88, 0.00571367
_08494_, 332.34, 282.88, 0.00571367
_08497_, 332.34, 282.88, 0.00571367
_09149_, 332.34, 282.88, 0.00571367
rebuffer23, 332.34, 282.88, 0.00571367
FILLER_0_100_704, 332.34, 282.88, 0.00571367
FILLER_0_100_715, 332.34, 282.88, 0.00571367
_06302_, 332.34, 277.44, 0.00560918
_06313_, 332.34, 277.44, 0.00560918
_08495_, 332.34, 277.44, 0.00560918
ANTENNA_135, 332.34, 277.44, 0.00560918
FILLER_0_98_701, 332.34, 277.44, 0.00560918
FILLER_0_99_718, 332.34, 277.44, 0.00560918
_08492_, 332.34, 272, 0.00544596
_08534_, 332.34, 272, 0.00544596
_08535_, 332.34, 272, 0.00544596
ANTENNA_137, 332.34, 272, 0.00544596
ANTENNA_138, 332.34, 272, 0.00544596
FILLER_0_96_713, 332.34, 272, 0.00544596
_08108_, 332.34, 266.56, 0.00527528
_09132_, 332.34, 266.56, 0.00527528
_09133_, 332.34, 266.56, 0.00527528
FILLER_0_93_699, 332.34, 266.56, 0.00527528
FILLER_0_93_710, 332.34, 266.56, 0.00527528
FILLER_0_94_713, 332.34, 266.56, 0.00527528
_08109_, 332.34, 261.12, 0.00511389
_08110_, 332.34, 261.12, 0.00511389
_08111_, 332.34, 261.12, 0.00511389
_08438_, 332.34, 261.12, 0.00511389
ANTENNA_144, 332.34, 261.12, 0.00511389
ANTENNA_146, 332.34, 261.12, 0.00511389
ANTENNA_148, 332.34, 261.12, 0.00511389
ANTENNA_149, 332.34, 261.12, 0.00511389
ANTENNA_151, 332.34, 261.12, 0.00511389
FILLER_0_92_701, 332.34, 261.12, 0.00511389
FILLER_0_93_721, 332.34, 261.12, 0.00511389
_08434_, 332.34, 255.68, 0.00495608
_08439_, 332.34, 255.68, 0.00495608
_08442_, 332.34, 255.68, 0.00495608
FILLER_0_90_701, 332.34, 255.68, 0.00495608
FILLER_0_91_719, 332.34, 255.68, 0.00495608
_08441_, 332.34, 250.24, 0.00483155
_08391_, 332.34, 244.8, 0.00466531
_08399_, 332.34, 244.8, 0.00466531
_08436_, 332.34, 244.8, 0.00466531
_08437_, 332.34, 244.8, 0.00466531
_08443_, 332.34, 244.8, 0.00466531
_08538_, 332.34, 244.8, 0.00466531
FILLER_0_85_707, 332.34, 244.8, 0.00466531
FILLER_0_87_714, 332.34, 244.8, 0.00466531
_08440_, 332.34, 239.36, 0.0044598
_08444_, 332.34, 239.36, 0.0044598
FILLER_0_85_723, 332.34, 239.36, 0.0044598
_08432_, 332.34, 233.92, 0.00429262
_08435_, 332.34, 233.92, 0.00429262
_08445_, 332.34, 233.92, 0.00429262
_08486_, 332.34, 233.92, 0.00429262
FILLER_0_81_702, 332.34, 233.92, 0.00429262
FILLER_0_82_720, 332.34, 233.92, 0.00429262
FILLER_0_83_712, 332.34, 233.92, 0.00429262
_08446_, 332.34, 228.48, 0.0041387
_08447_, 332.34, 228.48, 0.0041387
FILLER_0_80_719, 332.34, 228.48, 0.0041387
FILLER_0_81_717, 332.34, 228.48, 0.0041387
_08430_, 332.34, 223.04, 0.00388602
_08481_, 332.34, 223.04, 0.00388602
FILLER_0_79_714, 332.34, 223.04, 0.00388602
_08431_, 332.34, 217.6, 0.00368416
_08448_, 332.34, 217.6, 0.00368416
_08449_, 332.34, 217.6, 0.00368416
FILLER_0_75_697, 332.34, 217.6, 0.00368416
FILLER_0_75_710, 332.34, 217.6, 0.00368416
FILLER_0_76_715, 332.34, 217.6, 0.00368416
FILLER_0_76_723, 332.34, 217.6, 0.00368416
_08451_, 332.34, 212.16, 0.00343353
_08478_, 332.34, 212.16, 0.00343353
rebuffer45, 332.34, 212.16, 0.00343353
FILLER_0_74_719, 332.34, 212.16, 0.00343353
FILLER_0_75_721, 332.34, 212.16, 0.00343353
_08428_, 332.34, 206.72, 0.00323832
_08450_, 332.34, 206.72, 0.00323832
_08475_, 332.34, 206.72, 0.00323832
_09351_, 332.34, 206.72, 0.00323832
_09352_, 332.34, 206.72, 0.00323832
FILLER_0_71_701, 332.34, 206.72, 0.00323832
FILLER_0_72_714, 332.34, 206.72, 0.00323832
FILLER_0_73_711, 332.34, 206.72, 0.00323832
FILLER_0_73_719, 332.34, 206.72, 0.00323832
_08472_, 332.34, 201.28, 0.00295571
_08476_, 332.34, 201.28, 0.00295571
FILLER_0_70_713, 332.34, 201.28, 0.00295571
FILLER_0_71_718, 332.34, 201.28, 0.00295571
_07736_, 332.34, 195.84, 0.00277
_08473_, 332.34, 195.84, 0.00277
_09408_, 332.34, 195.84, 0.00277
rebuffer37, 332.34, 195.84, 0.00277
FILLER_0_68_701, 332.34, 195.84, 0.00277
_08471_, 332.34, 190.4, 0.00233251
_09403_, 332.34, 190.4, 0.00233251
_08988_, 332.34, 184.96, 0.00194281
FILLER_0_65_723, 332.34, 184.96, 0.00194281
_08801_, 332.34, 179.52, 0.00228358
_08977_, 332.34, 179.52, 0.00228358
_08981_, 332.34, 179.52, 0.00228358
_09431_, 332.34, 179.52, 0.00228358
FILLER_0_61_700, 332.34, 179.52, 0.00228358
FILLER_0_63_711, 332.34, 179.52, 0.00228358
_09052_, 332.34, 174.08, 0.00245336
FILLER_0_59_703, 332.34, 174.08, 0.00245336
_08974_, 332.34, 168.64, 0.00270802
_08989_, 332.34, 168.64, 0.00270802
_08990_, 332.34, 168.64, 0.00270802
_09043_, 332.34, 168.64, 0.00270802
_09051_, 332.34, 168.64, 0.00270802
FILLER_0_57_697, 332.34, 168.64, 0.00270802
FILLER_0_58_701, 332.34, 168.64, 0.00270802
FILLER_0_58_723, 332.34, 168.64, 0.00270802
FILLER_0_59_718, 332.34, 168.64, 0.00270802
_08991_, 332.34, 163.2, 0.00308476
_08787_, 332.34, 157.76, 0.00321393
_08970_, 332.34, 157.76, 0.00321393
_08971_, 332.34, 157.76, 0.00321393
_08992_, 332.34, 157.76, 0.00321393
_08994_, 332.34, 157.76, 0.00321393
_09036_, 332.34, 157.76, 0.00321393
FILLER_0_54_713, 332.34, 157.76, 0.00321393
_08805_, 332.34, 152.32, 0.00343194
_09033_, 332.34, 152.32, 0.00343194
_09034_, 332.34, 152.32, 0.00343194
FILLER_0_53_714, 332.34, 152.32, 0.00343194
_09056_, 332.34, 146.88, 0.00368482
FILLER_0_49_702, 332.34, 146.88, 0.00368482
FILLER_0_51_720, 332.34, 146.88, 0.00368482
_09057_, 332.34, 141.44, 0.00397776
_09058_, 332.34, 141.44, 0.00397776
_09062_, 332.34, 141.44, 0.00397776
_09063_, 332.34, 141.44, 0.00397776
_09064_, 332.34, 141.44, 0.00397776
_09068_, 332.34, 141.44, 0.00397776
_09170_, 332.34, 141.44, 0.00397776
FILLER_0_49_723, 332.34, 141.44, 0.00397776
_09047_, 332.34, 136, 0.00413111
_09048_, 332.34, 136, 0.00413111
_09059_, 332.34, 136, 0.00413111
FILLER_0_45_697, 332.34, 136, 0.00413111
FILLER_0_47_721, 332.34, 136, 0.00413111
_09040_, 332.34, 130.56, 0.00434788
_09041_, 332.34, 130.56, 0.00434788
_09049_, 332.34, 130.56, 0.00434788
_09067_, 332.34, 130.56, 0.00434788
_09069_, 332.34, 130.56, 0.00434788
_09070_, 332.34, 130.56, 0.00434788
_09154_, 332.34, 130.56, 0.00434788
FILLER_0_43_697, 332.34, 130.56, 0.00434788
FILLER_0_45_713, 332.34, 130.56, 0.00434788
_09042_, 332.34, 125.12, 0.00458561
_09050_, 332.34, 125.12, 0.00458561
_09071_, 332.34, 125.12, 0.00458561
_09158_, 332.34, 125.12, 0.00458561
FILLER_0_42_697, 332.34, 125.12, 0.00458561
FILLER_0_42_701, 332.34, 125.12, 0.00458561
FILLER_0_42_711, 332.34, 125.12, 0.00458561
FILLER_0_42_721, 332.34, 125.12, 0.00458561
_09035_, 332.34, 119.68, 0.00476762
_09072_, 332.34, 119.68, 0.00476762
_09148_, 332.34, 119.68, 0.00476762
FILLER_0_39_704, 332.34, 119.68, 0.00476762
FILLER_0_40_701, 332.34, 119.68, 0.00476762
FILLER_0_40_713, 332.34, 119.68, 0.00476762
_09027_, 332.34, 114.24, 0.00491541
_09073_, 332.34, 114.24, 0.00491541
_09074_, 332.34, 114.24, 0.00491541
_09075_, 332.34, 114.24, 0.00491541
_09076_, 332.34, 114.24, 0.00491541
_09143_, 332.34, 114.24, 0.00491541
FILLER_0_38_697, 332.34, 114.24, 0.00491541
FILLER_0_38_713, 332.34, 114.24, 0.00491541
FILLER_0_39_722, 332.34, 114.24, 0.00491541
_09025_, 332.34, 108.8, 0.00510574
_09030_, 332.34, 108.8, 0.00510574
_09031_, 332.34, 108.8, 0.00510574
_09135_, 332.34, 108.8, 0.00510574
_09144_, 332.34, 108.8, 0.00510574
_09145_, 332.34, 108.8, 0.00510574
FILLER_0_36_705, 332.34, 108.8, 0.00510574
FILLER_0_37_723, 332.34, 108.8, 0.00510574
_09078_, 332.34, 103.36, 0.00524971
_09131_, 332.34, 103.36, 0.00524971
_09136_, 332.34, 103.36, 0.00524971
FILLER_0_34_715, 332.34, 103.36, 0.00524971
FILLER_0_35_721, 332.34, 103.36, 0.00524971
_09130_, 332.34, 97.92, 0.00543656
_09134_, 332.34, 97.92, 0.00543656
FILLER_0_32_719, 332.34, 97.92, 0.00543656
_09232_, 332.34, 92.48, 0.00539615
FILLER_0_29_706, 332.34, 92.48, 0.00539615
FILLER_0_30_720, 332.34, 92.48, 0.00539615
FILLER_0_31_721, 332.34, 92.48, 0.00539615
_09280_, 332.34, 87.04, 0.00548816
_09361_, 332.34, 87.04, 0.00548816
FILLER_0_27_709, 332.34, 87.04, 0.00548816
FILLER_0_28_713, 332.34, 87.04, 0.00548816
_12629_, 332.34, 81.6, 0.00581069
_12633_, 332.34, 81.6, 0.00581069
_12634_, 332.34, 81.6, 0.00581069
ANTENNA_72, 332.34, 81.6, 0.00581069
FILLER_0_26_701, 332.34, 81.6, 0.00581069
FILLER_0_27_719, 332.34, 81.6, 0.00581069
_09353_, 332.34, 76.16, 0.00570869
_09358_, 332.34, 76.16, 0.00570869
_09360_, 332.34, 76.16, 0.00570869
FILLER_0_23_699, 332.34, 76.16, 0.00570869
FILLER_0_24_701, 332.34, 76.16, 0.00570869
FILLER_0_25_711, 332.34, 76.16, 0.00570869
_09359_, 332.34, 70.72, 0.00566522
FILLER_0_23_719, 332.34, 70.72, 0.00566522
_09428_, 332.34, 65.28, 0.00578032
_09432_, 332.34, 65.28, 0.00578032
_09436_, 332.34, 65.28, 0.00578032
_12643_, 332.34, 65.28, 0.00578032
FILLER_0_21_722, 332.34, 65.28, 0.00578032
_09433_, 332.34, 59.84, 0.00595504
_12642_, 332.34, 59.84, 0.00595504
_12644_, 332.34, 59.84, 0.00595504
FILLER_0_17_709, 332.34, 59.84, 0.00595504
FILLER_0_18_701, 332.34, 59.84, 0.00595504
_12640_, 332.34, 54.4, 0.00609959
_12641_, 332.34, 54.4, 0.00609959
FILLER_0_17_721, 332.34, 54.4, 0.00609959
FILLER_0_15_719, 332.34, 48.96, 0.0059375
FILLER_0_13_721, 332.34, 43.52, 0.00571868
FILLER_0_11_721, 332.34, 38.08, 0.00553648
FILLER_0_9_721, 332.34, 32.64, 0.00542423
FILLER_0_7_721, 332.34, 27.2, 0.00539884
FILLER_0_5_721, 332.34, 21.76, 0.00539012
FILLER_0_3_721, 332.34, 16.32, 0.00547085
output86, 332.34, 10.88, 0.00549485
FILLER_0_0_719, 332.34, 10.88, 0.00549485
FILLER_0_1_722, 332.34, 10.88, 0.00549485
_12738_, 178.74, 429.76, 0.00727341
input9, 178.74, 429.76, 0.00727341
FILLER_0_154_377, 178.74, 429.76, 0.00727341
FILLER_0_154_385, 178.74, 429.76, 0.00727341
FILLER_0_152_389, 178.74, 424.32, 0.00727877
FILLER_0_151_385, 178.74, 418.88, 0.00720098
FILLER_0_149_385, 178.74, 413.44, 0.00720632
FILLER_0_147_385, 178.74, 408, 0.00720406
FILLER_0_145_385, 178.74, 402.56, 0.00715283
FILLER_0_143_385, 178.74, 397.12, 0.00715824
FILLER_0_141_385, 178.74, 391.68, 0.00712065
FILLER_0_139_385, 178.74, 386.24, 0.00709432
_07076_, 178.74, 380.8, 0.00707564
_09673_, 178.74, 380.8, 0.00707564
_09866_, 178.74, 380.8, 0.00707564
FILLER_0_136_377, 178.74, 380.8, 0.00707564
FILLER_0_137_385, 178.74, 380.8, 0.00707564
_09867_, 178.74, 375.36, 0.00704643
FILLER_0_134_365, 178.74, 375.36, 0.00704643
FILLER_0_134_373, 178.74, 375.36, 0.00704643
FILLER_0_135_382, 178.74, 375.36, 0.00704643
_07114_, 178.74, 369.92, 0.00703755
_09475_, 178.74, 369.92, 0.00703755
_09476_, 178.74, 369.92, 0.00703755
_09477_, 178.74, 369.92, 0.00703755
FILLER_0_132_365, 178.74, 369.92, 0.00703755
FILLER_0_132_378, 178.74, 369.92, 0.00703755
FILLER_0_133_387, 178.74, 369.92, 0.00703755
_07113_, 178.74, 364.48, 0.00701054
_09478_, 178.74, 364.48, 0.00701054
_09479_, 178.74, 364.48, 0.00701054
_09682_, 178.74, 364.48, 0.00701054
_09684_, 178.74, 364.48, 0.00701054
FILLER_0_130_365, 178.74, 364.48, 0.00701054
_09681_, 178.74, 359.04, 0.00701882
_09683_, 178.74, 359.04, 0.00701882
_09685_, 178.74, 359.04, 0.00701882
_09871_, 178.74, 359.04, 0.00701882
FILLER_0_127_369, 178.74, 359.04, 0.00701882
FILLER_0_129_386, 178.74, 359.04, 0.00701882
FILLER_0_126_389, 178.74, 353.6, 0.00696175
_07094_, 178.74, 348.16, 0.00691451
_09466_, 178.74, 348.16, 0.00691451
_09467_, 178.74, 348.16, 0.00691451
_09468_, 178.74, 348.16, 0.00691451
_09469_, 178.74, 348.16, 0.00691451
_09470_, 178.74, 348.16, 0.00691451
_09675_, 178.74, 348.16, 0.00691451
FILLER_0_124_382, 178.74, 348.16, 0.00691451
FILLER_0_125_387, 178.74, 348.16, 0.00691451
_07089_, 178.74, 342.72, 0.00686726
_07101_, 178.74, 342.72, 0.00686726
_08812_, 178.74, 342.72, 0.00686726
FILLER_0_122_365, 178.74, 342.72, 0.00686726
FILLER_0_123_386, 178.74, 342.72, 0.00686726
_08813_, 178.74, 337.28, 0.00686981
_09869_, 178.74, 337.28, 0.00686981
FILLER_0_120_389, 178.74, 337.28, 0.00686981
_09872_, 178.74, 331.84, 0.00681339
_10073_, 178.74, 331.84, 0.00681339
_10074_, 178.74, 331.84, 0.00681339
_10075_, 178.74, 331.84, 0.00681339
FILLER_0_118_365, 178.74, 331.84, 0.00681339
FILLER_0_119_384, 178.74, 331.84, 0.00681339
_09464_, 178.74, 326.4, 0.00677855
_09658_, 178.74, 326.4, 0.00677855
_09873_, 178.74, 326.4, 0.00677855
FILLER_0_115_374, 178.74, 326.4, 0.00677855
FILLER_0_116_377, 178.74, 326.4, 0.00677855
_07082_, 178.74, 320.96, 0.00669029
FILLER_0_113_376, 178.74, 320.96, 0.00669029
FILLER_0_114_389, 178.74, 320.96, 0.00669029
_09769_, 178.74, 315.52, 0.00664495
_09771_, 178.74, 315.52, 0.00664495
_09776_, 178.74, 315.52, 0.00664495
_09990_, 178.74, 315.52, 0.00664495
_11327_, 178.74, 315.52, 0.00664495
fanout154, 178.74, 315.52, 0.00664495
FILLER_0_112_372, 178.74, 315.52, 0.00664495
FILLER_0_113_386, 178.74, 315.52, 0.00664495
_09772_, 178.74, 310.08, 0.00656986
_09991_, 178.74, 310.08, 0.00656986
_11324_, 178.74, 310.08, 0.00656986
_11325_, 178.74, 310.08, 0.00656986
_11326_, 178.74, 310.08, 0.00656986
FILLER_0_110_382, 178.74, 310.08, 0.00656986
FILLER_0_111_380, 178.74, 310.08, 0.00656986
FILLER_0_111_389, 178.74, 310.08, 0.00656986
_08046_, 178.74, 304.64, 0.00652046
_11175_, 178.74, 304.64, 0.00652046
_11177_, 178.74, 304.64, 0.00652046
FILLER_0_109_388, 178.74, 304.64, 0.00652046
_09636_, 178.74, 299.2, 0.00647413
_09637_, 178.74, 299.2, 0.00647413
_09654_, 178.74, 299.2, 0.00647413
_09783_, 178.74, 299.2, 0.00647413
_11174_, 178.74, 299.2, 0.00647413
FILLER_0_106_377, 178.74, 299.2, 0.00647413
FILLER_0_107_386, 178.74, 299.2, 0.00647413
_09993_, 178.74, 293.76, 0.00645847
FILLER_0_104_377, 178.74, 293.76, 0.00645847
FILLER_0_105_385, 178.74, 293.76, 0.00645847
_09994_, 178.74, 288.32, 0.00637423
_09996_, 178.74, 288.32, 0.00637423
_10559_, 178.74, 288.32, 0.00637423
_10727_, 178.74, 288.32, 0.00637423
_10728_, 178.74, 288.32, 0.00637423
FILLER_0_101_376, 178.74, 288.32, 0.00637423
FILLER_0_102_375, 178.74, 288.32, 0.00637423
FILLER_0_103_379, 178.74, 288.32, 0.00637423
FILLER_0_103_389, 178.74, 288.32, 0.00637423
_08134_, 178.74, 282.88, 0.00634365
_10173_, 178.74, 282.88, 0.00634365
_10175_, 178.74, 282.88, 0.00634365
FILLER_0_100_365, 178.74, 282.88, 0.00634365
FILLER_0_100_381, 178.74, 282.88, 0.00634365
_10235_, 178.74, 277.44, 0.00621822
_10236_, 178.74, 277.44, 0.00621822
FILLER_0_98_377, 178.74, 277.44, 0.00621822
FILLER_0_98_387, 178.74, 277.44, 0.00621822
_10041_, 178.74, 272, 0.00622149
_10043_, 178.74, 272, 0.00622149
_10044_, 178.74, 272, 0.00622149
_10045_, 178.74, 272, 0.00622149
_10237_, 178.74, 272, 0.00622149
_10395_, 178.74, 272, 0.00622149
FILLER_0_96_368, 178.74, 272, 0.00622149
FILLER_0_96_380, 178.74, 272, 0.00622149
_09826_, 178.74, 266.56, 0.00605076
_10042_, 178.74, 266.56, 0.00605076
FILLER_0_93_373, 178.74, 266.56, 0.00605076
FILLER_0_95_388, 178.74, 266.56, 0.00605076
_09839_, 178.74, 261.12, 0.00594344
_09841_, 178.74, 261.12, 0.00594344
_09842_, 178.74, 261.12, 0.00594344
FILLER_0_92_365, 178.74, 261.12, 0.00594344
FILLER_0_92_373, 178.74, 261.12, 0.00594344
FILLER_0_93_388, 178.74, 261.12, 0.00594344
_09657_, 178.74, 255.68, 0.00586022
_09824_, 178.74, 255.68, 0.00586022
_09827_, 178.74, 255.68, 0.00586022
_09828_, 178.74, 255.68, 0.00586022
_09844_, 178.74, 255.68, 0.00586022
_09845_, 178.74, 255.68, 0.00586022
FILLER_0_89_373, 178.74, 255.68, 0.00586022
FILLER_0_90_372, 178.74, 255.68, 0.00586022
FILLER_0_91_377, 178.74, 255.68, 0.00586022
FILLER_0_91_389, 178.74, 255.68, 0.00586022
_07030_, 178.74, 250.24, 0.0057376
_09660_, 178.74, 250.24, 0.0057376
_09661_, 178.74, 250.24, 0.0057376
_09825_, 178.74, 250.24, 0.0057376
_09829_, 178.74, 250.24, 0.0057376
_09843_, 178.74, 250.24, 0.0057376
FILLER_0_88_378, 178.74, 250.24, 0.0057376
FILLER_0_85_376, 178.74, 244.8, 0.00562105
FILLER_0_86_389, 178.74, 244.8, 0.00562105
_07044_, 178.74, 239.36, 0.00553468
_10176_, 178.74, 239.36, 0.00553468
_10187_, 178.74, 239.36, 0.00553468
_10188_, 178.74, 239.36, 0.00553468
_10189_, 178.74, 239.36, 0.00553468
_10518_, 178.74, 239.36, 0.00553468
FILLER_0_84_377, 178.74, 239.36, 0.00553468
FILLER_0_84_385, 178.74, 239.36, 0.00553468
_10190_, 178.74, 233.92, 0.00541562
_10191_, 178.74, 233.92, 0.00541562
_10362_, 178.74, 233.92, 0.00541562
_10365_, 178.74, 233.92, 0.00541562
FILLER_0_82_374, 178.74, 233.92, 0.00541562
_10366_, 178.74, 228.48, 0.00533091
_10519_, 178.74, 228.48, 0.00533091
FILLER_0_80_377, 178.74, 228.48, 0.00533091
_10193_, 178.74, 223.04, 0.00526959
_10354_, 178.74, 223.04, 0.00526959
_10355_, 178.74, 223.04, 0.00526959
_10356_, 178.74, 223.04, 0.00526959
_10517_, 178.74, 223.04, 0.00526959
FILLER_0_79_380, 178.74, 223.04, 0.00526959
_09982_, 178.74, 217.6, 0.00506818
FILLER_0_75_373, 178.74, 217.6, 0.00506818
FILLER_0_77_385, 178.74, 217.6, 0.00506818
_09981_, 178.74, 212.16, 0.00497756
_10169_, 178.74, 212.16, 0.00497756
_10171_, 178.74, 212.16, 0.00497756
_10172_, 178.74, 212.16, 0.00497756
_10339_, 178.74, 212.16, 0.00497756
_10368_, 178.74, 212.16, 0.00497756
_10369_, 178.74, 212.16, 0.00497756
FILLER_0_74_372, 178.74, 212.16, 0.00497756
_10337_, 178.74, 206.72, 0.00492644
_10370_, 178.74, 206.72, 0.00492644
_10371_, 178.74, 206.72, 0.00492644
_10525_, 178.74, 206.72, 0.00492644
FILLER_0_71_371, 178.74, 206.72, 0.00492644
FILLER_0_73_386, 178.74, 206.72, 0.00492644
_09966_, 178.74, 201.28, 0.0047153
FILLER_0_70_389, 178.74, 201.28, 0.0047153
FILLER_0_71_382, 178.74, 201.28, 0.0047153
_09967_, 178.74, 195.84, 0.00457549
_09968_, 178.74, 195.84, 0.00457549
_09969_, 178.74, 195.84, 0.00457549
FILLER_0_68_365, 178.74, 195.84, 0.00457549
FILLER_0_69_389, 178.74, 195.84, 0.00457549
_09970_, 178.74, 190.4, 0.00444046
_09971_, 178.74, 190.4, 0.00444046
_09972_, 178.74, 190.4, 0.00444046
_09974_, 178.74, 190.4, 0.00444046
_09975_, 178.74, 190.4, 0.00444046
_10159_, 178.74, 190.4, 0.00444046
_10161_, 178.74, 190.4, 0.00444046
_10162_, 178.74, 190.4, 0.00444046
FILLER_0_65_364, 178.74, 190.4, 0.00444046
FILLER_0_66_365, 178.74, 190.4, 0.00444046
FILLER_0_66_375, 178.74, 190.4, 0.00444046
_10158_, 178.74, 184.96, 0.00429657
_10160_, 178.74, 184.96, 0.00429657
_10163_, 178.74, 184.96, 0.00429657
_10164_, 178.74, 184.96, 0.00429657
FILLER_0_63_364, 178.74, 184.96, 0.00429657
FILLER_0_64_387, 178.74, 184.96, 0.00429657
FILLER_0_65_386, 178.74, 184.96, 0.00429657
_08129_, 178.74, 179.52, 0.00436738
_10156_, 178.74, 179.52, 0.00436738
_10157_, 178.74, 179.52, 0.00436738
FILLER_0_61_369, 178.74, 179.52, 0.00436738
FILLER_0_62_389, 178.74, 179.52, 0.00436738
_10325_, 178.74, 174.08, 0.00440686
_10327_, 178.74, 174.08, 0.00440686
_10328_, 178.74, 174.08, 0.00440686
_10479_, 178.74, 174.08, 0.00440686
_10516_, 178.74, 174.08, 0.00440686
FILLER_0_59_368, 178.74, 174.08, 0.00440686
_10145_, 178.74, 168.64, 0.00446973
_10326_, 178.74, 168.64, 0.00446973
_10330_, 178.74, 168.64, 0.00446973
_10476_, 178.74, 168.64, 0.00446973
_10477_, 178.74, 168.64, 0.00446973
FILLER_0_57_372, 178.74, 168.64, 0.00446973
FILLER_0_58_365, 178.74, 168.64, 0.00446973
_10329_, 178.74, 163.2, 0.00457322
_10331_, 178.74, 163.2, 0.00457322
_10332_, 178.74, 163.2, 0.00457322
FILLER_0_55_376, 178.74, 163.2, 0.00457322
FILLER_0_56_365, 178.74, 163.2, 0.00457322
FILLER_0_56_373, 178.74, 163.2, 0.00457322
FILLER_0_57_387, 178.74, 163.2, 0.00457322
_10146_, 178.74, 157.76, 0.00460971
_10314_, 178.74, 157.76, 0.00460971
_10316_, 178.74, 157.76, 0.00460971
FILLER_0_55_387, 178.74, 157.76, 0.00460971
_10315_, 178.74, 152.32, 0.00470634
_10317_, 178.74, 152.32, 0.00470634
_10318_, 178.74, 152.32, 0.00470634
_10821_, 178.74, 152.32, 0.00470634
_10823_, 178.74, 152.32, 0.00470634
FILLER_0_52_378, 178.74, 152.32, 0.00470634
FILLER_0_53_385, 178.74, 152.32, 0.00470634
_10150_, 178.74, 146.88, 0.00484075
_10309_, 178.74, 146.88, 0.00484075
_10320_, 178.74, 146.88, 0.00484075
_10333_, 178.74, 146.88, 0.00484075
_10334_, 178.74, 146.88, 0.00484075
FILLER_0_49_367, 178.74, 146.88, 0.00484075
FILLER_0_50_372, 178.74, 146.88, 0.00484075
FILLER_0_50_380, 178.74, 146.88, 0.00484075
FILLER_0_51_389, 178.74, 146.88, 0.00484075
_10335_, 178.74, 141.44, 0.00494381
_10336_, 178.74, 141.44, 0.00494381
_10475_, 178.74, 141.44, 0.00494381
FILLER_0_48_365, 178.74, 141.44, 0.00494381
_10636_, 178.74, 136, 0.00495615
FILLER_0_45_365, 178.74, 136, 0.00495615
FILLER_0_46_389, 178.74, 136, 0.00495615
FILLER_0_47_386, 178.74, 136, 0.00495615
_10637_, 178.74, 130.56, 0.0049703
_10639_, 178.74, 130.56, 0.0049703
FILLER_0_43_372, 178.74, 130.56, 0.0049703
FILLER_0_45_388, 178.74, 130.56, 0.0049703
_10249_, 178.74, 125.12, 0.00502483
_10251_, 178.74, 125.12, 0.00502483
_10425_, 178.74, 125.12, 0.00502483
_10429_, 178.74, 125.12, 0.00502483
_10640_, 178.74, 125.12, 0.00502483
_10764_, 178.74, 125.12, 0.00502483
_10250_, 178.74, 119.68, 0.00516068
_10428_, 178.74, 119.68, 0.00516068
_10641_, 178.74, 119.68, 0.00516068
_10642_, 178.74, 119.68, 0.00516068
_10643_, 178.74, 119.68, 0.00516068
_10645_, 178.74, 119.68, 0.00516068
_10646_, 178.74, 119.68, 0.00516068
FILLER_0_39_376, 178.74, 119.68, 0.00516068
FILLER_0_40_374, 178.74, 119.68, 0.00516068
FILLER_0_41_385, 178.74, 119.68, 0.00516068
_10427_, 178.74, 114.24, 0.00515513
_10430_, 178.74, 114.24, 0.00515513
_10431_, 178.74, 114.24, 0.00515513
_10648_, 178.74, 114.24, 0.00515513
FILLER_0_38_372, 178.74, 114.24, 0.00515513
FILLER_0_38_389, 178.74, 114.24, 0.00515513
_10436_, 178.74, 108.8, 0.00520942
_10656_, 178.74, 108.8, 0.00520942
FILLER_0_37_377, 178.74, 108.8, 0.00520942
FILLER_0_37_387, 178.74, 108.8, 0.00520942
_10434_, 178.74, 103.36, 0.00529041
_10435_, 178.74, 103.36, 0.00529041
_10437_, 178.74, 103.36, 0.00529041
_10655_, 178.74, 103.36, 0.00529041
_10657_, 178.74, 103.36, 0.00529041
_10658_, 178.74, 103.36, 0.00529041
_10659_, 178.74, 103.36, 0.00529041
_10779_, 178.74, 103.36, 0.00529041
FILLER_0_34_375, 178.74, 103.36, 0.00529041
FILLER_0_35_382, 178.74, 103.36, 0.00529041
FILLER_0_35_389, 178.74, 103.36, 0.00529041
_10433_, 178.74, 97.92, 0.00534404
_10660_, 178.74, 97.92, 0.00534404
_10661_, 178.74, 97.92, 0.00534404
_10662_, 178.74, 97.92, 0.00534404
_10780_, 178.74, 97.92, 0.00534404
wire5, 178.74, 97.92, 0.00534404
FILLER_0_33_380, 178.74, 97.92, 0.00534404
_10439_, 178.74, 92.48, 0.0054016
FILLER_0_29_364, 178.74, 92.48, 0.0054016
FILLER_0_29_372, 178.74, 92.48, 0.0054016
FILLER_0_30_389, 178.74, 92.48, 0.0054016
FILLER_0_31_386, 178.74, 92.48, 0.0054016
_10440_, 178.74, 87.04, 0.00547488
_10665_, 178.74, 87.04, 0.00547488
_10666_, 178.74, 87.04, 0.00547488
_10785_, 178.74, 87.04, 0.00547488
FILLER_0_27_376, 178.74, 87.04, 0.00547488
FILLER_0_28_370, 178.74, 87.04, 0.00547488
FILLER_0_29_382, 178.74, 87.04, 0.00547488
_10441_, 178.74, 81.6, 0.00563236
_10668_, 178.74, 81.6, 0.00563236
_10758_, 178.74, 81.6, 0.00563236
FILLER_0_27_387, 178.74, 81.6, 0.00563236
_10670_, 178.74, 76.16, 0.00564727
_10671_, 178.74, 76.16, 0.00564727
_10672_, 178.74, 76.16, 0.00564727
_10673_, 178.74, 76.16, 0.00564727
FILLER_0_23_368, 178.74, 76.16, 0.00564727
FILLER_0_24_365, 178.74, 76.16, 0.00564727
FILLER_0_24_380, 178.74, 76.16, 0.00564727
FILLER_0_25_387, 178.74, 76.16, 0.00564727
_10686_, 178.74, 70.72, 0.00585685
_10687_, 178.74, 70.72, 0.00585685
_10688_, 178.74, 70.72, 0.00585685
_10689_, 178.74, 70.72, 0.00585685
_10755_, 178.74, 70.72, 0.00585685
FILLER_0_23_386, 178.74, 70.72, 0.00585685
_10469_, 178.74, 65.28, 0.00622853
_10473_, 178.74, 65.28, 0.00622853
_10474_, 178.74, 65.28, 0.00622853
FILLER_0_21_382, 178.74, 65.28, 0.00622853
_10052_, 178.74, 59.84, 0.00693718
_10534_, 178.74, 59.84, 0.00693718
_10537_, 178.74, 59.84, 0.00693718
ANTENNA_5, 178.74, 59.84, 0.00693718
FILLER_0_18_377, 178.74, 59.84, 0.00693718
FILLER_0_18_390, 178.74, 59.84, 0.00693718
FILLER_0_19_379, 178.74, 59.84, 0.00693718
_10382_, 178.74, 54.4, 0.00715129
_10383_, 178.74, 54.4, 0.00715129
_10540_, 178.74, 54.4, 0.00715129
_10543_, 178.74, 54.4, 0.00715129
FILLER_0_16_387, 178.74, 54.4, 0.00715129
FILLER_0_17_383, 178.74, 54.4, 0.00715129
_10214_, 178.74, 48.96, 0.00676967
_10244_, 178.74, 48.96, 0.00676967
_10384_, 178.74, 48.96, 0.00676967
_10387_, 178.74, 48.96, 0.00676967
_10541_, 178.74, 48.96, 0.00676967
FILLER_0_13_365, 178.74, 48.96, 0.00676967
_10215_, 178.74, 43.52, 0.00615779
_10219_, 178.74, 43.52, 0.00615779
_10385_, 178.74, 43.52, 0.00615779
FILLER_0_12_390, 178.74, 43.52, 0.00615779
_10386_, 178.74, 38.08, 0.00560443
FILLER_0_10_384, 178.74, 38.08, 0.00560443
FILLER_0_11_386, 178.74, 38.08, 0.00560443
FILLER_0_9_385, 178.74, 32.64, 0.00480731
FILLER_0_7_385, 178.74, 27.2, 0.00470955
FILLER_0_5_385, 178.74, 21.76, 0.00468994
_12743_, 178.74, 16.32, 0.00472928
FILLER_0_3_385, 178.74, 16.32, 0.00472928
input5, 178.74, 10.88, 0.00475212
FILLER_0_0_377, 178.74, 10.88, 0.00475212
FILLER_0_0_385, 178.74, 10.88, 0.00475212
input63, 25.14, 429.76, 0.00713177
FILLER_0_154_41, 25.14, 429.76, 0.00713177
FILLER_0_154_49, 25.14, 429.76, 0.00713177
FILLER_0_153_51, 25.14, 424.32, 0.00714384
ANTENNA_194, 25.14, 418.88, 0.00709735
ANTENNA_195, 25.14, 418.88, 0.00709735
FILLER_0_151_53, 25.14, 418.88, 0.00709735
FILLER_0_149_50, 25.14, 413.44, 0.0071166
ANTENNA_68, 25.14, 408, 0.00709382
ANTENNA_69, 25.14, 408, 0.00709382
FILLER_0_147_51, 25.14, 408, 0.00709382
ANTENNA_89, 25.14, 402.56, 0.00708414
ANTENNA_90, 25.14, 402.56, 0.00708414
ANTENNA_91, 25.14, 402.56, 0.00708414
FILLER_0_145_51, 25.14, 402.56, 0.00708414
ANTENNA_92, 25.14, 397.12, 0.00708958
ANTENNA_93, 25.14, 397.12, 0.00708958
ANTENNA_94, 25.14, 397.12, 0.00708958
ANTENNA_95, 25.14, 397.12, 0.00708958
FILLER_0_142_41, 25.14, 397.12, 0.00708958
FILLER_0_141_51, 25.14, 391.68, 0.0070534
FILLER_0_139_45, 25.14, 386.24, 0.00705079
FILLER_0_139_53, 25.14, 386.24, 0.00705079
FILLER_0_137_51, 25.14, 380.8, 0.00704069
FILLER_0_135_51, 25.14, 375.36, 0.00701591
FILLER_0_133_51, 25.14, 369.92, 0.00700146
FILLER_0_131_51, 25.14, 364.48, 0.00698718
FILLER_0_129_45, 25.14, 359.04, 0.00698476
FILLER_0_129_53, 25.14, 359.04, 0.00698476
_12698_, 25.14, 353.6, 0.00697069
FILLER_0_127_51, 25.14, 353.6, 0.00697069
FILLER_0_125_51, 25.14, 348.16, 0.00694946
FILLER_0_121_51, 25.14, 337.28, 0.00691463
FILLER_0_119_50, 25.14, 331.84, 0.00692971
FILLER_0_117_51, 25.14, 326.4, 0.00689762
ANTENNA_13, 25.14, 320.96, 0.00688669
ANTENNA_14, 25.14, 320.96, 0.00688669
ANTENNA_15, 25.14, 320.96, 0.00688669
ANTENNA_16, 25.14, 320.96, 0.00688669
ANTENNA_17, 25.14, 320.96, 0.00688669
ANTENNA_18, 25.14, 320.96, 0.00688669
FILLER_0_115_51, 25.14, 320.96, 0.00688669
clkbuf_4_5_0_clk, 25.14, 315.52, 0.00690071
FILLER_0_113_45, 25.14, 315.52, 0.00690071
FILLER_0_113_53, 25.14, 315.52, 0.00690071
FILLER_0_111_51, 25.14, 310.08, 0.00684757
FILLER_0_107_51, 25.14, 299.2, 0.00683798
clkbuf_4_4_0_clk, 25.14, 293.76, 0.00699777
FILLER_0_104_41, 25.14, 293.76, 0.00699777
FILLER_0_105_51, 25.14, 293.76, 0.00699777
FILLER_0_103_51, 25.14, 288.32, 0.00686556
FILLER_0_101_51, 25.14, 282.88, 0.00694009
ANTENNA_82, 25.14, 277.44, 0.00681022
ANTENNA_83, 25.14, 277.44, 0.00681022
ANTENNA_84, 25.14, 277.44, 0.00681022
ANTENNA_85, 25.14, 277.44, 0.00681022
FILLER_0_99_47, 25.14, 277.44, 0.00681022
FILLER_0_97_51, 25.14, 272, 0.00703662
_12703_, 25.14, 266.56, 0.00667376
FILLER_0_95_51, 25.14, 266.56, 0.00667376
ANTENNA_160, 25.14, 261.12, 0.00653977
ANTENNA_161, 25.14, 261.12, 0.00653977
ANTENNA_165, 25.14, 261.12, 0.00653977
FILLER_0_92_53, 25.14, 261.12, 0.00653977
FILLER_0_93_45, 25.14, 261.12, 0.00653977
FILLER_0_93_53, 25.14, 261.12, 0.00653977
_12038_, 25.14, 255.68, 0.00650322
FILLER_0_90_41, 25.14, 255.68, 0.00650322
FILLER_0_91_49, 25.14, 255.68, 0.00650322
_12268_, 25.14, 250.24, 0.00638493
_12382_, 25.14, 250.24, 0.00638493
_12384_, 25.14, 250.24, 0.00638493
FILLER_0_87_38, 25.14, 250.24, 0.00638493
FILLER_0_89_51, 25.14, 250.24, 0.00638493
_12139_, 25.14, 244.8, 0.00631747
_12208_, 25.14, 244.8, 0.00631747
_12323_, 25.14, 244.8, 0.00631747
_12324_, 25.14, 244.8, 0.00631747
_12325_, 25.14, 244.8, 0.00631747
_12381_, 25.14, 244.8, 0.00631747
FILLER_0_85_41, 25.14, 244.8, 0.00631747
FILLER_0_87_53, 25.14, 244.8, 0.00631747
_12209_, 25.14, 239.36, 0.00625039
FILLER_0_84_56, 25.14, 239.36, 0.00625039
FILLER_0_85_53, 25.14, 239.36, 0.00625039
_12702_, 25.14, 233.92, 0.00612754
fanout151, 25.14, 233.92, 0.00612754
FILLER_0_83_51, 25.14, 233.92, 0.00612754
FILLER_0_79_39, 25.14, 228.48, 0.00599359
_12267_, 25.14, 223.04, 0.00591812
_12322_, 25.14, 223.04, 0.00591812
_12321_, 25.14, 217.6, 0.00576034
FILLER_0_75_39, 25.14, 217.6, 0.00576034
FILLER_0_76_53, 25.14, 217.6, 0.00576034
_12319_, 25.14, 212.16, 0.00566776
_12320_, 25.14, 212.16, 0.00566776
_12378_, 25.14, 212.16, 0.00566776
_12379_, 25.14, 212.16, 0.00566776
_12380_, 25.14, 212.16, 0.00566776
FILLER_0_73_33, 25.14, 212.16, 0.00566776
FILLER_0_74_32, 25.14, 212.16, 0.00566776
_12377_, 25.14, 206.72, 0.00553272
_12385_, 25.14, 206.72, 0.00553272
_12426_, 25.14, 206.72, 0.00553272
_12427_, 25.14, 206.72, 0.00553272
FILLER_0_72_41, 25.14, 206.72, 0.00553272
FILLER_0_73_49, 25.14, 206.72, 0.00553272
_12376_, 25.14, 201.28, 0.00541187
_12424_, 25.14, 201.28, 0.00541187
_12425_, 25.14, 201.28, 0.00541187
_12428_, 25.14, 201.28, 0.00541187
_12469_, 25.14, 201.28, 0.00541187
_12470_, 25.14, 201.28, 0.00541187
FILLER_0_70_41, 25.14, 201.28, 0.00541187
FILLER_0_70_54, 25.14, 201.28, 0.00541187
FILLER_0_71_53, 25.14, 201.28, 0.00541187
_12423_, 25.14, 195.84, 0.00529623
_12471_, 25.14, 195.84, 0.00529623
_12547_, 25.14, 195.84, 0.00529623
FILLER_0_67_36, 25.14, 195.84, 0.00529623
FILLER_0_69_44, 25.14, 195.84, 0.00529623
FILLER_0_69_52, 25.14, 195.84, 0.00529623
_12429_, 25.14, 190.4, 0.00520302
_12430_, 25.14, 190.4, 0.00520302
_12505_, 25.14, 190.4, 0.00520302
_12506_, 25.14, 190.4, 0.00520302
_12544_, 25.14, 190.4, 0.00520302
_12546_, 25.14, 190.4, 0.00520302
_12549_, 25.14, 190.4, 0.00520302
FILLER_0_65_40, 25.14, 190.4, 0.00520302
_12431_, 25.14, 184.96, 0.00505559
_12473_, 25.14, 184.96, 0.00505559
_12504_, 25.14, 184.96, 0.00505559
_12507_, 25.14, 184.96, 0.00505559
_12548_, 25.14, 184.96, 0.00505559
FILLER_0_63_41, 25.14, 184.96, 0.00505559
FILLER_0_64_45, 25.14, 184.96, 0.00505559
FILLER_0_65_53, 25.14, 184.96, 0.00505559
_12472_, 25.14, 179.52, 0.00499754
FILLER_0_62_53, 25.14, 179.52, 0.00499754
_12574_, 25.14, 174.08, 0.0049041
_12575_, 25.14, 174.08, 0.0049041
_12592_, 25.14, 174.08, 0.0049041
_12593_, 25.14, 174.08, 0.0049041
_12594_, 25.14, 174.08, 0.0049041
FILLER_0_61_48, 25.14, 174.08, 0.0049041
_12551_, 25.14, 168.64, 0.00484705
_12552_, 25.14, 168.64, 0.00484705
_12577_, 25.14, 168.64, 0.00484705
_12590_, 25.14, 168.64, 0.00484705
FILLER_0_58_37, 25.14, 168.64, 0.00484705
FILLER_0_58_47, 25.14, 168.64, 0.00484705
FILLER_0_59_51, 25.14, 168.64, 0.00484705
_12559_, 25.14, 163.2, 0.004817
_12560_, 25.14, 163.2, 0.004817
_12578_, 25.14, 163.2, 0.004817
FILLER_0_57_52, 25.14, 163.2, 0.004817
_12522_, 25.14, 157.76, 0.00474323
_12525_, 25.14, 157.76, 0.00474323
_12554_, 25.14, 157.76, 0.00474323
_12555_, 25.14, 157.76, 0.00474323
_12556_, 25.14, 157.76, 0.00474323
_12557_, 25.14, 157.76, 0.00474323
_12558_, 25.14, 157.76, 0.00474323
FILLER_0_53_39, 25.14, 157.76, 0.00474323
FILLER_0_55_43, 25.14, 157.76, 0.00474323
_12526_, 25.14, 152.32, 0.00471036
_12528_, 25.14, 152.32, 0.00471036
_12529_, 25.14, 152.32, 0.00471036
_12531_, 25.14, 152.32, 0.00471036
_12532_, 25.14, 152.32, 0.00471036
FILLER_0_53_47, 25.14, 152.32, 0.00471036
_12520_, 25.14, 146.88, 0.00464436
_12527_, 25.14, 146.88, 0.00464436
_12530_, 25.14, 146.88, 0.00464436
_12534_, 25.14, 146.88, 0.00464436
_12535_, 25.14, 146.88, 0.00464436
_12494_, 25.14, 141.44, 0.0046155
_12497_, 25.14, 141.44, 0.0046155
clkbuf_4_1_0_clk, 25.14, 141.44, 0.0046155
FILLER_0_48_48, 25.14, 141.44, 0.0046155
_12492_, 25.14, 136, 0.00452626
_12495_, 25.14, 136, 0.00452626
_12496_, 25.14, 136, 0.00452626
_12533_, 25.14, 136, 0.00452626
FILLER_0_46_37, 25.14, 136, 0.00452626
_12419_, 25.14, 130.56, 0.0044853
_12420_, 25.14, 130.56, 0.0044853
_12421_, 25.14, 130.56, 0.0044853
_12460_, 25.14, 130.56, 0.0044853
_12466_, 25.14, 130.56, 0.0044853
_12467_, 25.14, 130.56, 0.0044853
_12468_, 25.14, 130.56, 0.0044853
FILLER_0_43_38, 25.14, 130.56, 0.0044853
FILLER_0_45_43, 25.14, 130.56, 0.0044853
FILLER_0_45_51, 25.14, 130.56, 0.0044853
_12461_, 25.14, 125.12, 0.0043889
_12462_, 25.14, 125.12, 0.0043889
_12463_, 25.14, 125.12, 0.0043889
_12465_, 25.14, 125.12, 0.0043889
_12458_, 25.14, 119.68, 0.00437272
_12459_, 25.14, 119.68, 0.00437272
_12464_, 25.14, 119.68, 0.00437272
FILLER_0_40_41, 25.14, 119.68, 0.00437272
FILLER_0_40_53, 25.14, 119.68, 0.00437272
FILLER_0_41_49, 25.14, 119.68, 0.00437272
_12457_, 25.14, 114.24, 0.0042382
FILLER_0_38_49, 25.14, 114.24, 0.0042382
FILLER_0_39_53, 25.14, 114.24, 0.0042382
_12452_, 25.14, 108.8, 0.00416353
_12454_, 25.14, 108.8, 0.00416353
_12487_, 25.14, 108.8, 0.00416353
_12514_, 25.14, 108.8, 0.00416353
FILLER_0_37_50, 25.14, 108.8, 0.00416353
_12483_, 25.14, 103.36, 0.00407347
_12485_, 25.14, 103.36, 0.00407347
_12511_, 25.14, 103.36, 0.00407347
_12512_, 25.14, 103.36, 0.00407347
FILLER_0_34_37, 25.14, 103.36, 0.00407347
FILLER_0_35_53, 25.14, 103.36, 0.00407347
_12478_, 25.14, 97.92, 0.00394181
_12509_, 25.14, 97.92, 0.00394181
FILLER_0_31_42, 25.14, 97.92, 0.00394181
FILLER_0_33_51, 25.14, 97.92, 0.00394181
_12437_, 25.14, 92.48, 0.00384207
_12441_, 25.14, 92.48, 0.00384207
FILLER_0_30_53, 25.14, 92.48, 0.00384207
FILLER_0_29_51, 25.14, 87.04, 0.00371531
FILLER_0_25_51, 25.14, 76.16, 0.00351943
FILLER_0_23_50, 25.14, 70.72, 0.00344034
FILLER_0_19_49, 25.14, 59.84, 0.0036747
FILLER_0_17_51, 25.14, 54.4, 0.00300932
FILLER_0_15_51, 25.14, 48.96, 0.0024993
FILLER_0_13_51, 25.14, 43.52, 0.00211315
FILLER_0_11_45, 25.14, 38.08, 0.00178476
FILLER_0_11_53, 25.14, 38.08, 0.00178476
FILLER_0_9_47, 25.14, 32.64, 0.00138277
FILLER_0_7_51, 25.14, 27.2, 0.00129608
FILLER_0_5_51, 25.14, 21.76, 0.00132855
ANTENNA_37, 25.14, 16.32, 0.00138314
ANTENNA_39, 25.14, 16.32, 0.00138314
FILLER_0_3_51, 25.14, 16.32, 0.00138314
output110, 25.14, 10.88, 0.00145231
FILLER_0_0_49, 25.14, 10.88, 0.00145231
PHY_306, 5.52, 429.76, 0.00715457
PHY_308, 5.52, 429.76, 0.00715457
input36, 5.52, 429.76, 0.00715457
output105, 5.52, 429.76, 0.00715457
PHY_307, 428.26, 429.76, 0.00756222
PHY_309, 428.26, 429.76, 0.00756222
input6, 428.26, 429.76, 0.00756222
input57, 428.26, 429.76, 0.00756222
FILLER_0_153_909, 428.26, 429.76, 0.00756222
output125, 15.33, 429.76, 0.00714421
FILLER_0_154_12, 15.33, 429.76, 0.00714421
FILLER_0_154_23, 15.33, 429.76, 0.00714421
input15, 37.94, 429.76, 0.00715812
FILLER_0_154_69, 37.94, 429.76, 0.00715812
FILLER_0_154_77, 37.94, 429.76, 0.00715812
FILLER_0_154_109, 50.74, 429.76, 0.00718339
input44, 63.54, 429.76, 0.00720867
FILLER_0_154_125, 63.54, 429.76, 0.00720867
FILLER_0_154_133, 63.54, 429.76, 0.00720867
output126, 76.34, 429.76, 0.00723196
FILLER_0_154_153, 76.34, 429.76, 0.00723196
FILLER_0_154_163, 76.34, 429.76, 0.00723196
input40, 89.14, 429.76, 0.0072459
FILLER_0_154_181, 89.14, 429.76, 0.0072459
FILLER_0_154_188, 89.14, 429.76, 0.0072459
input23, 101.94, 429.76, 0.00725955
FILLER_0_154_209, 101.94, 429.76, 0.00725955
FILLER_0_154_217, 101.94, 429.76, 0.00725955
input32, 114.74, 429.76, 0.00727204
FILLER_0_154_237, 114.74, 429.76, 0.00727204
FILLER_0_154_244, 114.74, 429.76, 0.00727204
output106, 127.54, 429.76, 0.00728408
FILLER_0_154_265, 127.54, 429.76, 0.00728408
FILLER_0_154_275, 127.54, 429.76, 0.00728408
input55, 140.34, 429.76, 0.00728288
FILLER_0_154_293, 140.34, 429.76, 0.00728288
FILLER_0_154_301, 140.34, 429.76, 0.00728288
FILLER_0_154_333, 153.14, 429.76, 0.00728024
input17, 165.94, 429.76, 0.0072776
output66, 165.94, 429.76, 0.0072776
FILLER_0_154_355, 165.94, 429.76, 0.0072776
FILLER_0_154_417, 191.54, 429.76, 0.00736069
_12677_, 204.34, 429.76, 0.00744796
output67, 204.34, 429.76, 0.00744796
ANTENNA_76, 204.34, 429.76, 0.00744796
ANTENNA_78, 204.34, 429.76, 0.00744796
FILLER_0_154_439, 204.34, 429.76, 0.00744796
input10, 217.14, 429.76, 0.00750785
output85, 217.14, 429.76, 0.00750785
ANTENNA_77, 217.14, 429.76, 0.00750785
ANTENNA_79, 217.14, 429.76, 0.00750785
FILLER_0_153_457, 217.14, 429.76, 0.00750785
FILLER_0_154_467, 217.14, 429.76, 0.00750785
input45, 229.94, 429.76, 0.00755408
FILLER_0_154_489, 229.94, 429.76, 0.00755408
FILLER_0_154_497, 229.94, 429.76, 0.00755408
_12766_, 242.74, 429.76, 0.0076001
FILLER_0_154_529, 242.74, 429.76, 0.0076001
_12770_, 255.54, 429.76, 0.00763773
input60, 255.54, 429.76, 0.00763773
output112, 255.54, 429.76, 0.00763773
FILLER_0_154_551, 255.54, 429.76, 0.00763773
_12760_, 268.34, 429.76, 0.00765324
FILLER_0_154_585, 268.34, 429.76, 0.00765324
input49, 281.14, 429.76, 0.00766044
output107, 281.14, 429.76, 0.00766044
FILLER_0_154_607, 281.14, 429.76, 0.00766044
_06856_, 293.94, 429.76, 0.00765396
_06857_, 293.94, 429.76, 0.00765396
rebuffer12, 293.94, 429.76, 0.00765396
FILLER_0_154_633, 293.94, 429.76, 0.00765396
input47, 306.74, 429.76, 0.00758876
FILLER_0_153_651, 306.74, 429.76, 0.00758876
FILLER_0_154_662, 306.74, 429.76, 0.00758876
output124, 319.54, 429.76, 0.00752321
FILLER_0_154_693, 319.54, 429.76, 0.00752321
output111, 344.33, 429.76, 0.00748821
FILLER_0_154_749, 344.33, 429.76, 0.00748821
_12737_, 356.32, 429.76, 0.00751078
input16, 356.32, 429.76, 0.00751078
FILLER_0_153_753, 356.32, 429.76, 0.00751078
FILLER_0_154_774, 356.32, 429.76, 0.00751078
input39, 368.31, 429.76, 0.00752614
FILLER_0_153_778, 368.31, 429.76, 0.00752614
input11, 380.3, 429.76, 0.00754129
FILLER_0_154_802, 380.3, 429.76, 0.00754129
output114, 392.29, 429.76, 0.0075562
FILLER_0_153_833, 392.29, 429.76, 0.0075562
FILLER_0_154_830, 392.29, 429.76, 0.0075562
input38, 404.28, 429.76, 0.00755881
FILLER_0_154_861, 404.28, 429.76, 0.00755881
input14, 416.27, 429.76, 0.00756067
FILLER_0_153_889, 416.27, 429.76, 0.00756067
FILLER_0_154_886, 416.27, 429.76, 0.00756067
FILLER_0_154_902, 416.27, 429.76, 0.00756067
PHY_302, 5.52, 424.32, 0.0071506
PHY_304, 5.52, 424.32, 0.0071506
PHY_303, 428.26, 424.32, 0.00752415
PHY_305, 428.26, 424.32, 0.00752415
FILLER_0_151_909, 428.26, 424.32, 0.00752415
FILLER_0_152_913, 428.26, 424.32, 0.00752415
_12758_, 15.33, 424.32, 0.0071506
FILLER_0_151_15, 15.33, 424.32, 0.0071506
_12700_, 37.94, 424.32, 0.00719668
FILLER_0_151_57, 37.94, 424.32, 0.00719668
FILLER_0_152_77, 37.94, 424.32, 0.00719668
FILLER_0_153_105, 50.74, 424.32, 0.00722363
_12697_, 63.54, 424.32, 0.00725058
FILLER_0_151_113, 63.54, 424.32, 0.00725058
FILLER_0_152_133, 63.54, 424.32, 0.00725058
FILLER_0_153_161, 76.34, 424.32, 0.00725371
FILLER_0_152_189, 89.14, 424.32, 0.00725684
FILLER_0_153_217, 101.94, 424.32, 0.00725998
FILLER_0_152_245, 114.74, 424.32, 0.00726311
FILLER_0_153_273, 127.54, 424.32, 0.00726624
FILLER_0_152_301, 140.34, 424.32, 0.00726938
FILLER_0_153_329, 153.14, 424.32, 0.00727251
FILLER_0_152_357, 165.94, 424.32, 0.00727564
FILLER_0_153_361, 165.94, 424.32, 0.00727564
_12660_, 191.54, 424.32, 0.00739566
_12731_, 191.54, 424.32, 0.00739566
ANTENNA_80, 191.54, 424.32, 0.00739566
FILLER_0_151_393, 191.54, 424.32, 0.00739566
FILLER_0_151_401, 191.54, 424.32, 0.00739566
FILLER_0_152_416, 191.54, 424.32, 0.00739566
FILLER_0_153_405, 191.54, 424.32, 0.00739566
FILLER_0_153_413, 191.54, 424.32, 0.00739566
_12754_, 217.14, 424.32, 0.0075898
FILLER_0_152_469, 217.14, 424.32, 0.0075898
_12732_, 229.94, 424.32, 0.00767884
FILLER_0_152_477, 229.94, 424.32, 0.00767884
FILLER_0_153_500, 229.94, 424.32, 0.00767884
FILLER_0_152_524, 242.74, 424.32, 0.00776034
FILLER_0_153_528, 242.74, 424.32, 0.00776034
FILLER_0_153_556, 255.54, 424.32, 0.00784184
_12768_, 268.34, 424.32, 0.00792334
FILLER_0_152_581, 268.34, 424.32, 0.00792334
_06854_, 281.14, 424.32, 0.00799658
_06858_, 281.14, 424.32, 0.00799658
_06859_, 281.14, 424.32, 0.00799658
FILLER_0_152_589, 281.14, 424.32, 0.00799658
FILLER_0_153_607, 281.14, 424.32, 0.00799658
_06709_, 293.94, 424.32, 0.00796845
_06773_, 293.94, 424.32, 0.00796845
_06774_, 293.94, 424.32, 0.00796845
_06775_, 293.94, 424.32, 0.00796845
_06777_, 293.94, 424.32, 0.00796845
ANTENNA_191, 293.94, 424.32, 0.00796845
FILLER_0_152_621, 293.94, 424.32, 0.00796845
FILLER_0_152_631, 293.94, 424.32, 0.00796845
_06642_, 306.74, 424.32, 0.00786675
_06711_, 306.74, 424.32, 0.00786675
_06713_, 306.74, 424.32, 0.00786675
rebuffer4, 306.74, 424.32, 0.00786675
FILLER_0_153_663, 306.74, 424.32, 0.00786675
ANTENNA_190, 319.54, 424.32, 0.00768443
ANTENNA_192, 319.54, 424.32, 0.00768443
FILLER_0_152_749, 344.33, 424.32, 0.00750946
FILLER_0_152_769, 356.32, 424.32, 0.0075168
_12761_, 368.31, 424.32, 0.00752415
FILLER_0_151_777, 368.31, 424.32, 0.00752415
FILLER_0_151_831, 392.29, 424.32, 0.00752415
FILLER_0_152_861, 404.28, 424.32, 0.00752415
FILLER_0_151_889, 416.27, 424.32, 0.00752415
FILLER_0_152_905, 416.27, 424.32, 0.00752415
PHY_298, 5.52, 418.88, 0.00709735
PHY_300, 5.52, 418.88, 0.00709735
PHY_299, 428.26, 418.88, 0.00741397
PHY_301, 428.26, 418.88, 0.00741397
input51, 428.26, 418.88, 0.00741397
FILLER_0_150_913, 428.26, 418.88, 0.00741397
FILLER_0_150_77, 37.94, 418.88, 0.00710599
FILLER_0_150_133, 63.54, 418.88, 0.00712326
FILLER_0_151_161, 76.34, 418.88, 0.00713189
FILLER_0_150_189, 89.14, 418.88, 0.00714053
FILLER_0_151_217, 101.94, 418.88, 0.00714916
FILLER_0_150_245, 114.74, 418.88, 0.0071578
FILLER_0_151_273, 127.54, 418.88, 0.00716644
FILLER_0_150_301, 140.34, 418.88, 0.00717507
FILLER_0_151_329, 153.14, 418.88, 0.00718371
FILLER_0_150_357, 165.94, 418.88, 0.00719234
FILLER_0_150_413, 191.54, 418.88, 0.00723697
FILLER_0_150_469, 217.14, 418.88, 0.00730897
FILLER_0_151_497, 229.94, 418.88, 0.00734497
FILLER_0_150_525, 242.74, 418.88, 0.00738096
_06730_, 255.54, 418.88, 0.00741696
FILLER_0_151_553, 255.54, 418.88, 0.00741696
_06853_, 268.34, 418.88, 0.0074503
_06860_, 268.34, 418.88, 0.0074503
_06868_, 268.34, 418.88, 0.0074503
FILLER_0_149_569, 268.34, 418.88, 0.0074503
FILLER_0_150_569, 268.34, 418.88, 0.0074503
FILLER_0_151_573, 268.34, 418.88, 0.0074503
_06851_, 281.14, 418.88, 0.00747537
_06852_, 281.14, 418.88, 0.00747537
_06855_, 281.14, 418.88, 0.00747537
FILLER_0_149_590, 281.14, 418.88, 0.00747537
FILLER_0_150_598, 281.14, 418.88, 0.00747537
FILLER_0_151_606, 281.14, 418.88, 0.00747537
_06710_, 293.94, 418.88, 0.00748554
_06732_, 293.94, 418.88, 0.00748554
_06733_, 293.94, 418.88, 0.00748554
_06734_, 293.94, 418.88, 0.00748554
_06735_, 293.94, 418.88, 0.00748554
_06772_, 293.94, 418.88, 0.00748554
_06776_, 293.94, 418.88, 0.00748554
FILLER_0_149_622, 293.94, 418.88, 0.00748554
FILLER_0_150_630, 293.94, 418.88, 0.00748554
_06640_, 306.74, 418.88, 0.00747371
_06641_, 306.74, 418.88, 0.00747371
_06644_, 306.74, 418.88, 0.00747371
_06673_, 306.74, 418.88, 0.00747371
_06712_, 306.74, 418.88, 0.00747371
_06643_, 319.54, 418.88, 0.00743181
FILLER_0_150_690, 319.54, 418.88, 0.00743181
FILLER_0_150_749, 344.33, 418.88, 0.00739166
_12733_, 368.31, 418.88, 0.00740806
FILLER_0_149_777, 368.31, 418.88, 0.00740806
FILLER_0_150_805, 380.3, 418.88, 0.00740924
FILLER_0_149_833, 392.29, 418.88, 0.00741043
FILLER_0_150_861, 404.28, 418.88, 0.00741161
FILLER_0_149_889, 416.27, 418.88, 0.00741279
FILLER_0_150_905, 416.27, 418.88, 0.00741279
_12661_, 5.52, 413.44, 0.00716685
PHY_294, 5.52, 413.44, 0.00716685
PHY_296, 5.52, 413.44, 0.00716685
output116, 5.52, 413.44, 0.00716685
PHY_295, 428.26, 413.44, 0.00738271
PHY_297, 428.26, 413.44, 0.00738271
FILLER_0_147_909, 428.26, 413.44, 0.00738271
FILLER_0_148_913, 428.26, 413.44, 0.00738271
ANTENNA_193, 15.33, 413.44, 0.00714172
FILLER_0_148_21, 15.33, 413.44, 0.00714172
FILLER_0_148_77, 37.94, 413.44, 0.00712408
FILLER_0_149_105, 50.74, 413.44, 0.00713156
FILLER_0_148_133, 63.54, 413.44, 0.00713903
FILLER_0_149_161, 76.34, 413.44, 0.00714651
FILLER_0_148_189, 89.14, 413.44, 0.00715399
FILLER_0_149_217, 101.94, 413.44, 0.00716146
FILLER_0_148_245, 114.74, 413.44, 0.00716894
FILLER_0_149_273, 127.54, 413.44, 0.00717642
FILLER_0_148_301, 140.34, 413.44, 0.00718389
FILLER_0_149_329, 153.14, 413.44, 0.00719137
FILLER_0_148_357, 165.94, 413.44, 0.00719884
FILLER_0_148_413, 191.54, 413.44, 0.00726283
FILLER_0_149_441, 204.34, 413.44, 0.00731934
_12777_, 217.14, 413.44, 0.00737585
FILLER_0_148_469, 217.14, 413.44, 0.00737585
FILLER_0_149_493, 229.94, 413.44, 0.00742491
FILLER_0_149_501, 229.94, 413.44, 0.00742491
_06729_, 242.74, 413.44, 0.00747398
_06850_, 242.74, 413.44, 0.00747398
FILLER_0_148_513, 242.74, 413.44, 0.00747398
FILLER_0_149_517, 242.74, 413.44, 0.00747398
_06847_, 255.54, 413.44, 0.00751785
_06849_, 255.54, 413.44, 0.00751785
_06867_, 255.54, 413.44, 0.00751785
_12772_, 255.54, 413.44, 0.00751785
FILLER_0_147_537, 255.54, 413.44, 0.00751785
_06932_, 268.34, 413.44, 0.00755068
_06933_, 268.34, 413.44, 0.00755068
_06934_, 268.34, 413.44, 0.00755068
_06937_, 268.34, 413.44, 0.00755068
_07016_, 268.34, 413.44, 0.00755068
_07017_, 268.34, 413.44, 0.00755068
FILLER_0_148_570, 268.34, 413.44, 0.00755068
_06714_, 281.14, 413.44, 0.00755038
_06731_, 281.14, 413.44, 0.00755038
_07019_, 281.14, 413.44, 0.00755038
FILLER_0_148_605, 281.14, 413.44, 0.00755038
_06619_, 293.94, 413.44, 0.00753893
_06703_, 293.94, 413.44, 0.00753893
_06707_, 293.94, 413.44, 0.00753893
_06708_, 293.94, 413.44, 0.00753893
FILLER_0_147_617, 293.94, 413.44, 0.00753893
FILLER_0_148_623, 293.94, 413.44, 0.00753893
_06583_, 306.74, 413.44, 0.00751336
_06584_, 306.74, 413.44, 0.00751336
_06621_, 306.74, 413.44, 0.00751336
ANTENNA_64, 306.74, 413.44, 0.00751336
ANTENNA_66, 306.74, 413.44, 0.00751336
FILLER_0_149_663, 306.74, 413.44, 0.00751336
_06582_, 319.54, 413.44, 0.00745214
_06620_, 319.54, 413.44, 0.00745214
ANTENNA_65, 319.54, 413.44, 0.00745214
FILLER_0_148_692, 319.54, 413.44, 0.00745214
FILLER_0_149_694, 319.54, 413.44, 0.00745214
FILLER_0_148_748, 344.33, 413.44, 0.00738271
FILLER_0_147_777, 368.31, 413.44, 0.00738271
FILLER_0_148_805, 380.3, 413.44, 0.00738271
FILLER_0_147_833, 392.29, 413.44, 0.00738271
FILLER_0_148_861, 404.28, 413.44, 0.00738271
FILLER_0_147_889, 416.27, 413.44, 0.00738271
FILLER_0_148_905, 416.27, 413.44, 0.00738271
FILLER_0_149_897, 416.27, 413.44, 0.00738271
_12659_, 5.52, 408, 0.00711125
PHY_290, 5.52, 408, 0.00711125
PHY_292, 5.52, 408, 0.00711125
FILLER_0_146_3, 5.52, 408, 0.00711125
PHY_291, 428.26, 408, 0.00739689
PHY_293, 428.26, 408, 0.00739689
FILLER_0_145_909, 428.26, 408, 0.00739689
FILLER_0_146_913, 428.26, 408, 0.00739689
ANTENNA_67, 15.33, 408, 0.00710253
FILLER_0_146_77, 37.94, 408, 0.00710301
FILLER_0_147_105, 50.74, 408, 0.00711219
FILLER_0_146_133, 63.54, 408, 0.00712138
FILLER_0_147_161, 76.34, 408, 0.00713057
FILLER_0_146_189, 89.14, 408, 0.00713975
FILLER_0_147_217, 101.94, 408, 0.00714894
FILLER_0_146_245, 114.74, 408, 0.00715813
FILLER_0_147_273, 127.54, 408, 0.00716731
FILLER_0_146_301, 140.34, 408, 0.0071765
FILLER_0_147_329, 153.14, 408, 0.00718569
FILLER_0_146_357, 165.94, 408, 0.00719487
FILLER_0_146_413, 191.54, 408, 0.00727723
FILLER_0_147_441, 204.34, 408, 0.00735039
FILLER_0_146_469, 217.14, 408, 0.00742356
FILLER_0_147_497, 229.94, 408, 0.00749673
_06844_, 242.74, 408, 0.00756989
_06845_, 242.74, 408, 0.00756989
_06846_, 242.74, 408, 0.00756989
_06848_, 242.74, 408, 0.00756989
_06861_, 242.74, 408, 0.00756989
_06862_, 242.74, 408, 0.00756989
FILLER_0_146_513, 242.74, 408, 0.00756989
_06936_, 255.54, 408, 0.00763944
FILLER_0_147_555, 255.54, 408, 0.00763944
_06935_, 268.34, 408, 0.00770876
_07018_, 268.34, 408, 0.00770876
_07020_, 268.34, 408, 0.00770876
_09065_, 268.34, 408, 0.00770876
FILLER_0_146_569, 268.34, 408, 0.00770876
_06702_, 281.14, 408, 0.00767527
_06704_, 281.14, 408, 0.00767527
_09066_, 281.14, 408, 0.00767527
FILLER_0_147_604, 281.14, 408, 0.00767527
_06705_, 293.94, 408, 0.0076143
_06706_, 293.94, 408, 0.0076143
_06771_, 293.94, 408, 0.0076143
FILLER_0_145_617, 293.94, 408, 0.0076143
FILLER_0_146_637, 293.94, 408, 0.0076143
_06565_, 306.74, 408, 0.00754637
_06672_, 306.74, 408, 0.00754637
FILLER_0_146_645, 306.74, 408, 0.00754637
FILLER_0_146_657, 306.74, 408, 0.00754637
FILLER_0_146_665, 306.74, 408, 0.00754637
FILLER_0_147_662, 306.74, 408, 0.00754637
_06516_, 319.54, 408, 0.00747312
_06562_, 319.54, 408, 0.00747312
_06563_, 319.54, 408, 0.00747312
_06564_, 319.54, 408, 0.00747312
_06581_, 319.54, 408, 0.00747312
ANTENNA_6, 319.54, 408, 0.00747312
ANTENNA_7, 319.54, 408, 0.00747312
FILLER_0_145_673, 319.54, 408, 0.00747312
FILLER_0_146_696, 319.54, 408, 0.00747312
FILLER_0_147_693, 319.54, 408, 0.00747312
_06551_, 344.33, 408, 0.00739689
_12650_, 344.33, 408, 0.00739689
FILLER_0_147_741, 344.33, 408, 0.00739689
FILLER_0_146_753, 356.32, 408, 0.00739689
FILLER_0_146_805, 380.3, 408, 0.00739689
FILLER_0_145_833, 392.29, 408, 0.00739689
FILLER_0_146_861, 404.28, 408, 0.00739689
FILLER_0_145_889, 416.27, 408, 0.00739689
FILLER_0_146_905, 416.27, 408, 0.00739689
PHY_286, 5.52, 402.56, 0.00710437
PHY_288, 5.52, 402.56, 0.00710437
output100, 5.52, 402.56, 0.00710437
PHY_287, 428.26, 402.56, 0.00745875
PHY_289, 428.26, 402.56, 0.00745875
output80, 428.26, 402.56, 0.00745875
FILLER_0_143_909, 428.26, 402.56, 0.00745875
FILLER_0_144_21, 15.33, 402.56, 0.00709425
FILLER_0_144_77, 37.94, 402.56, 0.00708986
FILLER_0_145_105, 50.74, 402.56, 0.00709559
FILLER_0_144_133, 63.54, 402.56, 0.00710131
FILLER_0_145_161, 76.34, 402.56, 0.00710703
FILLER_0_143_181, 89.14, 402.56, 0.00711276
FILLER_0_144_189, 89.14, 402.56, 0.00711276
FILLER_0_145_217, 101.94, 402.56, 0.00711848
FILLER_0_144_245, 114.74, 402.56, 0.00712421
FILLER_0_145_273, 127.54, 402.56, 0.00712993
FILLER_0_144_301, 140.34, 402.56, 0.00713566
FILLER_0_145_329, 153.14, 402.56, 0.00714138
FILLER_0_144_357, 165.94, 402.56, 0.0071471
FILLER_0_144_413, 191.54, 402.56, 0.00717874
FILLER_0_145_441, 204.34, 402.56, 0.00720466
FILLER_0_144_469, 217.14, 402.56, 0.00723058
_08903_, 229.94, 402.56, 0.00725649
FILLER_0_143_485, 229.94, 402.56, 0.00725649
FILLER_0_144_489, 229.94, 402.56, 0.00725649
FILLER_0_145_497, 229.94, 402.56, 0.00725649
_06842_, 242.74, 402.56, 0.00728038
_08902_, 242.74, 402.56, 0.00728038
_08909_, 242.74, 402.56, 0.00728038
FILLER_0_145_517, 242.74, 402.56, 0.00728038
_08916_, 255.54, 402.56, 0.00730138
FILLER_0_144_533, 255.54, 402.56, 0.00730138
FILLER_0_145_554, 255.54, 402.56, 0.00730138
_08911_, 268.34, 402.56, 0.00732009
_08917_, 268.34, 402.56, 0.00732009
_07008_, 281.14, 402.56, 0.00733494
_07010_, 281.14, 402.56, 0.00733494
_08931_, 281.14, 402.56, 0.00733494
FILLER_0_145_609, 281.14, 402.56, 0.00733494
_06836_, 293.94, 402.56, 0.00734129
FILLER_0_144_629, 293.94, 402.56, 0.00734129
_06669_, 306.74, 402.56, 0.00734647
_06769_, 306.74, 402.56, 0.00734647
_06770_, 306.74, 402.56, 0.00734647
FILLER_0_143_645, 306.74, 402.56, 0.00734647
FILLER_0_144_641, 306.74, 402.56, 0.00734647
FILLER_0_144_645, 306.74, 402.56, 0.00734647
FILLER_0_144_663, 306.74, 402.56, 0.00734647
_06504_, 319.54, 402.56, 0.00734801
rebuffer21, 319.54, 402.56, 0.00734801
FILLER_0_144_694, 319.54, 402.56, 0.00734801
_06450_, 344.33, 402.56, 0.00736244
_06503_, 344.33, 402.56, 0.00736244
_06549_, 344.33, 402.56, 0.00736244
FILLER_0_143_729, 344.33, 402.56, 0.00736244
FILLER_0_144_749, 344.33, 402.56, 0.00736244
FILLER_0_145_741, 344.33, 402.56, 0.00736244
_06428_, 356.32, 402.56, 0.00738595
_06448_, 356.32, 402.56, 0.00738595
_06483_, 356.32, 402.56, 0.00738595
FILLER_0_143_758, 356.32, 402.56, 0.00738595
FILLER_0_144_774, 356.32, 402.56, 0.00738595
FILLER_0_145_775, 356.32, 402.56, 0.00738595
rebuffer3, 368.31, 402.56, 0.00740477
rebuffer29, 368.31, 402.56, 0.00740477
FILLER_0_143_778, 368.31, 402.56, 0.00740477
FILLER_0_144_806, 380.3, 402.56, 0.00741557
FILLER_0_143_830, 392.29, 402.56, 0.00742636
FILLER_0_144_861, 404.28, 402.56, 0.00743716
FILLER_0_143_889, 416.27, 402.56, 0.00744796
FILLER_0_144_905, 416.27, 402.56, 0.00744796
_12690_, 5.52, 397.12, 0.00712128
PHY_282, 5.52, 397.12, 0.00712128
PHY_284, 5.52, 397.12, 0.00712128
PHY_283, 428.26, 397.12, 0.00744573
PHY_285, 428.26, 397.12, 0.00744573
FILLER_0_141_909, 428.26, 397.12, 0.00744573
FILLER_0_142_913, 428.26, 397.12, 0.00744573
ANTENNA_87, 15.33, 397.12, 0.00710542
ANTENNA_88, 15.33, 397.12, 0.00710542
FILLER_0_142_73, 37.94, 397.12, 0.00710669
FILLER_0_142_81, 37.94, 397.12, 0.00710669
FILLER_0_143_105, 50.74, 397.12, 0.00712381
FILLER_0_142_133, 63.54, 397.12, 0.00714092
_12656_, 76.34, 397.12, 0.00715804
FILLER_0_142_141, 76.34, 397.12, 0.00715804
FILLER_0_143_161, 76.34, 397.12, 0.00715804
_12762_, 89.14, 397.12, 0.00716531
FILLER_0_142_189, 89.14, 397.12, 0.00716531
FILLER_0_142_245, 114.74, 397.12, 0.00716329
FILLER_0_143_273, 127.54, 397.12, 0.00716228
FILLER_0_142_301, 140.34, 397.12, 0.00716127
FILLER_0_143_329, 153.14, 397.12, 0.00716026
FILLER_0_142_357, 165.94, 397.12, 0.00715925
FILLER_0_142_413, 191.54, 397.12, 0.00720736
FILLER_0_143_441, 204.34, 397.12, 0.00725647
FILLER_0_142_469, 217.14, 397.12, 0.00730559
_08900_, 229.94, 397.12, 0.00735471
_08901_, 229.94, 397.12, 0.00735471
FILLER_0_141_485, 229.94, 397.12, 0.00735471
FILLER_0_142_489, 229.94, 397.12, 0.00735471
FILLER_0_143_499, 229.94, 397.12, 0.00735471
_08855_, 242.74, 397.12, 0.00740154
_08865_, 242.74, 397.12, 0.00740154
_08868_, 242.74, 397.12, 0.00740154
FILLER_0_141_511, 242.74, 397.12, 0.00740154
_08908_, 255.54, 397.12, 0.00744698
_08919_, 255.54, 397.12, 0.00744698
_08923_, 255.54, 397.12, 0.00744698
_08925_, 255.54, 397.12, 0.00744698
_08927_, 255.54, 397.12, 0.00744698
FILLER_0_141_534, 255.54, 397.12, 0.00744698
FILLER_0_142_533, 255.54, 397.12, 0.00744698
FILLER_0_143_547, 255.54, 397.12, 0.00744698
_07004_, 268.34, 397.12, 0.00748271
_07007_, 268.34, 397.12, 0.00748271
_08913_, 268.34, 397.12, 0.00748271
_08914_, 268.34, 397.12, 0.00748271
_08915_, 268.34, 397.12, 0.00748271
_08928_, 268.34, 397.12, 0.00748271
_08929_, 268.34, 397.12, 0.00748271
_08930_, 268.34, 397.12, 0.00748271
FILLER_0_141_561, 268.34, 397.12, 0.00748271
FILLER_0_142_578, 268.34, 397.12, 0.00748271
_06977_, 281.14, 397.12, 0.00748378
_07009_, 281.14, 397.12, 0.00748378
_07011_, 281.14, 397.12, 0.00748378
FILLER_0_141_597, 281.14, 397.12, 0.00748378
FILLER_0_142_589, 281.14, 397.12, 0.00748378
FILLER_0_142_597, 281.14, 397.12, 0.00748378
FILLER_0_142_604, 281.14, 397.12, 0.00748378
FILLER_0_143_613, 281.14, 397.12, 0.00748378
_06768_, 293.94, 397.12, 0.00747874
_06837_, 293.94, 397.12, 0.00747874
_06838_, 293.94, 397.12, 0.00747874
_06927_, 293.94, 397.12, 0.00747874
FILLER_0_142_629, 293.94, 397.12, 0.00747874
_06869_, 306.74, 397.12, 0.00745878
_06870_, 306.74, 397.12, 0.00745878
_06931_, 306.74, 397.12, 0.00745878
FILLER_0_142_641, 306.74, 397.12, 0.00745878
FILLER_0_142_645, 306.74, 397.12, 0.00745878
FILLER_0_142_653, 306.74, 397.12, 0.00745878
FILLER_0_143_668, 306.74, 397.12, 0.00745878
_06929_, 319.54, 397.12, 0.00741863
_06930_, 319.54, 397.12, 0.00741863
_07012_, 319.54, 397.12, 0.00741863
_07013_, 319.54, 397.12, 0.00741863
_07014_, 319.54, 397.12, 0.00741863
_07015_, 319.54, 397.12, 0.00741863
FILLER_0_141_682, 319.54, 397.12, 0.00741863
FILLER_0_142_669, 319.54, 397.12, 0.00741863
_06425_, 344.33, 397.12, 0.00739422
_06449_, 344.33, 397.12, 0.00739422
_06547_, 344.33, 397.12, 0.00739422
_06548_, 344.33, 397.12, 0.00739422
FILLER_0_142_727, 344.33, 397.12, 0.00739422
FILLER_0_142_736, 344.33, 397.12, 0.00739422
FILLER_0_143_737, 344.33, 397.12, 0.00739422
_06446_, 356.32, 397.12, 0.00743531
_06447_, 356.32, 397.12, 0.00743531
_06480_, 356.32, 397.12, 0.00743531
_06502_, 356.32, 397.12, 0.00743531
_12649_, 356.32, 397.12, 0.00743531
rebuffer6, 356.32, 397.12, 0.00743531
rebuffer7, 356.32, 397.12, 0.00743531
FILLER_0_141_758, 356.32, 397.12, 0.00743531
FILLER_0_142_757, 356.32, 397.12, 0.00743531
_06482_, 368.31, 397.12, 0.00744244
_06501_, 368.31, 397.12, 0.00744244
FILLER_0_141_781, 368.31, 397.12, 0.00744244
FILLER_0_141_785, 368.31, 397.12, 0.00744244
rebuffer1, 380.3, 397.12, 0.00744573
FILLER_0_141_812, 380.3, 397.12, 0.00744573
FILLER_0_142_802, 380.3, 397.12, 0.00744573
FILLER_0_141_837, 392.29, 397.12, 0.00744573
FILLER_0_142_865, 404.28, 397.12, 0.00744573
FILLER_0_141_889, 416.27, 397.12, 0.00744573
FILLER_0_142_905, 416.27, 397.12, 0.00744573
PHY_278, 5.52, 391.68, 0.0070534
PHY_280, 5.52, 391.68, 0.0070534
PHY_279, 428.26, 391.68, 0.00734752
PHY_281, 428.26, 391.68, 0.00734752
output99, 428.26, 391.68, 0.00734752
FILLER_0_139_909, 428.26, 391.68, 0.00734752
FILLER_0_140_913, 428.26, 391.68, 0.00734752
FILLER_0_140_77, 37.94, 391.68, 0.007059
FILLER_0_141_105, 50.74, 391.68, 0.00706461
FILLER_0_140_133, 63.54, 391.68, 0.00707021
FILLER_0_141_161, 76.34, 391.68, 0.00707582
FILLER_0_140_189, 89.14, 391.68, 0.00708142
FILLER_0_141_217, 101.94, 391.68, 0.00708702
FILLER_0_140_245, 114.74, 391.68, 0.00709263
FILLER_0_141_273, 127.54, 391.68, 0.00709823
FILLER_0_140_301, 140.34, 391.68, 0.00710384
FILLER_0_141_329, 153.14, 391.68, 0.00710944
FILLER_0_140_357, 165.94, 391.68, 0.00711504
FILLER_0_140_413, 191.54, 391.68, 0.00715436
FILLER_0_139_429, 204.34, 391.68, 0.00718806
FILLER_0_141_441, 204.34, 391.68, 0.00718806
FILLER_0_140_469, 217.14, 391.68, 0.00722177
_08864_, 229.94, 391.68, 0.00725548
_08869_, 229.94, 391.68, 0.00725548
_08870_, 229.94, 391.68, 0.00725548
_08897_, 229.94, 391.68, 0.00725548
FILLER_0_139_485, 229.94, 391.68, 0.00725548
FILLER_0_140_489, 229.94, 391.68, 0.00725548
_06990_, 242.74, 391.68, 0.00728684
_08918_, 242.74, 391.68, 0.00728684
FILLER_0_140_526, 242.74, 391.68, 0.00728684
_08899_, 255.54, 391.68, 0.00731588
_08922_, 255.54, 391.68, 0.00731588
_08924_, 255.54, 391.68, 0.00731588
_08926_, 255.54, 391.68, 0.00731588
FILLER_0_140_536, 255.54, 391.68, 0.00731588
FILLER_0_141_546, 255.54, 391.68, 0.00731588
FILLER_0_141_555, 255.54, 391.68, 0.00731588
_07002_, 268.34, 391.68, 0.00732228
_07003_, 268.34, 391.68, 0.00732228
_08912_, 268.34, 391.68, 0.00732228
FILLER_0_140_578, 268.34, 391.68, 0.00732228
_06907_, 281.14, 391.68, 0.00732603
_06923_, 281.14, 391.68, 0.00732603
_06976_, 281.14, 391.68, 0.00732603
_06978_, 281.14, 391.68, 0.00732603
FILLER_0_140_589, 281.14, 391.68, 0.00732603
FILLER_0_141_611, 281.14, 391.68, 0.00732603
_06833_, 293.94, 391.68, 0.00732668
_06925_, 293.94, 391.68, 0.00732668
_06926_, 293.94, 391.68, 0.00732668
FILLER_0_139_617, 293.94, 391.68, 0.00732668
FILLER_0_140_618, 293.94, 391.68, 0.00732668
FILLER_0_140_637, 293.94, 391.68, 0.00732668
FILLER_0_141_638, 293.94, 391.68, 0.00732668
_06835_, 306.74, 391.68, 0.00732243
_06924_, 306.74, 391.68, 0.00732243
_06938_, 306.74, 391.68, 0.00732243
FILLER_0_140_645, 306.74, 391.68, 0.00732243
FILLER_0_141_659, 306.74, 391.68, 0.00732243
_06928_, 319.54, 391.68, 0.00730497
_08985_, 319.54, 391.68, 0.00730497
FILLER_0_140_696, 319.54, 391.68, 0.00730497
_06545_, 344.33, 391.68, 0.00728192
_06546_, 344.33, 391.68, 0.00728192
_06602_, 344.33, 391.68, 0.00728192
_06676_, 344.33, 391.68, 0.00728192
FILLER_0_139_729, 344.33, 391.68, 0.00728192
FILLER_0_141_741, 344.33, 391.68, 0.00728192
_06479_, 356.32, 391.68, 0.00730056
_06481_, 356.32, 391.68, 0.00730056
FILLER_0_140_769, 356.32, 391.68, 0.00730056
FILLER_0_140_775, 356.32, 391.68, 0.00730056
FILLER_0_141_765, 356.32, 391.68, 0.00730056
_06484_, 368.31, 391.68, 0.00731851
_06486_, 368.31, 391.68, 0.00731851
_06500_, 368.31, 391.68, 0.00731851
FILLER_0_139_778, 368.31, 391.68, 0.00731851
FILLER_0_140_791, 368.31, 391.68, 0.00731851
_12648_, 380.3, 391.68, 0.00733309
FILLER_0_139_809, 380.3, 391.68, 0.00733309
FILLER_0_140_804, 380.3, 391.68, 0.00733309
FILLER_0_139_834, 392.29, 391.68, 0.0073367
FILLER_0_140_861, 404.28, 391.68, 0.00734031
FILLER_0_139_889, 416.27, 391.68, 0.00734391
FILLER_0_140_905, 416.27, 391.68, 0.00734391
PHY_274, 5.52, 386.24, 0.00707098
PHY_276, 5.52, 386.24, 0.00707098
output129, 5.52, 386.24, 0.00707098
PHY_275, 428.26, 386.24, 0.00732748
PHY_277, 428.26, 386.24, 0.00732748
fanout160, 428.26, 386.24, 0.00732748
FILLER_0_138_912, 428.26, 386.24, 0.00732748
FILLER_0_138_77, 37.94, 386.24, 0.00705442
FILLER_0_139_105, 50.74, 386.24, 0.00705805
FILLER_0_138_133, 63.54, 386.24, 0.00706167
FILLER_0_139_161, 76.34, 386.24, 0.0070653
FILLER_0_138_189, 89.14, 386.24, 0.00706893
FILLER_0_139_217, 101.94, 386.24, 0.00707256
FILLER_0_138_245, 114.74, 386.24, 0.00707618
FILLER_0_139_273, 127.54, 386.24, 0.00707981
FILLER_0_138_301, 140.34, 386.24, 0.00708344
FILLER_0_139_329, 153.14, 386.24, 0.00708706
FILLER_0_138_357, 165.94, 386.24, 0.00709069
_09459_, 191.54, 386.24, 0.00712016
FILLER_0_137_393, 191.54, 386.24, 0.00712016
FILLER_0_138_413, 191.54, 386.24, 0.00712016
_07058_, 204.34, 386.24, 0.00714494
_07065_, 204.34, 386.24, 0.00714494
_09454_, 204.34, 386.24, 0.00714494
_09457_, 204.34, 386.24, 0.00714494
_09458_, 204.34, 386.24, 0.00714494
_09668_, 204.34, 386.24, 0.00714494
FILLER_0_137_428, 204.34, 386.24, 0.00714494
FILLER_0_139_442, 204.34, 386.24, 0.00714494
_07053_, 217.14, 386.24, 0.00716564
_07057_, 217.14, 386.24, 0.00716564
_07064_, 217.14, 386.24, 0.00716564
FILLER_0_137_459, 217.14, 386.24, 0.00716564
FILLER_0_138_464, 217.14, 386.24, 0.00716564
_07051_, 229.94, 386.24, 0.00718451
_07052_, 229.94, 386.24, 0.00718451
_08873_, 229.94, 386.24, 0.00718451
FILLER_0_137_481, 229.94, 386.24, 0.00718451
FILLER_0_139_493, 229.94, 386.24, 0.00718451
_08854_, 242.74, 386.24, 0.00720252
_08921_, 242.74, 386.24, 0.00720252
FILLER_0_137_510, 242.74, 386.24, 0.00720252
FILLER_0_138_519, 242.74, 386.24, 0.00720252
FILLER_0_139_529, 242.74, 386.24, 0.00720252
_08895_, 255.54, 386.24, 0.00721829
FILLER_0_137_537, 255.54, 386.24, 0.00721829
FILLER_0_139_557, 255.54, 386.24, 0.00721829
_06920_, 268.34, 386.24, 0.00723382
_06922_, 268.34, 386.24, 0.00723382
_07005_, 268.34, 386.24, 0.00723382
_08910_, 268.34, 386.24, 0.00723382
FILLER_0_137_568, 268.34, 386.24, 0.00723382
FILLER_0_138_569, 268.34, 386.24, 0.00723382
FILLER_0_139_573, 268.34, 386.24, 0.00723382
_06820_, 281.14, 386.24, 0.00724409
_06767_, 293.94, 386.24, 0.00725209
_06832_, 293.94, 386.24, 0.00725209
_06834_, 293.94, 386.24, 0.00725209
FILLER_0_138_625, 293.94, 386.24, 0.00725209
_06807_, 306.74, 386.24, 0.00725131
FILLER_0_138_641, 306.74, 386.24, 0.00725131
FILLER_0_138_663, 306.74, 386.24, 0.00725131
FILLER_0_139_667, 306.74, 386.24, 0.00725131
_06514_, 319.54, 386.24, 0.00724935
_06515_, 319.54, 386.24, 0.00724935
FILLER_0_138_692, 319.54, 386.24, 0.00724935
_06387_, 344.33, 386.24, 0.00724035
FILLER_0_138_739, 344.33, 386.24, 0.00724035
FILLER_0_138_747, 344.33, 386.24, 0.00724035
_06424_, 356.32, 386.24, 0.00726303
_06540_, 356.32, 386.24, 0.00726303
_06544_, 356.32, 386.24, 0.00726303
_06597_, 356.32, 386.24, 0.00726303
_06433_, 368.31, 386.24, 0.00728068
_07050_, 368.31, 386.24, 0.00728068
FILLER_0_138_783, 368.31, 386.24, 0.00728068
_06444_, 380.3, 386.24, 0.00729342
_06485_, 380.3, 386.24, 0.00729342
FILLER_0_138_809, 380.3, 386.24, 0.00729342
FILLER_0_137_832, 392.29, 386.24, 0.00730404
FILLER_0_138_861, 404.28, 386.24, 0.00731466
_12735_, 416.27, 386.24, 0.00732527
FILLER_0_137_889, 416.27, 386.24, 0.00732527
FILLER_0_138_881, 416.27, 386.24, 0.00732527
PHY_270, 5.52, 380.8, 0.00704069
PHY_272, 5.52, 380.8, 0.00704069
PHY_271, 428.26, 380.8, 0.00724597
PHY_273, 428.26, 380.8, 0.00724597
FILLER_0_135_909, 428.26, 380.8, 0.00724597
FILLER_0_136_77, 37.94, 380.8, 0.00706012
_12696_, 50.74, 380.8, 0.00707955
FILLER_0_136_97, 50.74, 380.8, 0.00707955
FILLER_0_137_105, 50.74, 380.8, 0.00707955
FILLER_0_136_137, 63.54, 380.8, 0.00707916
FILLER_0_137_161, 76.34, 380.8, 0.00707877
FILLER_0_136_189, 89.14, 380.8, 0.00707837
FILLER_0_137_217, 101.94, 380.8, 0.00707798
FILLER_0_136_245, 114.74, 380.8, 0.00707759
FILLER_0_137_273, 127.54, 380.8, 0.0070772
FILLER_0_136_301, 140.34, 380.8, 0.00707681
FILLER_0_137_329, 153.14, 380.8, 0.00707642
FILLER_0_136_357, 165.94, 380.8, 0.00707603
_07075_, 191.54, 380.8, 0.00709994
_09461_, 191.54, 380.8, 0.00709994
_09462_, 191.54, 380.8, 0.00709994
_09667_, 191.54, 380.8, 0.00709994
_09669_, 191.54, 380.8, 0.00709994
_09670_, 191.54, 380.8, 0.00709994
FILLER_0_135_393, 191.54, 380.8, 0.00709994
FILLER_0_136_411, 191.54, 380.8, 0.00709994
FILLER_0_137_417, 191.54, 380.8, 0.00709994
_07066_, 204.34, 380.8, 0.00712015
_09456_, 204.34, 380.8, 0.00712015
_09460_, 204.34, 380.8, 0.00712015
_09672_, 204.34, 380.8, 0.00712015
FILLER_0_136_443, 204.34, 380.8, 0.00712015
FILLER_0_137_443, 204.34, 380.8, 0.00712015
_07056_, 217.14, 380.8, 0.00713744
_07062_, 217.14, 380.8, 0.00713744
_07063_, 217.14, 380.8, 0.00713744
_07067_, 217.14, 380.8, 0.00713744
_07068_, 217.14, 380.8, 0.00713744
_07069_, 217.14, 380.8, 0.00713744
_09455_, 217.14, 380.8, 0.00713744
FILLER_0_136_461, 217.14, 380.8, 0.00713744
FILLER_0_137_471, 217.14, 380.8, 0.00713744
_07060_, 229.94, 380.8, 0.00715036
_08863_, 229.94, 380.8, 0.00715036
_08867_, 229.94, 380.8, 0.00715036
_08872_, 229.94, 380.8, 0.00715036
FILLER_0_135_483, 229.94, 380.8, 0.00715036
FILLER_0_136_484, 229.94, 380.8, 0.00715036
_08852_, 242.74, 380.8, 0.00716034
_08862_, 242.74, 380.8, 0.00716034
_08871_, 242.74, 380.8, 0.00716034
_08896_, 242.74, 380.8, 0.00716034
_08898_, 242.74, 380.8, 0.00716034
_08920_, 242.74, 380.8, 0.00716034
FILLER_0_136_508, 242.74, 380.8, 0.00716034
FILLER_0_136_516, 242.74, 380.8, 0.00716034
FILLER_0_136_525, 242.74, 380.8, 0.00716034
_08887_, 255.54, 380.8, 0.00716818
_08891_, 255.54, 380.8, 0.00716818
_08892_, 255.54, 380.8, 0.00716818
_08904_, 255.54, 380.8, 0.00716818
_08906_, 255.54, 380.8, 0.00716818
_08907_, 255.54, 380.8, 0.00716818
FILLER_0_135_540, 255.54, 380.8, 0.00716818
FILLER_0_136_533, 255.54, 380.8, 0.00716818
FILLER_0_136_547, 255.54, 380.8, 0.00716818
FILLER_0_137_551, 255.54, 380.8, 0.00716818
_07001_, 268.34, 380.8, 0.00717123
_07006_, 268.34, 380.8, 0.00717123
_08890_, 268.34, 380.8, 0.00717123
FILLER_0_135_567, 268.34, 380.8, 0.00717123
FILLER_0_136_560, 268.34, 380.8, 0.00717123
FILLER_0_136_568, 268.34, 380.8, 0.00717123
FILLER_0_136_578, 268.34, 380.8, 0.00717123
FILLER_0_137_582, 268.34, 380.8, 0.00717123
_06902_, 281.14, 380.8, 0.00717172
_06921_, 281.14, 380.8, 0.00717172
FILLER_0_135_599, 281.14, 380.8, 0.00717172
FILLER_0_137_613, 281.14, 380.8, 0.00717172
_06823_, 293.94, 380.8, 0.00717128
_06831_, 293.94, 380.8, 0.00717128
_06901_, 293.94, 380.8, 0.00717128
FILLER_0_136_635, 293.94, 380.8, 0.00717128
_06580_, 306.74, 380.8, 0.00716853
_06637_, 306.74, 380.8, 0.00716853
_06639_, 306.74, 380.8, 0.00716853
FILLER_0_136_645, 306.74, 380.8, 0.00716853
FILLER_0_136_659, 306.74, 380.8, 0.00716853
FILLER_0_136_667, 306.74, 380.8, 0.00716853
FILLER_0_137_655, 306.74, 380.8, 0.00716853
_06513_, 319.54, 380.8, 0.00716171
_06579_, 319.54, 380.8, 0.00716171
_06586_, 319.54, 380.8, 0.00716171
_06588_, 319.54, 380.8, 0.00716171
FILLER_0_136_689, 319.54, 380.8, 0.00716171
FILLER_0_137_689, 319.54, 380.8, 0.00716171
_06426_, 344.33, 380.8, 0.00717188
FILLER_0_135_729, 344.33, 380.8, 0.00717188
FILLER_0_136_748, 344.33, 380.8, 0.00717188
FILLER_0_137_748, 344.33, 380.8, 0.00717188
_06539_, 356.32, 380.8, 0.00719037
_06542_, 356.32, 380.8, 0.00719037
_06543_, 356.32, 380.8, 0.00719037
_06594_, 356.32, 380.8, 0.00719037
_06596_, 356.32, 380.8, 0.00719037
FILLER_0_136_767, 356.32, 380.8, 0.00719037
_06412_, 368.31, 380.8, 0.00720665
_06445_, 368.31, 380.8, 0.00720665
_06595_, 368.31, 380.8, 0.00720665
_06423_, 380.3, 380.8, 0.00722002
_06427_, 380.3, 380.8, 0.00722002
_07059_, 392.29, 380.8, 0.00723107
_12653_, 416.27, 380.8, 0.00724597
FILLER_0_135_889, 416.27, 380.8, 0.00724597
FILLER_0_136_893, 416.27, 380.8, 0.00724597
PHY_266, 5.52, 375.36, 0.00701852
PHY_268, 5.52, 375.36, 0.00701852
input59, 5.52, 375.36, 0.00701852
ANTENNA_130, 5.52, 375.36, 0.00701852
PHY_267, 428.26, 375.36, 0.00712339
PHY_269, 428.26, 375.36, 0.00712339
input64, 428.26, 375.36, 0.00712339
FILLER_0_133_909, 428.26, 375.36, 0.00712339
ANTENNA_131, 15.33, 375.36, 0.00701722
ANTENNA_132, 15.33, 375.36, 0.00701722
ANTENNA_133, 15.33, 375.36, 0.00701722
FILLER_0_134_23, 15.33, 375.36, 0.00701722
FILLER_0_134_77, 37.94, 375.36, 0.00701868
FILLER_0_135_105, 50.74, 375.36, 0.00702145
FILLER_0_134_133, 63.54, 375.36, 0.00702422
FILLER_0_135_161, 76.34, 375.36, 0.00702699
FILLER_0_134_189, 89.14, 375.36, 0.00702976
FILLER_0_135_217, 101.94, 375.36, 0.00703253
FILLER_0_134_245, 114.74, 375.36, 0.0070353
FILLER_0_135_273, 127.54, 375.36, 0.00703807
FILLER_0_134_301, 140.34, 375.36, 0.00704084
FILLER_0_135_329, 153.14, 375.36, 0.00704361
_07414_, 165.94, 375.36, 0.00704638
FILLER_0_133_337, 165.94, 375.36, 0.00704638
FILLER_0_134_357, 165.94, 375.36, 0.00704638
FILLER_0_135_361, 165.94, 375.36, 0.00704638
_07115_, 191.54, 375.36, 0.00706693
FILLER_0_134_393, 191.54, 375.36, 0.00706693
FILLER_0_134_417, 191.54, 375.36, 0.00706693
FILLER_0_135_417, 191.54, 375.36, 0.00706693
_07049_, 204.34, 375.36, 0.00708608
_07077_, 204.34, 375.36, 0.00708608
_09451_, 204.34, 375.36, 0.00708608
_09453_, 204.34, 375.36, 0.00708608
_09671_, 204.34, 375.36, 0.00708608
FILLER_0_133_430, 204.34, 375.36, 0.00708608
FILLER_0_134_433, 204.34, 375.36, 0.00708608
FILLER_0_135_438, 204.34, 375.36, 0.00708608
_07046_, 217.14, 375.36, 0.00710077
_09452_, 217.14, 375.36, 0.00710077
FILLER_0_133_458, 217.14, 375.36, 0.00710077
FILLER_0_134_473, 217.14, 375.36, 0.00710077
_06903_, 229.94, 375.36, 0.00711252
_08853_, 229.94, 375.36, 0.00711252
_08866_, 229.94, 375.36, 0.00711252
_08874_, 242.74, 375.36, 0.00712047
_08876_, 242.74, 375.36, 0.00712047
FILLER_0_133_505, 242.74, 375.36, 0.00712047
FILLER_0_134_513, 242.74, 375.36, 0.00712047
FILLER_0_134_528, 242.74, 375.36, 0.00712047
FILLER_0_135_524, 242.74, 375.36, 0.00712047
_08886_, 255.54, 375.36, 0.00712737
_08894_, 255.54, 375.36, 0.00712737
_08905_, 255.54, 375.36, 0.00712737
FILLER_0_133_537, 255.54, 375.36, 0.00712737
_06817_, 268.34, 375.36, 0.00713168
_06818_, 268.34, 375.36, 0.00713168
_06819_, 268.34, 375.36, 0.00713168
_08877_, 268.34, 375.36, 0.00713168
FILLER_0_134_569, 268.34, 375.36, 0.00713168
FILLER_0_135_578, 268.34, 375.36, 0.00713168
_06821_, 281.14, 375.36, 0.00713382
_06822_, 281.14, 375.36, 0.00713382
_06826_, 281.14, 375.36, 0.00713382
_06827_, 281.14, 375.36, 0.00713382
_06900_, 281.14, 375.36, 0.00713382
_06905_, 281.14, 375.36, 0.00713382
FILLER_0_134_589, 281.14, 375.36, 0.00713382
FILLER_0_134_597, 281.14, 375.36, 0.00713382
_06762_, 293.94, 375.36, 0.00713133
_06763_, 293.94, 375.36, 0.00713133
FILLER_0_134_636, 293.94, 375.36, 0.00713133
FILLER_0_135_637, 293.94, 375.36, 0.00713133
_06638_, 306.74, 375.36, 0.0071257
_06668_, 306.74, 375.36, 0.0071257
_06670_, 306.74, 375.36, 0.0071257
_06671_, 306.74, 375.36, 0.0071257
_06752_, 306.74, 375.36, 0.0071257
_06473_, 319.54, 375.36, 0.00711597
_06518_, 319.54, 375.36, 0.00711597
_06527_, 319.54, 375.36, 0.00711597
_06578_, 319.54, 375.36, 0.00711597
ANTENNA_188, 319.54, 375.36, 0.00711597
FILLER_0_134_669, 319.54, 375.36, 0.00711597
FILLER_0_135_688, 319.54, 375.36, 0.00711597
_06386_, 344.33, 375.36, 0.00710761
_06413_, 344.33, 375.36, 0.00710761
_06601_, 344.33, 375.36, 0.00710761
_06534_, 356.32, 375.36, 0.00711335
_06538_, 356.32, 375.36, 0.00711335
_06400_, 368.31, 375.36, 0.00711799
_06405_, 368.31, 375.36, 0.00711799
_06535_, 368.31, 375.36, 0.00711799
_06537_, 368.31, 375.36, 0.00711799
FILLER_0_134_795, 368.31, 375.36, 0.00711799
_06414_, 380.3, 375.36, 0.00712061
_06416_, 380.3, 375.36, 0.00712061
_06417_, 380.3, 375.36, 0.00712061
FILLER_0_134_809, 380.3, 375.36, 0.00712061
FILLER_0_133_829, 392.29, 375.36, 0.00712131
FILLER_0_133_837, 392.29, 375.36, 0.00712131
FILLER_0_134_861, 404.28, 375.36, 0.007122
FILLER_0_133_889, 416.27, 375.36, 0.00712269
FILLER_0_134_905, 416.27, 375.36, 0.00712269
PHY_262, 5.52, 369.92, 0.00700146
PHY_264, 5.52, 369.92, 0.00700146
PHY_263, 428.26, 369.92, 0.00737875
PHY_265, 428.26, 369.92, 0.00737875
FILLER_0_131_909, 428.26, 369.92, 0.00737875
FILLER_0_132_77, 37.94, 369.92, 0.00700447
FILLER_0_133_105, 50.74, 369.92, 0.00700747
FILLER_0_132_133, 63.54, 369.92, 0.00701048
FILLER_0_133_161, 76.34, 369.92, 0.00701349
FILLER_0_132_189, 89.14, 369.92, 0.0070165
FILLER_0_133_217, 101.94, 369.92, 0.00701951
FILLER_0_132_245, 114.74, 369.92, 0.00702251
FILLER_0_133_273, 127.54, 369.92, 0.00702552
FILLER_0_132_301, 140.34, 369.92, 0.00702853
FILLER_0_133_329, 153.14, 369.92, 0.00703154
FILLER_0_132_357, 165.94, 369.92, 0.00703455
_07135_, 191.54, 369.92, 0.00707334
_07137_, 191.54, 369.92, 0.00707334
_07139_, 191.54, 369.92, 0.00707334
FILLER_0_131_393, 191.54, 369.92, 0.00707334
FILLER_0_132_393, 191.54, 369.92, 0.00707334
FILLER_0_132_417, 191.54, 369.92, 0.00707334
FILLER_0_133_417, 191.54, 369.92, 0.00707334
_07122_, 204.34, 369.92, 0.00709849
_07133_, 204.34, 369.92, 0.00709849
_07175_, 204.34, 369.92, 0.00709849
FILLER_0_132_433, 204.34, 369.92, 0.00709849
FILLER_0_133_443, 204.34, 369.92, 0.00709849
_06904_, 217.14, 369.92, 0.00711848
_07074_, 217.14, 369.92, 0.00711848
_07118_, 217.14, 369.92, 0.00711848
_07119_, 217.14, 369.92, 0.00711848
FILLER_0_132_471, 217.14, 369.92, 0.00711848
FILLER_0_133_473, 217.14, 369.92, 0.00711848
_06598_, 229.94, 369.92, 0.007133
_06599_, 229.94, 369.92, 0.007133
_07071_, 229.94, 369.92, 0.007133
_07072_, 229.94, 369.92, 0.007133
_07073_, 229.94, 369.92, 0.007133
_07123_, 229.94, 369.92, 0.007133
_07125_, 229.94, 369.92, 0.007133
FILLER_0_132_485, 229.94, 369.92, 0.007133
FILLER_0_132_501, 229.94, 369.92, 0.007133
FILLER_0_133_495, 229.94, 369.92, 0.007133
_06986_, 242.74, 369.92, 0.0071393
_06987_, 242.74, 369.92, 0.0071393
_06988_, 242.74, 369.92, 0.0071393
_08861_, 242.74, 369.92, 0.0071393
_08875_, 242.74, 369.92, 0.0071393
_08885_, 255.54, 369.92, 0.00714218
_08888_, 255.54, 369.92, 0.00714218
_08893_, 255.54, 369.92, 0.00714218
FILLER_0_132_533, 255.54, 369.92, 0.00714218
FILLER_0_133_550, 255.54, 369.92, 0.00714218
FILLER_0_133_556, 255.54, 369.92, 0.00714218
_06998_, 268.34, 369.92, 0.00714414
_06999_, 268.34, 369.92, 0.00714414
_08889_, 268.34, 369.92, 0.00714414
FILLER_0_132_563, 268.34, 369.92, 0.00714414
FILLER_0_132_579, 268.34, 369.92, 0.00714414
_06720_, 281.14, 369.92, 0.00714363
_06754_, 281.14, 369.92, 0.00714363
_06825_, 281.14, 369.92, 0.00714363
_06906_, 281.14, 369.92, 0.00714363
FILLER_0_132_589, 281.14, 369.92, 0.00714363
FILLER_0_133_609, 281.14, 369.92, 0.00714363
_06761_, 293.94, 369.92, 0.00713948
_06830_, 293.94, 369.92, 0.00713948
FILLER_0_132_633, 293.94, 369.92, 0.00713948
_06577_, 306.74, 369.92, 0.00713328
_06667_, 306.74, 369.92, 0.00713328
_12755_, 306.74, 369.92, 0.00713328
FILLER_0_132_641, 306.74, 369.92, 0.00713328
FILLER_0_132_657, 306.74, 369.92, 0.00713328
_06472_, 319.54, 369.92, 0.00711835
_07417_, 319.54, 369.92, 0.00711835
FILLER_0_131_669, 319.54, 369.92, 0.00711835
FILLER_0_131_673, 319.54, 369.92, 0.00711835
FILLER_0_131_682, 319.54, 369.92, 0.00711835
FILLER_0_132_693, 319.54, 369.92, 0.00711835
_06354_, 344.33, 369.92, 0.0071472
_06378_, 344.33, 369.92, 0.0071472
_06393_, 344.33, 369.92, 0.0071472
_06600_, 344.33, 369.92, 0.0071472
FILLER_0_132_737, 344.33, 369.92, 0.0071472
_06453_, 356.32, 369.92, 0.00719515
_06532_, 356.32, 369.92, 0.00719515
_06533_, 356.32, 369.92, 0.00719515
FILLER_0_131_753, 356.32, 369.92, 0.00719515
FILLER_0_133_775, 356.32, 369.92, 0.00719515
_06411_, 368.31, 369.92, 0.00724224
_06536_, 368.31, 369.92, 0.00724224
FILLER_0_131_779, 368.31, 369.92, 0.00724224
FILLER_0_132_800, 368.31, 369.92, 0.00724224
FILLER_0_133_791, 368.31, 369.92, 0.00724224
_06389_, 380.3, 369.92, 0.00728849
_06390_, 380.3, 369.92, 0.00728849
_06415_, 380.3, 369.92, 0.00728849
_06474_, 380.3, 369.92, 0.00728849
_06491_, 380.3, 369.92, 0.00728849
_06541_, 380.3, 369.92, 0.00728849
FILLER_0_132_819, 380.3, 369.92, 0.00728849
_06499_, 392.29, 369.92, 0.00732306
rebuffer5, 392.29, 369.92, 0.00732306
rebuffer11, 392.29, 369.92, 0.00732306
FILLER_0_131_837, 392.29, 369.92, 0.00732306
FILLER_0_132_837, 392.29, 369.92, 0.00732306
_12622_, 416.27, 369.92, 0.00737875
_12672_, 416.27, 369.92, 0.00737875
FILLER_0_131_888, 416.27, 369.92, 0.00737875
FILLER_0_132_881, 416.27, 369.92, 0.00737875
FILLER_0_132_889, 416.27, 369.92, 0.00737875
PHY_258, 5.52, 364.48, 0.00698718
PHY_260, 5.52, 364.48, 0.00698718
PHY_259, 428.26, 364.48, 0.00726049
PHY_261, 428.26, 364.48, 0.00726049
output97, 428.26, 364.48, 0.00726049
FILLER_0_129_909, 428.26, 364.48, 0.00726049
FILLER_0_130_913, 428.26, 364.48, 0.00726049
FILLER_0_130_77, 37.94, 364.48, 0.00698913
FILLER_0_131_105, 50.74, 364.48, 0.00699107
FILLER_0_130_133, 63.54, 364.48, 0.00699302
FILLER_0_131_161, 76.34, 364.48, 0.00699497
FILLER_0_130_189, 89.14, 364.48, 0.00699691
FILLER_0_131_217, 101.94, 364.48, 0.00699886
FILLER_0_130_245, 114.74, 364.48, 0.00700081
FILLER_0_131_273, 127.54, 364.48, 0.00700275
FILLER_0_130_301, 140.34, 364.48, 0.0070047
FILLER_0_131_329, 153.14, 364.48, 0.00700665
FILLER_0_130_357, 165.94, 364.48, 0.00700859
FILLER_0_131_361, 165.94, 364.48, 0.00700859
_07117_, 191.54, 364.48, 0.00703194
_07136_, 191.54, 364.48, 0.00703194
_07138_, 191.54, 364.48, 0.00703194
_07182_, 191.54, 364.48, 0.00703194
FILLER_0_130_395, 191.54, 364.48, 0.00703194
FILLER_0_130_409, 191.54, 364.48, 0.00703194
FILLER_0_130_417, 191.54, 364.48, 0.00703194
_07134_, 204.34, 364.48, 0.00704662
_07187_, 204.34, 364.48, 0.00704662
FILLER_0_130_421, 204.34, 364.48, 0.00704662
FILLER_0_130_429, 204.34, 364.48, 0.00704662
FILLER_0_131_445, 204.34, 364.48, 0.00704662
_07132_, 217.14, 364.48, 0.0070586
FILLER_0_129_449, 217.14, 364.48, 0.0070586
FILLER_0_130_469, 217.14, 364.48, 0.0070586
_06753_, 229.94, 364.48, 0.00706988
_07054_, 229.94, 364.48, 0.00706988
_07061_, 229.94, 364.48, 0.00706988
_07124_, 229.94, 364.48, 0.00706988
FILLER_0_130_498, 229.94, 364.48, 0.00706988
FILLER_0_131_499, 229.94, 364.48, 0.00706988
_06908_, 242.74, 364.48, 0.00707849
_06985_, 242.74, 364.48, 0.00707849
_06989_, 242.74, 364.48, 0.00707849
_08858_, 242.74, 364.48, 0.00707849
_08860_, 242.74, 364.48, 0.00707849
FILLER_0_129_505, 242.74, 364.48, 0.00707849
FILLER_0_130_509, 242.74, 364.48, 0.00707849
FILLER_0_130_520, 242.74, 364.48, 0.00707849
FILLER_0_131_519, 242.74, 364.48, 0.00707849
_06910_, 255.54, 364.48, 0.00708399
_06912_, 255.54, 364.48, 0.00708399
_06913_, 255.54, 364.48, 0.00708399
_06979_, 255.54, 364.48, 0.00708399
_08884_, 255.54, 364.48, 0.00708399
FILLER_0_130_548, 255.54, 364.48, 0.00708399
FILLER_0_130_557, 255.54, 364.48, 0.00708399
_06997_, 268.34, 364.48, 0.007085
_08882_, 268.34, 364.48, 0.007085
_08883_, 268.34, 364.48, 0.007085
FILLER_0_130_578, 268.34, 364.48, 0.007085
_06760_, 281.14, 364.48, 0.00708364
_06766_, 281.14, 364.48, 0.00708364
_06828_, 281.14, 364.48, 0.00708364
_06916_, 281.14, 364.48, 0.00708364
_06919_, 281.14, 364.48, 0.00708364
FILLER_0_130_608, 281.14, 364.48, 0.00708364
FILLER_0_131_604, 281.14, 364.48, 0.00708364
_06572_, 293.94, 364.48, 0.00707848
_06657_, 293.94, 364.48, 0.00707848
_06666_, 293.94, 364.48, 0.00707848
_06829_, 293.94, 364.48, 0.00707848
FILLER_0_130_630, 293.94, 364.48, 0.00707848
FILLER_0_130_640, 293.94, 364.48, 0.00707848
FILLER_0_131_632, 293.94, 364.48, 0.00707848
_06352_, 306.74, 364.48, 0.00706987
_06574_, 306.74, 364.48, 0.00706987
_06575_, 306.74, 364.48, 0.00706987
_06576_, 306.74, 364.48, 0.00706987
FILLER_0_130_645, 306.74, 364.48, 0.00706987
FILLER_0_130_659, 306.74, 364.48, 0.00706987
FILLER_0_131_661, 306.74, 364.48, 0.00706987
_06368_, 319.54, 364.48, 0.00705822
_06524_, 319.54, 364.48, 0.00705822
_07048_, 319.54, 364.48, 0.00705822
FILLER_0_130_686, 319.54, 364.48, 0.00705822
_06385_, 344.33, 364.48, 0.00708904
_06429_, 344.33, 364.48, 0.00708904
_06430_, 344.33, 364.48, 0.00708904
FILLER_0_130_729, 344.33, 364.48, 0.00708904
FILLER_0_130_746, 344.33, 364.48, 0.00708904
_06465_, 356.32, 364.48, 0.00713475
_06466_, 356.32, 364.48, 0.00713475
_06467_, 356.32, 364.48, 0.00713475
_06469_, 356.32, 364.48, 0.00713475
_06478_, 356.32, 364.48, 0.00713475
FILLER_0_130_763, 356.32, 364.48, 0.00713475
_06471_, 368.31, 364.48, 0.00717591
_06494_, 368.31, 364.48, 0.00717591
_06495_, 368.31, 364.48, 0.00717591
_06496_, 368.31, 364.48, 0.00717591
FILLER_0_130_786, 368.31, 364.48, 0.00717591
FILLER_0_131_797, 368.31, 364.48, 0.00717591
_06490_, 380.3, 364.48, 0.00721271
_06497_, 380.3, 364.48, 0.00721271
_12645_, 380.3, 364.48, 0.00721271
_12646_, 380.3, 364.48, 0.00721271
ANTENNA_35, 380.3, 364.48, 0.00721271
FILLER_0_130_813, 380.3, 364.48, 0.00721271
FILLER_0_131_819, 380.3, 364.48, 0.00721271
_06475_, 392.29, 364.48, 0.00722809
_12647_, 392.29, 364.48, 0.00722809
ANTENNA_33, 392.29, 364.48, 0.00722809
ANTENNA_34, 392.29, 364.48, 0.00722809
ANTENNA_36, 392.29, 364.48, 0.00722809
FILLER_0_130_857, 404.28, 364.48, 0.00723889
FILLER_0_130_865, 404.28, 364.48, 0.00723889
FILLER_0_129_889, 416.27, 364.48, 0.00724969
FILLER_0_130_905, 416.27, 364.48, 0.00724969
PHY_254, 5.52, 359.04, 0.00700494
PHY_256, 5.52, 359.04, 0.00700494
output108, 5.52, 359.04, 0.00700494
PHY_255, 428.26, 359.04, 0.00715521
PHY_257, 428.26, 359.04, 0.00715521
FILLER_0_127_909, 428.26, 359.04, 0.00715521
FILLER_0_128_77, 37.94, 359.04, 0.00698776
FILLER_0_129_105, 50.74, 359.04, 0.00699077
FILLER_0_128_133, 63.54, 359.04, 0.00699378
FILLER_0_129_161, 76.34, 359.04, 0.00699679
FILLER_0_128_189, 89.14, 359.04, 0.0069998
FILLER_0_129_217, 101.94, 359.04, 0.00700281
FILLER_0_128_245, 114.74, 359.04, 0.00700582
FILLER_0_129_273, 127.54, 359.04, 0.00700883
FILLER_0_128_301, 140.34, 359.04, 0.00701183
FILLER_0_129_329, 153.14, 359.04, 0.00701484
_09473_, 165.94, 359.04, 0.00701785
_09474_, 165.94, 359.04, 0.00701785
FILLER_0_128_345, 165.94, 359.04, 0.00701785
FILLER_0_128_359, 165.94, 359.04, 0.00701785
FILLER_0_129_349, 165.94, 359.04, 0.00701785
_07106_, 191.54, 359.04, 0.00709474
_07112_, 191.54, 359.04, 0.00709474
_07116_, 191.54, 359.04, 0.00709474
FILLER_0_128_411, 191.54, 359.04, 0.00709474
_07108_, 204.34, 359.04, 0.00716774
_07110_, 204.34, 359.04, 0.00716774
_07111_, 204.34, 359.04, 0.00716774
_07120_, 204.34, 359.04, 0.00716774
_07121_, 204.34, 359.04, 0.00716774
FILLER_0_128_440, 204.34, 359.04, 0.00716774
FILLER_0_129_441, 204.34, 359.04, 0.00716774
_07126_, 217.14, 359.04, 0.00723766
_07127_, 217.14, 359.04, 0.00723766
_07128_, 217.14, 359.04, 0.00723766
_07129_, 217.14, 359.04, 0.00723766
_07131_, 217.14, 359.04, 0.00723766
_07192_, 217.14, 359.04, 0.00723766
_07195_, 217.14, 359.04, 0.00723766
_07196_, 217.14, 359.04, 0.00723766
FILLER_0_127_455, 217.14, 359.04, 0.00723766
FILLER_0_128_454, 217.14, 359.04, 0.00723766
FILLER_0_128_473, 217.14, 359.04, 0.00723766
_07055_, 229.94, 359.04, 0.00730394
_07070_, 229.94, 359.04, 0.00730394
_07201_, 229.94, 359.04, 0.00730394
_06507_, 242.74, 359.04, 0.0073684
_06984_, 242.74, 359.04, 0.0073684
_08859_, 242.74, 359.04, 0.0073684
wire134, 242.74, 359.04, 0.0073684
ANTENNA_174, 242.74, 359.04, 0.0073684
ANTENNA_176, 242.74, 359.04, 0.0073684
ANTENNA_178, 242.74, 359.04, 0.0073684
FILLER_0_128_504, 242.74, 359.04, 0.0073684
FILLER_0_129_529, 242.74, 359.04, 0.0073684
_06810_, 255.54, 359.04, 0.00732643
_06812_, 255.54, 359.04, 0.00732643
_06813_, 255.54, 359.04, 0.00732643
_06909_, 255.54, 359.04, 0.00732643
_06983_, 255.54, 359.04, 0.00732643
ANTENNA_175, 255.54, 359.04, 0.00732643
ANTENNA_177, 255.54, 359.04, 0.00732643
FILLER_0_129_553, 255.54, 359.04, 0.00732643
_06808_, 268.34, 359.04, 0.0072819
_06995_, 268.34, 359.04, 0.0072819
_06996_, 268.34, 359.04, 0.0072819
_07000_, 268.34, 359.04, 0.0072819
FILLER_0_128_567, 268.34, 359.04, 0.0072819
FILLER_0_129_573, 268.34, 359.04, 0.0072819
_06765_, 281.14, 359.04, 0.00723561
_06915_, 281.14, 359.04, 0.00723561
_06918_, 281.14, 359.04, 0.00723561
FILLER_0_128_612, 281.14, 359.04, 0.00723561
FILLER_0_129_610, 281.14, 359.04, 0.00723561
_06661_, 293.94, 359.04, 0.007188
_06664_, 293.94, 359.04, 0.007188
_06665_, 293.94, 359.04, 0.007188
_06755_, 293.94, 359.04, 0.007188
_06759_, 293.94, 359.04, 0.007188
FILLER_0_127_623, 293.94, 359.04, 0.007188
FILLER_0_128_639, 293.94, 359.04, 0.007188
_07041_, 306.74, 359.04, 0.00713712
_12750_, 306.74, 359.04, 0.00713712
ANTENNA_126, 306.74, 359.04, 0.00713712
ANTENNA_128, 306.74, 359.04, 0.00713712
FILLER_0_128_645, 306.74, 359.04, 0.00713712
FILLER_0_129_662, 306.74, 359.04, 0.00713712
_06304_, 319.54, 359.04, 0.00707513
_06363_, 319.54, 359.04, 0.00707513
fanout159, 319.54, 359.04, 0.00707513
ANTENNA_127, 319.54, 359.04, 0.00707513
ANTENNA_129, 319.54, 359.04, 0.00707513
FILLER_0_127_669, 319.54, 359.04, 0.00707513
FILLER_0_128_696, 319.54, 359.04, 0.00707513
FILLER_0_129_696, 319.54, 359.04, 0.00707513
_06382_, 344.33, 359.04, 0.0070385
_06436_, 344.33, 359.04, 0.0070385
_06476_, 344.33, 359.04, 0.0070385
FILLER_0_128_725, 344.33, 359.04, 0.0070385
_06299_, 356.32, 359.04, 0.00706611
_06380_, 356.32, 359.04, 0.00706611
_06470_, 356.32, 359.04, 0.00706611
_06488_, 356.32, 359.04, 0.00706611
FILLER_0_127_756, 356.32, 359.04, 0.00706611
_06410_, 368.31, 359.04, 0.00708856
_06489_, 368.31, 359.04, 0.00708856
FILLER_0_127_776, 368.31, 359.04, 0.00708856
FILLER_0_127_785, 368.31, 359.04, 0.00708856
FILLER_0_128_776, 368.31, 359.04, 0.00708856
FILLER_0_129_801, 368.31, 359.04, 0.00708856
_06441_, 380.3, 359.04, 0.00710938
_06442_, 380.3, 359.04, 0.00710938
_06443_, 380.3, 359.04, 0.00710938
_06487_, 380.3, 359.04, 0.00710938
_06493_, 380.3, 359.04, 0.00710938
_06498_, 380.3, 359.04, 0.00710938
FILLER_0_127_805, 380.3, 359.04, 0.00710938
FILLER_0_128_802, 380.3, 359.04, 0.00710938
FILLER_0_128_816, 380.3, 359.04, 0.00710938
FILLER_0_129_827, 380.3, 359.04, 0.00710938
_06492_, 392.29, 359.04, 0.00712785
FILLER_0_127_833, 392.29, 359.04, 0.00712785
_06806_, 404.28, 359.04, 0.00714572
FILLER_0_128_863, 404.28, 359.04, 0.00714572
_12655_, 416.27, 359.04, 0.00715521
FILLER_0_127_885, 416.27, 359.04, 0.00715521
FILLER_0_128_893, 416.27, 359.04, 0.00715521
PHY_250, 5.52, 353.6, 0.00697069
PHY_252, 5.52, 353.6, 0.00697069
PHY_251, 428.26, 353.6, 0.00711916
PHY_253, 428.26, 353.6, 0.00711916
FILLER_0_125_909, 428.26, 353.6, 0.00711916
fanout152, 37.94, 353.6, 0.00697216
FILLER_0_126_79, 37.94, 353.6, 0.00697216
FILLER_0_127_105, 50.74, 353.6, 0.00697148
FILLER_0_126_133, 63.54, 353.6, 0.0069708
FILLER_0_127_161, 76.34, 353.6, 0.00697012
FILLER_0_126_189, 89.14, 353.6, 0.00696945
FILLER_0_127_217, 101.94, 353.6, 0.00696877
FILLER_0_126_245, 114.74, 353.6, 0.00696809
FILLER_0_127_273, 127.54, 353.6, 0.00696741
FILLER_0_126_301, 140.34, 353.6, 0.00696673
FILLER_0_127_329, 153.14, 353.6, 0.00696606
_09471_, 165.94, 353.6, 0.00696538
_09674_, 165.94, 353.6, 0.00696538
_09677_, 165.94, 353.6, 0.00696538
_09680_, 165.94, 353.6, 0.00696538
FILLER_0_125_337, 165.94, 353.6, 0.00696538
FILLER_0_126_345, 165.94, 353.6, 0.00696538
FILLER_0_126_361, 165.94, 353.6, 0.00696538
FILLER_0_127_361, 165.94, 353.6, 0.00696538
_07098_, 191.54, 353.6, 0.00701759
_07103_, 191.54, 353.6, 0.00701759
_07105_, 191.54, 353.6, 0.00701759
FILLER_0_125_399, 191.54, 353.6, 0.00701759
FILLER_0_127_412, 191.54, 353.6, 0.00701759
_06811_, 204.34, 353.6, 0.0070713
_07097_, 204.34, 353.6, 0.0070713
_07107_, 204.34, 353.6, 0.0070713
_07109_, 204.34, 353.6, 0.0070713
FILLER_0_126_421, 204.34, 353.6, 0.0070713
FILLER_0_127_439, 204.34, 353.6, 0.0070713
_07130_, 217.14, 353.6, 0.00712107
_07193_, 217.14, 353.6, 0.00712107
_07202_, 217.14, 353.6, 0.00712107
rebuffer43, 217.14, 353.6, 0.00712107
FILLER_0_125_449, 217.14, 353.6, 0.00712107
FILLER_0_126_458, 217.14, 353.6, 0.00712107
FILLER_0_126_466, 217.14, 353.6, 0.00712107
FILLER_0_127_466, 217.14, 353.6, 0.00712107
_06506_, 229.94, 353.6, 0.00716422
_07194_, 229.94, 353.6, 0.00716422
_07200_, 229.94, 353.6, 0.00716422
_07371_, 229.94, 353.6, 0.00716422
rebuffer39, 229.94, 353.6, 0.00716422
FILLER_0_126_496, 229.94, 353.6, 0.00716422
FILLER_0_127_489, 229.94, 353.6, 0.00716422
_06505_, 242.74, 353.6, 0.0071852
_06573_, 242.74, 353.6, 0.0071852
_06630_, 242.74, 353.6, 0.0071852
_06824_, 242.74, 353.6, 0.0071852
_12716_, 242.74, 353.6, 0.0071852
FILLER_0_127_528, 242.74, 353.6, 0.0071852
_06764_, 255.54, 353.6, 0.00719058
_06911_, 255.54, 353.6, 0.00719058
_06981_, 255.54, 353.6, 0.00719058
_06982_, 255.54, 353.6, 0.00719058
_08856_, 255.54, 353.6, 0.00719058
FILLER_0_125_533, 255.54, 353.6, 0.00719058
FILLER_0_126_543, 255.54, 353.6, 0.00719058
FILLER_0_127_557, 255.54, 353.6, 0.00719058
_08878_, 268.34, 353.6, 0.00719315
_08880_, 268.34, 353.6, 0.00719315
_08881_, 268.34, 353.6, 0.00719315
FILLER_0_125_561, 268.34, 353.6, 0.00719315
FILLER_0_126_558, 268.34, 353.6, 0.00719315
FILLER_0_126_578, 268.34, 353.6, 0.00719315
FILLER_0_127_585, 268.34, 353.6, 0.00719315
_06914_, 281.14, 353.6, 0.00719413
_06994_, 281.14, 353.6, 0.00719413
clkbuf_4_13_0_clk, 281.14, 353.6, 0.00719413
rebuffer40, 281.14, 353.6, 0.00719413
FILLER_0_126_599, 281.14, 353.6, 0.00719413
FILLER_0_126_613, 281.14, 353.6, 0.00719413
FILLER_0_127_605, 281.14, 353.6, 0.00719413
FILLER_0_127_613, 281.14, 353.6, 0.00719413
_06634_, 293.94, 353.6, 0.00714434
_06659_, 293.94, 353.6, 0.00714434
_06662_, 293.94, 353.6, 0.00714434
_06663_, 293.94, 353.6, 0.00714434
FILLER_0_125_624, 293.94, 353.6, 0.00714434
_06511_, 306.74, 353.6, 0.00709282
_06632_, 306.74, 353.6, 0.00709282
_06633_, 306.74, 353.6, 0.00709282
_06635_, 306.74, 353.6, 0.00709282
_06636_, 306.74, 353.6, 0.00709282
_12751_, 306.74, 353.6, 0.00709282
FILLER_0_125_650, 306.74, 353.6, 0.00709282
FILLER_0_127_661, 306.74, 353.6, 0.00709282
_06305_, 319.54, 353.6, 0.00703056
_06318_, 319.54, 353.6, 0.00703056
_06361_, 319.54, 353.6, 0.00703056
_06365_, 319.54, 353.6, 0.00703056
_06377_, 319.54, 353.6, 0.00703056
FILLER_0_126_685, 319.54, 353.6, 0.00703056
FILLER_0_127_695, 319.54, 353.6, 0.00703056
_06384_, 344.33, 353.6, 0.00699604
_06434_, 344.33, 353.6, 0.00699604
_06435_, 344.33, 353.6, 0.00699604
_06464_, 344.33, 353.6, 0.00699604
FILLER_0_125_729, 344.33, 353.6, 0.00699604
FILLER_0_127_747, 344.33, 353.6, 0.00699604
_06360_, 356.32, 353.6, 0.00702939
_06468_, 356.32, 353.6, 0.00702939
_06477_, 356.32, 353.6, 0.00702939
FILLER_0_126_764, 356.32, 353.6, 0.00702939
_06404_, 368.31, 353.6, 0.00705919
_06407_, 368.31, 353.6, 0.00705919
_06409_, 368.31, 353.6, 0.00705919
_06432_, 368.31, 353.6, 0.00705919
FILLER_0_125_778, 368.31, 353.6, 0.00705919
FILLER_0_126_776, 368.31, 353.6, 0.00705919
FILLER_0_126_791, 368.31, 353.6, 0.00705919
_06420_, 380.3, 353.6, 0.0070854
_06422_, 380.3, 353.6, 0.0070854
_06431_, 380.3, 353.6, 0.0070854
_06440_, 380.3, 353.6, 0.0070854
FILLER_0_126_808, 380.3, 353.6, 0.0070854
_06751_, 392.29, 353.6, 0.00710956
_06899_, 392.29, 353.6, 0.00710956
_06940_, 392.29, 353.6, 0.00710956
FILLER_0_126_831, 392.29, 353.6, 0.00710956
FILLER_0_126_853, 392.29, 353.6, 0.00710956
_06778_, 404.28, 353.6, 0.00711916
_06805_, 404.28, 353.6, 0.00711916
_06896_, 404.28, 353.6, 0.00711916
rebuffer30, 404.28, 353.6, 0.00711916
rebuffer48, 404.28, 353.6, 0.00711916
FILLER_0_125_889, 416.27, 353.6, 0.00711916
FILLER_0_127_893, 416.27, 353.6, 0.00711916
_12756_, 5.52, 348.16, 0.00696279
PHY_246, 5.52, 348.16, 0.00696279
PHY_248, 5.52, 348.16, 0.00696279
PHY_247, 428.26, 348.16, 0.00713051
PHY_249, 428.26, 348.16, 0.00713051
input52, 428.26, 348.16, 0.00713051
FILLER_0_123_909, 428.26, 348.16, 0.00713051
FILLER_0_124_77, 37.94, 348.16, 0.00694945
FILLER_0_125_105, 50.74, 348.16, 0.00694943
FILLER_0_124_133, 63.54, 348.16, 0.00694942
FILLER_0_125_161, 76.34, 348.16, 0.0069494
FILLER_0_124_189, 89.14, 348.16, 0.00694938
FILLER_0_125_217, 101.94, 348.16, 0.00694937
FILLER_0_124_245, 114.74, 348.16, 0.00694935
_12723_, 127.54, 348.16, 0.00694934
FILLER_0_125_273, 127.54, 348.16, 0.00694934
FILLER_0_123_293, 140.34, 348.16, 0.00694078
FILLER_0_124_301, 140.34, 348.16, 0.00694078
FILLER_0_125_329, 153.14, 348.16, 0.00693223
_09676_, 165.94, 348.16, 0.00692368
_09865_, 165.94, 348.16, 0.00692368
FILLER_0_124_345, 165.94, 348.16, 0.00692368
FILLER_0_124_359, 165.94, 348.16, 0.00692368
_07092_, 191.54, 348.16, 0.00694717
_07093_, 191.54, 348.16, 0.00694717
_07096_, 191.54, 348.16, 0.00694717
_07100_, 191.54, 348.16, 0.00694717
FILLER_0_124_395, 191.54, 348.16, 0.00694717
_07087_, 204.34, 348.16, 0.00697754
_07203_, 204.34, 348.16, 0.00697754
_07204_, 204.34, 348.16, 0.00697754
FILLER_0_124_445, 204.34, 348.16, 0.00697754
FILLER_0_125_444, 204.34, 348.16, 0.00697754
_07188_, 217.14, 348.16, 0.00700132
_07368_, 217.14, 348.16, 0.00700132
rebuffer25, 217.14, 348.16, 0.00700132
FILLER_0_124_472, 217.14, 348.16, 0.00700132
FILLER_0_125_463, 217.14, 348.16, 0.00700132
_07374_, 229.94, 348.16, 0.007007
FILLER_0_124_477, 229.94, 348.16, 0.007007
_08857_, 242.74, 348.16, 0.00700245
FILLER_0_125_517, 242.74, 348.16, 0.00700245
_06980_, 255.54, 348.16, 0.00699747
FILLER_0_123_543, 255.54, 348.16, 0.00699747
_06816_, 268.34, 348.16, 0.00699174
_06993_, 268.34, 348.16, 0.00699174
_07144_, 268.34, 348.16, 0.00699174
FILLER_0_125_577, 268.34, 348.16, 0.00699174
_06660_, 281.14, 348.16, 0.00698461
_06917_, 281.14, 348.16, 0.00698461
_06991_, 281.14, 348.16, 0.00698461
_06992_, 281.14, 348.16, 0.00698461
_08879_, 281.14, 348.16, 0.00698461
FILLER_0_124_589, 281.14, 348.16, 0.00698461
FILLER_0_124_611, 281.14, 348.16, 0.00698461
_06631_, 293.94, 348.16, 0.00697545
_06756_, 293.94, 348.16, 0.00697545
_06757_, 293.94, 348.16, 0.00697545
_06758_, 293.94, 348.16, 0.00697545
FILLER_0_124_637, 293.94, 348.16, 0.00697545
FILLER_0_125_632, 293.94, 348.16, 0.00697545
_06300_, 306.74, 348.16, 0.00696401
_06319_, 306.74, 348.16, 0.00696401
_06346_, 306.74, 348.16, 0.00696401
_06510_, 306.74, 348.16, 0.00696401
_06512_, 306.74, 348.16, 0.00696401
_06629_, 306.74, 348.16, 0.00696401
FILLER_0_123_642, 306.74, 348.16, 0.00696401
FILLER_0_124_645, 306.74, 348.16, 0.00696401
FILLER_0_124_656, 306.74, 348.16, 0.00696401
FILLER_0_124_668, 306.74, 348.16, 0.00696401
FILLER_0_125_668, 306.74, 348.16, 0.00696401
_06301_, 319.54, 348.16, 0.00694254
_06306_, 319.54, 348.16, 0.00694254
_06317_, 319.54, 348.16, 0.00694254
_06357_, 319.54, 348.16, 0.00694254
_06451_, 319.54, 348.16, 0.00694254
_06531_, 319.54, 348.16, 0.00694254
FILLER_0_123_669, 319.54, 348.16, 0.00694254
FILLER_0_124_685, 319.54, 348.16, 0.00694254
_06456_, 344.33, 348.16, 0.00695235
_06460_, 344.33, 348.16, 0.00695235
_06461_, 344.33, 348.16, 0.00695235
_06462_, 344.33, 348.16, 0.00695235
_06463_, 344.33, 348.16, 0.00695235
rebuffer44, 344.33, 348.16, 0.00695235
FILLER_0_123_724, 344.33, 348.16, 0.00695235
FILLER_0_124_729, 344.33, 348.16, 0.00695235
FILLER_0_124_741, 344.33, 348.16, 0.00695235
_06314_, 356.32, 348.16, 0.00699527
_06315_, 356.32, 348.16, 0.00699527
_06343_, 356.32, 348.16, 0.00699527
_06383_, 356.32, 348.16, 0.00699527
_07047_, 356.32, 348.16, 0.00699527
FILLER_0_124_765, 356.32, 348.16, 0.00699527
_06401_, 368.31, 348.16, 0.00703047
_06403_, 368.31, 348.16, 0.00703047
_06408_, 368.31, 348.16, 0.00703047
_06419_, 368.31, 348.16, 0.00703047
FILLER_0_123_777, 368.31, 348.16, 0.00703047
FILLER_0_124_785, 368.31, 348.16, 0.00703047
FILLER_0_125_799, 368.31, 348.16, 0.00703047
_06421_, 380.3, 348.16, 0.00706447
_06975_, 380.3, 348.16, 0.00706447
FILLER_0_124_805, 380.3, 348.16, 0.00706447
FILLER_0_124_813, 380.3, 348.16, 0.00706447
FILLER_0_124_821, 380.3, 348.16, 0.00706447
FILLER_0_125_824, 380.3, 348.16, 0.00706447
_06895_, 392.29, 348.16, 0.00709174
_06939_, 392.29, 348.16, 0.00709174
_06973_, 392.29, 348.16, 0.00709174
_06974_, 392.29, 348.16, 0.00709174
_06897_, 404.28, 348.16, 0.00711199
_06898_, 404.28, 348.16, 0.00711199
FILLER_0_123_865, 404.28, 348.16, 0.00711199
FILLER_0_124_863, 404.28, 348.16, 0.00711199
_12688_, 416.27, 348.16, 0.00713027
ANTENNA_86, 416.27, 348.16, 0.00713027
FILLER_0_124_884, 416.27, 348.16, 0.00713027
PHY_242, 5.52, 342.72, 0.00692624
PHY_244, 5.52, 342.72, 0.00692624
input34, 5.52, 342.72, 0.00692624
PHY_243, 428.26, 342.72, 0.00693086
PHY_245, 428.26, 342.72, 0.00693086
FILLER_0_121_909, 428.26, 342.72, 0.00693086
FILLER_0_122_913, 428.26, 342.72, 0.00693086
FILLER_0_122_77, 37.94, 342.72, 0.00692414
FILLER_0_123_105, 50.74, 342.72, 0.00692236
FILLER_0_122_133, 63.54, 342.72, 0.00692058
FILLER_0_123_161, 76.34, 342.72, 0.0069188
FILLER_0_122_189, 89.14, 342.72, 0.00691701
FILLER_0_123_217, 101.94, 342.72, 0.00691523
_11876_, 114.74, 342.72, 0.00691345
max_cap138, 114.74, 342.72, 0.00691345
FILLER_0_121_225, 114.74, 342.72, 0.00691345
FILLER_0_122_245, 114.74, 342.72, 0.00691345
FILLER_0_123_249, 114.74, 342.72, 0.00691345
_11787_, 140.34, 342.72, 0.00690694
_12736_, 140.34, 342.72, 0.00690694
FILLER_0_122_301, 140.34, 342.72, 0.00690694
_07102_, 165.94, 342.72, 0.00688181
_09679_, 165.94, 342.72, 0.00688181
FILLER_0_121_337, 165.94, 342.72, 0.00688181
FILLER_0_121_345, 165.94, 342.72, 0.00688181
FILLER_0_122_357, 165.94, 342.72, 0.00688181
FILLER_0_123_349, 165.94, 342.72, 0.00688181
FILLER_0_123_356, 165.94, 342.72, 0.00688181
_07088_, 191.54, 342.72, 0.00688201
_07091_, 191.54, 342.72, 0.00688201
_07099_, 191.54, 342.72, 0.00688201
_07090_, 204.34, 342.72, 0.00689566
FILLER_0_123_442, 204.34, 342.72, 0.00689566
_07155_, 217.14, 342.72, 0.00690913
_07186_, 217.14, 342.72, 0.00690913
_07197_, 217.14, 342.72, 0.00690913
_07199_, 217.14, 342.72, 0.00690913
FILLER_0_121_449, 217.14, 342.72, 0.00690913
FILLER_0_122_459, 217.14, 342.72, 0.00690913
FILLER_0_122_470, 217.14, 342.72, 0.00690913
_07163_, 229.94, 342.72, 0.00691816
_07191_, 229.94, 342.72, 0.00691816
_07198_, 229.94, 342.72, 0.00691816
FILLER_0_121_484, 229.94, 342.72, 0.00691816
FILLER_0_122_499, 229.94, 342.72, 0.00691816
_06658_, 242.74, 342.72, 0.00692122
_07142_, 242.74, 342.72, 0.00692122
_07148_, 242.74, 342.72, 0.00692122
_07159_, 242.74, 342.72, 0.00692122
_07160_, 242.74, 342.72, 0.00692122
FILLER_0_122_516, 242.74, 342.72, 0.00692122
FILLER_0_123_517, 242.74, 342.72, 0.00692122
_07145_, 255.54, 342.72, 0.00691926
_07146_, 255.54, 342.72, 0.00691926
_07151_, 255.54, 342.72, 0.00691926
_07166_, 255.54, 342.72, 0.00691926
rebuffer38, 255.54, 342.72, 0.00691926
FILLER_0_122_540, 255.54, 342.72, 0.00691926
FILLER_0_122_549, 255.54, 342.72, 0.00691926
_06814_, 268.34, 342.72, 0.00691329
_06815_, 268.34, 342.72, 0.00691329
_07149_, 268.34, 342.72, 0.00691329
_07150_, 268.34, 342.72, 0.00691329
_07152_, 268.34, 342.72, 0.00691329
FILLER_0_122_580, 268.34, 342.72, 0.00691329
_12715_, 281.14, 342.72, 0.00690558
ANTENNA_104, 281.14, 342.72, 0.00690558
ANTENNA_106, 281.14, 342.72, 0.00690558
FILLER_0_122_613, 281.14, 342.72, 0.00690558
FILLER_0_123_611, 281.14, 342.72, 0.00690558
_06557_, 293.94, 342.72, 0.00689027
_08225_, 293.94, 342.72, 0.00689027
ANTENNA_105, 293.94, 342.72, 0.00689027
ANTENNA_107, 293.94, 342.72, 0.00689027
FILLER_0_122_637, 293.94, 342.72, 0.00689027
_06298_, 306.74, 342.72, 0.00687217
_06391_, 306.74, 342.72, 0.00687217
_07021_, 306.74, 342.72, 0.00687217
_08321_, 306.74, 342.72, 0.00687217
_12720_, 306.74, 342.72, 0.00687217
ANTENNA_114, 306.74, 342.72, 0.00687217
ANTENNA_116, 306.74, 342.72, 0.00687217
ANTENNA_117, 306.74, 342.72, 0.00687217
ANTENNA_119, 306.74, 342.72, 0.00687217
FILLER_0_122_645, 306.74, 342.72, 0.00687217
_06303_, 319.54, 342.72, 0.00683832
fanout158, 319.54, 342.72, 0.00683832
ANTENNA_115, 319.54, 342.72, 0.00683832
FILLER_0_121_673, 319.54, 342.72, 0.00683832
FILLER_0_122_695, 319.54, 342.72, 0.00683832
FILLER_0_123_688, 319.54, 342.72, 0.00683832
_06329_, 344.33, 342.72, 0.00683122
_06332_, 344.33, 342.72, 0.00683122
_06334_, 344.33, 342.72, 0.00683122
_06335_, 344.33, 342.72, 0.00683122
_06458_, 344.33, 342.72, 0.00683122
_06459_, 344.33, 342.72, 0.00683122
FILLER_0_121_725, 344.33, 342.72, 0.00683122
_06337_, 356.32, 342.72, 0.00685863
FILLER_0_122_769, 356.32, 342.72, 0.00685863
_06341_, 368.31, 342.72, 0.00688521
_06398_, 368.31, 342.72, 0.00688521
_06399_, 368.31, 342.72, 0.00688521
_06402_, 368.31, 342.72, 0.00688521
FILLER_0_122_781, 368.31, 342.72, 0.00688521
FILLER_0_122_792, 368.31, 342.72, 0.00688521
FILLER_0_123_797, 368.31, 342.72, 0.00688521
_06309_, 380.3, 342.72, 0.0069077
_06437_, 380.3, 342.72, 0.0069077
_06439_, 380.3, 342.72, 0.0069077
_08776_, 380.3, 342.72, 0.0069077
FILLER_0_122_804, 380.3, 342.72, 0.0069077
FILLER_0_123_821, 380.3, 342.72, 0.0069077
_06877_, 392.29, 342.72, 0.0069199
_06972_, 392.29, 342.72, 0.0069199
_06804_, 404.28, 342.72, 0.00693086
_12718_, 404.28, 342.72, 0.00693086
FILLER_0_122_860, 404.28, 342.72, 0.00693086
FILLER_0_122_905, 416.27, 342.72, 0.00693086
PHY_238, 5.52, 337.28, 0.00691463
PHY_240, 5.52, 337.28, 0.00691463
PHY_239, 428.26, 337.28, 0.00732562
PHY_241, 428.26, 337.28, 0.00732562
input4, 428.26, 337.28, 0.00732562
FILLER_0_119_909, 428.26, 337.28, 0.00732562
FILLER_0_120_77, 37.94, 337.28, 0.00691836
FILLER_0_121_105, 50.74, 337.28, 0.0069221
FILLER_0_120_133, 63.54, 337.28, 0.00692583
FILLER_0_121_161, 76.34, 337.28, 0.00692957
FILLER_0_119_181, 89.14, 337.28, 0.0069333
FILLER_0_120_189, 89.14, 337.28, 0.0069333
_11684_, 101.94, 337.28, 0.00693704
_11790_, 101.94, 337.28, 0.00693704
_11881_, 101.94, 337.28, 0.00693704
FILLER_0_120_217, 101.94, 337.28, 0.00693704
FILLER_0_121_217, 101.94, 337.28, 0.00693704
_11789_, 114.74, 337.28, 0.00693546
_11875_, 114.74, 337.28, 0.00693546
_11880_, 114.74, 337.28, 0.00693546
_11961_, 114.74, 337.28, 0.00693546
_11962_, 114.74, 337.28, 0.00693546
wire2, 114.74, 337.28, 0.00693546
FILLER_0_119_225, 114.74, 337.28, 0.00693546
_11681_, 127.54, 337.28, 0.00692912
_11682_, 127.54, 337.28, 0.00692912
_11788_, 127.54, 337.28, 0.00692912
_11879_, 127.54, 337.28, 0.00692912
FILLER_0_120_265, 127.54, 337.28, 0.00692912
FILLER_0_121_276, 127.54, 337.28, 0.00692912
_11675_, 140.34, 337.28, 0.00691888
_11676_, 140.34, 337.28, 0.00691888
_11677_, 140.34, 337.28, 0.00691888
_11679_, 140.34, 337.28, 0.00691888
_11680_, 140.34, 337.28, 0.00691888
_11785_, 140.34, 337.28, 0.00691888
_11786_, 140.34, 337.28, 0.00691888
FILLER_0_119_281, 140.34, 337.28, 0.00691888
_11674_, 153.14, 337.28, 0.00690424
_11782_, 153.14, 337.28, 0.00690424
_11783_, 153.14, 337.28, 0.00690424
_11784_, 153.14, 337.28, 0.00690424
FILLER_0_119_307, 153.14, 337.28, 0.00690424
FILLER_0_120_309, 153.14, 337.28, 0.00690424
_07083_, 165.94, 337.28, 0.00688749
_09472_, 165.94, 337.28, 0.00688749
_09678_, 165.94, 337.28, 0.00688749
FILLER_0_120_340, 165.94, 337.28, 0.00688749
FILLER_0_120_354, 165.94, 337.28, 0.00688749
_08811_, 191.54, 337.28, 0.00693775
_09450_, 191.54, 337.28, 0.00693775
_09481_, 191.54, 337.28, 0.00693775
_09686_, 191.54, 337.28, 0.00693775
FILLER_0_119_393, 191.54, 337.28, 0.00693775
FILLER_0_120_413, 191.54, 337.28, 0.00693775
_06809_, 204.34, 337.28, 0.00696817
_07086_, 204.34, 337.28, 0.00696817
_07181_, 204.34, 337.28, 0.00696817
_07183_, 204.34, 337.28, 0.00696817
_07184_, 204.34, 337.28, 0.00696817
_07185_, 204.34, 337.28, 0.00696817
_07205_, 204.34, 337.28, 0.00696817
FILLER_0_119_426, 204.34, 337.28, 0.00696817
FILLER_0_120_438, 204.34, 337.28, 0.00696817
FILLER_0_121_436, 204.34, 337.28, 0.00696817
FILLER_0_121_443, 204.34, 337.28, 0.00696817
_07174_, 217.14, 337.28, 0.00697807
_07180_, 217.14, 337.28, 0.00697807
_07190_, 217.14, 337.28, 0.00697807
FILLER_0_119_449, 217.14, 337.28, 0.00697807
FILLER_0_120_447, 217.14, 337.28, 0.00697807
FILLER_0_121_464, 217.14, 337.28, 0.00697807
_07140_, 229.94, 337.28, 0.00698213
_07141_, 229.94, 337.28, 0.00698213
_07143_, 229.94, 337.28, 0.00698213
_07162_, 229.94, 337.28, 0.00698213
_07173_, 229.94, 337.28, 0.00698213
_07179_, 229.94, 337.28, 0.00698213
FILLER_0_120_481, 229.94, 337.28, 0.00698213
_07153_, 242.74, 337.28, 0.0069827
_07154_, 242.74, 337.28, 0.0069827
_07161_, 242.74, 337.28, 0.0069827
_07164_, 242.74, 337.28, 0.0069827
_07172_, 242.74, 337.28, 0.0069827
_07147_, 255.54, 337.28, 0.00697594
_07165_, 255.54, 337.28, 0.00697594
_07189_, 255.54, 337.28, 0.00697594
_07377_, 255.54, 337.28, 0.00697594
_07378_, 255.54, 337.28, 0.00697594
_07381_, 268.34, 337.28, 0.00695897
ANTENNA_108, 268.34, 337.28, 0.00695897
FILLER_0_120_572, 268.34, 337.28, 0.00695897
FILLER_0_121_578, 268.34, 337.28, 0.00695897
_06394_, 281.14, 337.28, 0.00694145
_07168_, 281.14, 337.28, 0.00694145
_07169_, 281.14, 337.28, 0.00694145
_07382_, 281.14, 337.28, 0.00694145
FILLER_0_120_611, 281.14, 337.28, 0.00694145
_06348_, 293.94, 337.28, 0.00691691
_08224_, 293.94, 337.28, 0.00691691
_08226_, 293.94, 337.28, 0.00691691
FILLER_0_119_617, 293.94, 337.28, 0.00691691
FILLER_0_120_620, 293.94, 337.28, 0.00691691
_06297_, 306.74, 337.28, 0.00688875
_07167_, 306.74, 337.28, 0.00688875
_08320_, 306.74, 337.28, 0.00688875
_08325_, 306.74, 337.28, 0.00688875
FILLER_0_121_658, 306.74, 337.28, 0.00688875
FILLER_0_121_668, 306.74, 337.28, 0.00688875
_08322_, 319.54, 337.28, 0.0068555
_08327_, 319.54, 337.28, 0.0068555
_12747_, 319.54, 337.28, 0.0068555
_12748_, 319.54, 337.28, 0.0068555
FILLER_0_119_669, 319.54, 337.28, 0.0068555
FILLER_0_120_677, 319.54, 337.28, 0.0068555
FILLER_0_121_687, 319.54, 337.28, 0.0068555
_06325_, 344.33, 337.28, 0.00691999
_06327_, 344.33, 337.28, 0.00691999
_06336_, 344.33, 337.28, 0.00691999
rebuffer10, 344.33, 337.28, 0.00691999
ANTENNA_26, 344.33, 337.28, 0.00691999
FILLER_0_119_724, 344.33, 337.28, 0.00691999
FILLER_0_119_729, 344.33, 337.28, 0.00691999
FILLER_0_120_728, 344.33, 337.28, 0.00691999
FILLER_0_120_735, 344.33, 337.28, 0.00691999
FILLER_0_121_742, 344.33, 337.28, 0.00691999
_06322_, 356.32, 337.28, 0.00703313
_06338_, 356.32, 337.28, 0.00703313
_06339_, 356.32, 337.28, 0.00703313
_06340_, 356.32, 337.28, 0.00703313
FILLER_0_121_775, 356.32, 337.28, 0.00703313
_06308_, 368.31, 337.28, 0.00714355
_07470_, 368.31, 337.28, 0.00714355
_07471_, 368.31, 337.28, 0.00714355
_07605_, 368.31, 337.28, 0.00714355
FILLER_0_119_780, 368.31, 337.28, 0.00714355
FILLER_0_121_798, 368.31, 337.28, 0.00714355
_06310_, 380.3, 337.28, 0.00725002
_06347_, 380.3, 337.28, 0.00725002
_06406_, 380.3, 337.28, 0.00725002
_06438_, 380.3, 337.28, 0.00725002
_06796_, 380.3, 337.28, 0.00725002
_06799_, 380.3, 337.28, 0.00725002
_07084_, 380.3, 337.28, 0.00725002
clkbuf_4_15_0_clk, 380.3, 337.28, 0.00725002
FILLER_0_120_803, 380.3, 337.28, 0.00725002
FILLER_0_120_809, 380.3, 337.28, 0.00725002
FILLER_0_120_820, 380.3, 337.28, 0.00725002
_06747_, 392.29, 337.28, 0.00730834
_06803_, 392.29, 337.28, 0.00730834
_06871_, 392.29, 337.28, 0.00730834
_06941_, 392.29, 337.28, 0.00730834
clkbuf_4_14_0_clk, 392.29, 337.28, 0.00730834
FILLER_0_121_847, 392.29, 337.28, 0.00730834
_06794_, 404.28, 337.28, 0.00731765
rebuffer28, 404.28, 337.28, 0.00731765
_12773_, 416.27, 337.28, 0.00732538
_12759_, 5.52, 331.84, 0.00694349
PHY_234, 5.52, 331.84, 0.00694349
PHY_236, 5.52, 331.84, 0.00694349
input37, 5.52, 331.84, 0.00694349
PHY_235, 428.26, 331.84, 0.00675814
PHY_237, 428.26, 331.84, 0.00675814
fanout161, 428.26, 331.84, 0.00675814
FILLER_0_118_913, 428.26, 331.84, 0.00675814
FILLER_0_118_18, 15.33, 331.84, 0.0069366
FILLER_0_118_77, 37.94, 331.84, 0.00695641
FILLER_0_119_105, 50.74, 331.84, 0.00698311
FILLER_0_118_133, 63.54, 331.84, 0.00700982
clkbuf_4_7_0_clk, 76.34, 331.84, 0.00703652
FILLER_0_118_141, 76.34, 331.84, 0.00703652
FILLER_0_119_161, 76.34, 331.84, 0.00703652
_11795_, 89.14, 331.84, 0.00702585
_11885_, 89.14, 331.84, 0.00702585
_11886_, 89.14, 331.84, 0.00702585
FILLER_0_117_181, 89.14, 331.84, 0.00702585
_11683_, 101.94, 331.84, 0.00700699
_11687_, 101.94, 331.84, 0.00700699
_11792_, 101.94, 331.84, 0.00700699
_11793_, 101.94, 331.84, 0.00700699
_11877_, 114.74, 331.84, 0.00698129
_11878_, 114.74, 331.84, 0.00698129
_11963_, 114.74, 331.84, 0.00698129
FILLER_0_117_237, 114.74, 331.84, 0.00698129
FILLER_0_118_246, 114.74, 331.84, 0.00698129
_11566_, 127.54, 331.84, 0.00695449
_11678_, 127.54, 331.84, 0.00695449
_11685_, 127.54, 331.84, 0.00695449
_11686_, 127.54, 331.84, 0.00695449
FILLER_0_118_253, 127.54, 331.84, 0.00695449
FILLER_0_118_275, 127.54, 331.84, 0.00695449
FILLER_0_119_274, 127.54, 331.84, 0.00695449
_11560_, 140.34, 331.84, 0.00692385
_11561_, 140.34, 331.84, 0.00692385
_11562_, 140.34, 331.84, 0.00692385
_11564_, 140.34, 331.84, 0.00692385
_11565_, 140.34, 331.84, 0.00692385
FILLER_0_117_281, 140.34, 331.84, 0.00692385
FILLER_0_118_304, 140.34, 331.84, 0.00692385
_11670_, 153.14, 331.84, 0.00688999
_11671_, 153.14, 331.84, 0.00688999
_11672_, 153.14, 331.84, 0.00688999
_11673_, 153.14, 331.84, 0.00688999
_11780_, 153.14, 331.84, 0.00688999
_11781_, 153.14, 331.84, 0.00688999
FILLER_0_117_314, 153.14, 331.84, 0.00688999
FILLER_0_118_309, 153.14, 331.84, 0.00688999
FILLER_0_119_333, 153.14, 331.84, 0.00688999
_09659_, 165.94, 331.84, 0.00685361
_09868_, 165.94, 331.84, 0.00685361
_09870_, 165.94, 331.84, 0.00685361
_11563_, 165.94, 331.84, 0.00685361
FILLER_0_117_347, 165.94, 331.84, 0.00685361
FILLER_0_118_340, 165.94, 331.84, 0.00685361
FILLER_0_118_350, 165.94, 331.84, 0.00685361
FILLER_0_119_361, 165.94, 331.84, 0.00685361
_09480_, 191.54, 331.84, 0.00683617
_09864_, 191.54, 331.84, 0.00683617
FILLER_0_117_393, 191.54, 331.84, 0.00683617
FILLER_0_118_414, 191.54, 331.84, 0.00683617
_07365_, 204.34, 331.84, 0.00685141
FILLER_0_118_421, 204.34, 331.84, 0.00685141
FILLER_0_118_429, 204.34, 331.84, 0.00685141
FILLER_0_119_442, 204.34, 331.84, 0.00685141
_07157_, 217.14, 331.84, 0.00684873
_07158_, 217.14, 331.84, 0.00684873
_07178_, 217.14, 331.84, 0.00684873
FILLER_0_118_473, 217.14, 331.84, 0.00684873
_07929_, 229.94, 331.84, 0.00684397
_07932_, 229.94, 331.84, 0.00684397
_07937_, 229.94, 331.84, 0.00684397
FILLER_0_118_500, 229.94, 331.84, 0.00684397
FILLER_0_119_495, 229.94, 331.84, 0.00684397
_06792_, 242.74, 331.84, 0.00683753
_07079_, 242.74, 331.84, 0.00683753
_07994_, 242.74, 331.84, 0.00683753
rebuffer33, 242.74, 331.84, 0.00683753
FILLER_0_118_523, 242.74, 331.84, 0.00683753
_07933_, 255.54, 331.84, 0.00682296
_07957_, 255.54, 331.84, 0.00682296
_08186_, 255.54, 331.84, 0.00682296
_08187_, 255.54, 331.84, 0.00682296
FILLER_0_118_545, 255.54, 331.84, 0.00682296
FILLER_0_119_553, 255.54, 331.84, 0.00682296
_07171_, 268.34, 331.84, 0.00680493
_12721_, 268.34, 331.84, 0.00680493
FILLER_0_119_573, 268.34, 331.84, 0.00680493
FILLER_0_119_581, 268.34, 331.84, 0.00680493
_06395_, 281.14, 331.84, 0.00677904
_07170_, 281.14, 331.84, 0.00677904
FILLER_0_117_593, 281.14, 331.84, 0.00677904
FILLER_0_118_606, 281.14, 331.84, 0.00677904
_08227_, 293.94, 331.84, 0.00675088
_08230_, 293.94, 331.84, 0.00675088
_08231_, 293.94, 331.84, 0.00675088
_08233_, 293.94, 331.84, 0.00675088
_08581_, 293.94, 331.84, 0.00675088
FILLER_0_118_620, 293.94, 331.84, 0.00675088
FILLER_0_119_634, 293.94, 331.84, 0.00675088
_08317_, 306.74, 331.84, 0.00671875
_08319_, 306.74, 331.84, 0.00671875
_08323_, 306.74, 331.84, 0.00671875
_08326_, 306.74, 331.84, 0.00671875
FILLER_0_117_650, 306.74, 331.84, 0.00671875
FILLER_0_118_657, 306.74, 331.84, 0.00671875
FILLER_0_119_658, 306.74, 331.84, 0.00671875
_08328_, 319.54, 331.84, 0.00668311
_08335_, 319.54, 331.84, 0.00668311
ANTENNA_98, 319.54, 331.84, 0.00668311
FILLER_0_117_669, 319.54, 331.84, 0.00668311
FILLER_0_117_673, 319.54, 331.84, 0.00668311
FILLER_0_118_670, 319.54, 331.84, 0.00668311
_06293_, 344.33, 331.84, 0.00668068
_06321_, 344.33, 331.84, 0.00668068
_06323_, 344.33, 331.84, 0.00668068
_06324_, 344.33, 331.84, 0.00668068
_06326_, 344.33, 331.84, 0.00668068
_06333_, 344.33, 331.84, 0.00668068
rebuffer41, 344.33, 331.84, 0.00668068
ANTENNA_22, 344.33, 331.84, 0.00668068
ANTENNA_24, 344.33, 331.84, 0.00668068
_06316_, 356.32, 331.84, 0.00670436
ANTENNA_23, 356.32, 331.84, 0.00670436
ANTENNA_25, 356.32, 331.84, 0.00670436
_06396_, 368.31, 331.84, 0.006726
_06397_, 368.31, 331.84, 0.006726
_06797_, 368.31, 331.84, 0.006726
FILLER_0_117_780, 368.31, 331.84, 0.006726
FILLER_0_118_781, 368.31, 331.84, 0.006726
_06311_, 380.3, 331.84, 0.00674154
_06645_, 380.3, 331.84, 0.00674154
_06656_, 380.3, 331.84, 0.00674154
_06798_, 380.3, 331.84, 0.00674154
FILLER_0_118_813, 380.3, 331.84, 0.00674154
_06736_, 392.29, 331.84, 0.00674919
_06793_, 392.29, 331.84, 0.00674919
_06872_, 392.29, 331.84, 0.00674919
_06873_, 392.29, 331.84, 0.00674919
FILLER_0_117_829, 392.29, 331.84, 0.00674919
FILLER_0_117_837, 392.29, 331.84, 0.00674919
FILLER_0_118_836, 392.29, 331.84, 0.00674919
FILLER_0_119_841, 392.29, 331.84, 0.00674919
_06746_, 404.28, 331.84, 0.00675505
FILLER_0_118_857, 404.28, 331.84, 0.00675505
FILLER_0_118_865, 404.28, 331.84, 0.00675505
FILLER_0_117_889, 416.27, 331.84, 0.00675659
FILLER_0_118_905, 416.27, 331.84, 0.00675659
PHY_230, 5.52, 326.4, 0.00689762
PHY_232, 5.52, 326.4, 0.00689762
PHY_231, 428.26, 326.4, 0.00671846
PHY_233, 428.26, 326.4, 0.00671846
FILLER_0_115_909, 428.26, 326.4, 0.00671846
FILLER_0_116_77, 37.94, 326.4, 0.00690699
FILLER_0_117_105, 50.74, 326.4, 0.00691636
FILLER_0_116_133, 63.54, 326.4, 0.00692573
FILLER_0_117_161, 76.34, 326.4, 0.0069351
_11791_, 89.14, 326.4, 0.00694446
_11794_, 89.14, 326.4, 0.00694446
FILLER_0_116_189, 89.14, 326.4, 0.00694446
_11965_, 101.94, 326.4, 0.00695021
_12043_, 101.94, 326.4, 0.00695021
FILLER_0_116_209, 101.94, 326.4, 0.00695021
_11779_, 114.74, 326.4, 0.00695502
_11872_, 114.74, 326.4, 0.00695502
_11873_, 114.74, 326.4, 0.00695502
_11874_, 114.74, 326.4, 0.00695502
_11964_, 114.74, 326.4, 0.00695502
FILLER_0_115_225, 114.74, 326.4, 0.00695502
FILLER_0_115_233, 114.74, 326.4, 0.00695502
FILLER_0_116_227, 114.74, 326.4, 0.00695502
_11568_, 127.54, 326.4, 0.00695752
_11569_, 127.54, 326.4, 0.00695752
clkbuf_4_6_0_clk, 127.54, 326.4, 0.00695752
ANTENNA_183, 127.54, 326.4, 0.00695752
FILLER_0_115_253, 127.54, 326.4, 0.00695752
FILLER_0_115_263, 127.54, 326.4, 0.00695752
_11336_, 140.34, 326.4, 0.00691895
_11440_, 140.34, 326.4, 0.00691895
_11559_, 140.34, 326.4, 0.00691895
FILLER_0_115_281, 140.34, 326.4, 0.00691895
FILLER_0_116_294, 140.34, 326.4, 0.00691895
FILLER_0_116_304, 140.34, 326.4, 0.00691895
_10393_, 153.14, 326.4, 0.00687903
_10723_, 153.14, 326.4, 0.00687903
FILLER_0_116_316, 153.14, 326.4, 0.00687903
FILLER_0_117_325, 153.14, 326.4, 0.00687903
FILLER_0_117_333, 153.14, 326.4, 0.00687903
_07922_, 165.94, 326.4, 0.00683577
_09465_, 165.94, 326.4, 0.00683577
_09622_, 165.94, 326.4, 0.00683577
_09623_, 165.94, 326.4, 0.00683577
_09793_, 165.94, 326.4, 0.00683577
_09823_, 165.94, 326.4, 0.00683577
FILLER_0_115_337, 165.94, 326.4, 0.00683577
FILLER_0_116_342, 165.94, 326.4, 0.00683577
_07206_, 191.54, 326.4, 0.0067988
_07936_, 191.54, 326.4, 0.0067988
_09773_, 191.54, 326.4, 0.0067988
rebuffer50, 191.54, 326.4, 0.0067988
FILLER_0_115_399, 191.54, 326.4, 0.0067988
_07921_, 204.34, 326.4, 0.00679433
_07931_, 204.34, 326.4, 0.00679433
_07941_, 204.34, 326.4, 0.00679433
_09596_, 204.34, 326.4, 0.00679433
_09598_, 204.34, 326.4, 0.00679433
FILLER_0_115_426, 204.34, 326.4, 0.00679433
FILLER_0_117_441, 204.34, 326.4, 0.00679433
_07935_, 217.14, 326.4, 0.00678511
_07938_, 217.14, 326.4, 0.00678511
_07939_, 217.14, 326.4, 0.00678511
_07940_, 217.14, 326.4, 0.00678511
FILLER_0_115_449, 217.14, 326.4, 0.00678511
FILLER_0_116_470, 217.14, 326.4, 0.00678511
_07928_, 229.94, 326.4, 0.00677356
_07930_, 229.94, 326.4, 0.00677356
_07934_, 229.94, 326.4, 0.00677356
_07950_, 229.94, 326.4, 0.00677356
_07992_, 229.94, 326.4, 0.00677356
FILLER_0_116_477, 229.94, 326.4, 0.00677356
FILLER_0_116_494, 229.94, 326.4, 0.00677356
_07993_, 242.74, 326.4, 0.00675878
_08011_, 242.74, 326.4, 0.00675878
_08012_, 242.74, 326.4, 0.00675878
_08013_, 242.74, 326.4, 0.00675878
FILLER_0_116_502, 242.74, 326.4, 0.00675878
FILLER_0_116_520, 242.74, 326.4, 0.00675878
FILLER_0_117_518, 242.74, 326.4, 0.00675878
_08014_, 255.54, 326.4, 0.00674159
_08015_, 255.54, 326.4, 0.00674159
_08190_, 255.54, 326.4, 0.00674159
FILLER_0_116_545, 255.54, 326.4, 0.00674159
_08188_, 268.34, 326.4, 0.00672322
_08189_, 268.34, 326.4, 0.00672322
_08191_, 268.34, 326.4, 0.00672322
_08195_, 268.34, 326.4, 0.00672322
_08196_, 268.34, 326.4, 0.00672322
FILLER_0_116_577, 268.34, 326.4, 0.00672322
FILLER_0_117_585, 268.34, 326.4, 0.00672322
_06569_, 281.14, 326.4, 0.00670248
_08228_, 281.14, 326.4, 0.00670248
_08229_, 281.14, 326.4, 0.00670248
_08232_, 281.14, 326.4, 0.00670248
ANTENNA_187, 281.14, 326.4, 0.00670248
_07765_, 293.94, 326.4, 0.00667731
_08234_, 293.94, 326.4, 0.00667731
_08235_, 293.94, 326.4, 0.00667731
_08236_, 293.94, 326.4, 0.00667731
_08237_, 293.94, 326.4, 0.00667731
_08241_, 293.94, 326.4, 0.00667731
FILLER_0_116_618, 293.94, 326.4, 0.00667731
FILLER_0_116_635, 293.94, 326.4, 0.00667731
FILLER_0_117_629, 293.94, 326.4, 0.00667731
FILLER_0_117_640, 293.94, 326.4, 0.00667731
_08318_, 306.74, 326.4, 0.00664798
_08324_, 306.74, 326.4, 0.00664798
_08334_, 306.74, 326.4, 0.00664798
FILLER_0_116_653, 306.74, 326.4, 0.00664798
_08329_, 319.54, 326.4, 0.00661574
_08330_, 319.54, 326.4, 0.00661574
_12714_, 319.54, 326.4, 0.00661574
ANTENNA_96, 319.54, 326.4, 0.00661574
_06307_, 344.33, 326.4, 0.00660669
_06328_, 344.33, 326.4, 0.00660669
_06351_, 344.33, 326.4, 0.00660669
_06956_, 344.33, 326.4, 0.00660669
rebuffer8, 344.33, 326.4, 0.00660669
_06568_, 356.32, 326.4, 0.00663666
_06627_, 356.32, 326.4, 0.00663666
_06628_, 356.32, 326.4, 0.00663666
_06655_, 356.32, 326.4, 0.00663666
_06740_, 356.32, 326.4, 0.00663666
FILLER_0_116_753, 356.32, 326.4, 0.00663666
_06651_, 368.31, 326.4, 0.00666049
_06741_, 368.31, 326.4, 0.00666049
rebuffer34, 368.31, 326.4, 0.00666049
FILLER_0_115_785, 368.31, 326.4, 0.00666049
FILLER_0_116_794, 368.31, 326.4, 0.00666049
FILLER_0_117_797, 368.31, 326.4, 0.00666049
_06653_, 380.3, 326.4, 0.00668299
_06654_, 380.3, 326.4, 0.00668299
_06739_, 380.3, 326.4, 0.00668299
_06738_, 392.29, 326.4, 0.00669999
_06742_, 392.29, 326.4, 0.00669999
_06744_, 392.29, 326.4, 0.00669999
_06802_, 392.29, 326.4, 0.00669999
_07081_, 392.29, 326.4, 0.00669999
rebuffer27, 392.29, 326.4, 0.00669999
FILLER_0_117_841, 392.29, 326.4, 0.00669999
FILLER_0_117_852, 392.29, 326.4, 0.00669999
rebuffer18, 404.28, 326.4, 0.00671031
FILLER_0_116_865, 404.28, 326.4, 0.00671031
_12726_, 416.27, 326.4, 0.00671846
FILLER_0_115_885, 416.27, 326.4, 0.00671846
_12664_, 5.52, 320.96, 0.00690434
PHY_226, 5.52, 320.96, 0.00690434
PHY_228, 5.52, 320.96, 0.00690434
FILLER_0_114_3, 5.52, 320.96, 0.00690434
PHY_227, 428.26, 320.96, 0.00661945
PHY_229, 428.26, 320.96, 0.00661945
input31, 428.26, 320.96, 0.00661945
FILLER_0_113_909, 428.26, 320.96, 0.00661945
ANTENNA_12, 15.33, 320.96, 0.00689552
ANTENNA_19, 37.94, 320.96, 0.00688589
FILLER_0_114_73, 37.94, 320.96, 0.00688589
FILLER_0_114_81, 37.94, 320.96, 0.00688589
FILLER_0_115_105, 50.74, 320.96, 0.00688508
FILLER_0_114_133, 63.54, 320.96, 0.00688428
_11966_, 76.34, 320.96, 0.00688347
_11968_, 76.34, 320.96, 0.00688347
_11970_, 76.34, 320.96, 0.00688347
_12046_, 76.34, 320.96, 0.00688347
FILLER_0_113_145, 76.34, 320.96, 0.00688347
FILLER_0_114_153, 76.34, 320.96, 0.00688347
FILLER_0_115_161, 76.34, 320.96, 0.00688347
_11882_, 89.14, 320.96, 0.00687844
_11883_, 89.14, 320.96, 0.00687844
_11884_, 89.14, 320.96, 0.00687844
_11887_, 89.14, 320.96, 0.00687844
_11967_, 89.14, 320.96, 0.00687844
_11969_, 89.14, 320.96, 0.00687844
FILLER_0_113_181, 89.14, 320.96, 0.00687844
_11960_, 101.94, 320.96, 0.00686324
_12042_, 101.94, 320.96, 0.00686324
_12044_, 101.94, 320.96, 0.00686324
_12045_, 101.94, 320.96, 0.00686324
FILLER_0_115_217, 101.94, 320.96, 0.00686324
_11460_, 114.74, 320.96, 0.0068467
FILLER_0_114_246, 114.74, 320.96, 0.0068467
_11445_, 127.54, 320.96, 0.00682556
_11446_, 127.54, 320.96, 0.00682556
_11458_, 127.54, 320.96, 0.00682556
_11459_, 127.54, 320.96, 0.00682556
_11567_, 127.54, 320.96, 0.00682556
_11572_, 127.54, 320.96, 0.00682556
FILLER_0_114_260, 127.54, 320.96, 0.00682556
FILLER_0_114_268, 127.54, 320.96, 0.00682556
_11436_, 140.34, 320.96, 0.00679685
_11441_, 140.34, 320.96, 0.00679685
_11442_, 140.34, 320.96, 0.00679685
_11443_, 140.34, 320.96, 0.00679685
_11444_, 140.34, 320.96, 0.00679685
FILLER_0_114_302, 140.34, 320.96, 0.00679685
FILLER_0_115_294, 140.34, 320.96, 0.00679685
_11453_, 153.14, 320.96, 0.00676653
_11456_, 153.14, 320.96, 0.00676653
FILLER_0_113_310, 153.14, 320.96, 0.00676653
FILLER_0_113_320, 153.14, 320.96, 0.00676653
FILLER_0_114_309, 153.14, 320.96, 0.00676653
FILLER_0_115_331, 153.14, 320.96, 0.00676653
_07925_, 165.94, 320.96, 0.00673371
_09463_, 165.94, 320.96, 0.00673371
_10177_, 165.94, 320.96, 0.00673371
_10353_, 165.94, 320.96, 0.00673371
_11333_, 165.94, 320.96, 0.00673371
_07942_, 191.54, 320.96, 0.00668549
_09595_, 191.54, 320.96, 0.00668549
_09597_, 191.54, 320.96, 0.00668549
_09599_, 191.54, 320.96, 0.00668549
_09770_, 191.54, 320.96, 0.00668549
_09775_, 191.54, 320.96, 0.00668549
FILLER_0_114_404, 191.54, 320.96, 0.00668549
FILLER_0_114_416, 191.54, 320.96, 0.00668549
_07944_, 204.34, 320.96, 0.00667719
_07945_, 204.34, 320.96, 0.00667719
_07946_, 204.34, 320.96, 0.00667719
FILLER_0_114_421, 204.34, 320.96, 0.00667719
FILLER_0_114_429, 204.34, 320.96, 0.00667719
FILLER_0_115_445, 204.34, 320.96, 0.00667719
_07948_, 217.14, 320.96, 0.00666685
_07951_, 217.14, 320.96, 0.00666685
_07987_, 217.14, 320.96, 0.00666685
_07988_, 217.14, 320.96, 0.00666685
FILLER_0_113_449, 217.14, 320.96, 0.00666685
FILLER_0_115_465, 217.14, 320.96, 0.00666685
_07947_, 229.94, 320.96, 0.00665331
FILLER_0_113_480, 229.94, 320.96, 0.00665331
_07956_, 242.74, 320.96, 0.00663927
_07995_, 242.74, 320.96, 0.00663927
_07996_, 242.74, 320.96, 0.00663927
_07997_, 242.74, 320.96, 0.00663927
_07998_, 242.74, 320.96, 0.00663927
_08001_, 242.74, 320.96, 0.00663927
FILLER_0_114_504, 242.74, 320.96, 0.00663927
FILLER_0_114_520, 242.74, 320.96, 0.00663927
_07799_, 255.54, 320.96, 0.00662135
_08016_, 255.54, 320.96, 0.00662135
_08019_, 255.54, 320.96, 0.00662135
_08020_, 255.54, 320.96, 0.00662135
FILLER_0_114_549, 255.54, 320.96, 0.00662135
FILLER_0_115_553, 255.54, 320.96, 0.00662135
_08192_, 268.34, 320.96, 0.00660052
_08193_, 268.34, 320.96, 0.00660052
_08194_, 268.34, 320.96, 0.00660052
_08197_, 268.34, 320.96, 0.00660052
_08198_, 268.34, 320.96, 0.00660052
FILLER_0_114_579, 268.34, 320.96, 0.00660052
FILLER_0_115_584, 268.34, 320.96, 0.00660052
_08207_, 281.14, 320.96, 0.00657695
_08208_, 281.14, 320.96, 0.00657695
_08209_, 281.14, 320.96, 0.00657695
_08252_, 281.14, 320.96, 0.00657695
_08278_, 281.14, 320.96, 0.00657695
FILLER_0_113_598, 281.14, 320.96, 0.00657695
FILLER_0_114_601, 281.14, 320.96, 0.00657695
FILLER_0_115_610, 281.14, 320.96, 0.00657695
_07761_, 293.94, 320.96, 0.00655013
_08238_, 293.94, 320.96, 0.00655013
FILLER_0_115_632, 293.94, 320.96, 0.00655013
_08336_, 306.74, 320.96, 0.0065209
_08337_, 306.74, 320.96, 0.0065209
_08350_, 306.74, 320.96, 0.0065209
FILLER_0_114_657, 306.74, 320.96, 0.0065209
FILLER_0_115_668, 306.74, 320.96, 0.0065209
_08342_, 319.54, 320.96, 0.00648993
_08510_, 319.54, 320.96, 0.00648993
FILLER_0_115_695, 319.54, 320.96, 0.00648993
_06392_, 344.33, 320.96, 0.00649673
_06509_, 344.33, 320.96, 0.00649673
_06955_, 344.33, 320.96, 0.00649673
_07104_, 344.33, 320.96, 0.00649673
rebuffer49, 344.33, 320.96, 0.00649673
FILLER_0_113_729, 344.33, 320.96, 0.00649673
FILLER_0_114_737, 344.33, 320.96, 0.00649673
_06622_, 356.32, 320.96, 0.00652777
_06624_, 356.32, 320.96, 0.00652777
_06625_, 356.32, 320.96, 0.00652777
_06626_, 356.32, 320.96, 0.00652777
_06647_, 356.32, 320.96, 0.00652777
_07604_, 356.32, 320.96, 0.00652777
_06646_, 368.31, 320.96, 0.006555
_06649_, 368.31, 320.96, 0.006555
_06652_, 368.31, 320.96, 0.006555
_06743_, 368.31, 320.96, 0.006555
rebuffer9, 368.31, 320.96, 0.006555
_06650_, 380.3, 320.96, 0.00657884
_06874_, 380.3, 320.96, 0.00657884
_06875_, 380.3, 320.96, 0.00657884
_07472_, 380.3, 320.96, 0.00657884
_07479_, 380.3, 320.96, 0.00657884
FILLER_0_114_813, 380.3, 320.96, 0.00657884
FILLER_0_115_822, 380.3, 320.96, 0.00657884
_06745_, 392.29, 320.96, 0.0065975
_06800_, 392.29, 320.96, 0.0065975
_06801_, 392.29, 320.96, 0.0065975
_06876_, 392.29, 320.96, 0.0065975
_07477_, 392.29, 320.96, 0.0065975
FILLER_0_113_835, 392.29, 320.96, 0.0065975
FILLER_0_114_833, 392.29, 320.96, 0.0065975
_07484_, 404.28, 320.96, 0.00661197
_12725_, 404.28, 320.96, 0.00661197
FILLER_0_113_861, 404.28, 320.96, 0.00661197
_12728_, 416.27, 320.96, 0.00661922
FILLER_0_113_891, 416.27, 320.96, 0.00661922
FILLER_0_114_889, 416.27, 320.96, 0.00661922
FILLER_0_115_893, 416.27, 320.96, 0.00661922
PHY_222, 5.52, 315.52, 0.00692091
PHY_224, 5.52, 315.52, 0.00692091
output71, 5.52, 315.52, 0.00692091
PHY_223, 428.26, 315.52, 0.00648222
PHY_225, 428.26, 315.52, 0.00648222
FILLER_0_111_909, 428.26, 315.52, 0.00648222
FILLER_0_112_76, 37.94, 315.52, 0.0068976
FILLER_0_113_105, 50.74, 315.52, 0.00689449
FILLER_0_112_133, 63.54, 315.52, 0.00689139
FILLER_0_113_137, 63.54, 315.52, 0.00689139
_11971_, 76.34, 315.52, 0.00688828
_12041_, 76.34, 315.52, 0.00688828
_12047_, 76.34, 315.52, 0.00688828
_12048_, 76.34, 315.52, 0.00688828
_12049_, 76.34, 315.52, 0.00688828
FILLER_0_112_141, 76.34, 315.52, 0.00688828
_11688_, 89.14, 315.52, 0.00687697
_11691_, 89.14, 315.52, 0.00687697
_11766_, 89.14, 315.52, 0.00687697
_11871_, 89.14, 315.52, 0.00687697
FILLER_0_112_191, 89.14, 315.52, 0.00687697
_11338_, 101.94, 315.52, 0.00686077
_11866_, 101.94, 315.52, 0.00686077
_11868_, 101.94, 315.52, 0.00686077
_11957_, 101.94, 315.52, 0.00686077
FILLER_0_111_196, 101.94, 315.52, 0.00686077
FILLER_0_112_197, 101.94, 315.52, 0.00686077
_11435_, 114.74, 315.52, 0.00684016
_11546_, 114.74, 315.52, 0.00684016
_11570_, 114.74, 315.52, 0.00684016
_11571_, 114.74, 315.52, 0.00684016
_11573_, 114.74, 315.52, 0.00684016
FILLER_0_112_236, 114.74, 315.52, 0.00684016
FILLER_0_113_244, 114.74, 315.52, 0.00684016
_11337_, 127.54, 315.52, 0.00680964
_11457_, 127.54, 315.52, 0.00680964
_11689_, 127.54, 315.52, 0.00680964
_11551_, 140.34, 315.52, 0.00677551
_11654_, 140.34, 315.52, 0.00677551
FILLER_0_111_293, 140.34, 315.52, 0.00677551
FILLER_0_112_283, 140.34, 315.52, 0.00677551
FILLER_0_112_305, 140.34, 315.52, 0.00677551
_11334_, 153.14, 315.52, 0.00674048
_11449_, 153.14, 315.52, 0.00674048
_11451_, 153.14, 315.52, 0.00674048
_11455_, 153.14, 315.52, 0.00674048
_11547_, 153.14, 315.52, 0.00674048
_11548_, 153.14, 315.52, 0.00674048
FILLER_0_111_313, 153.14, 315.52, 0.00674048
FILLER_0_113_333, 153.14, 315.52, 0.00674048
_11332_, 165.94, 315.52, 0.00669824
_11454_, 165.94, 315.52, 0.00669824
_12734_, 165.94, 315.52, 0.00669824
FILLER_0_111_337, 165.94, 315.52, 0.00669824
FILLER_0_111_345, 165.94, 315.52, 0.00669824
FILLER_0_112_355, 165.94, 315.52, 0.00669824
FILLER_0_113_350, 165.94, 315.52, 0.00669824
_07926_, 191.54, 315.52, 0.00663693
_07943_, 191.54, 315.52, 0.00663693
_09600_, 191.54, 315.52, 0.00663693
_09601_, 191.54, 315.52, 0.00663693
_09774_, 191.54, 315.52, 0.00663693
FILLER_0_111_400, 191.54, 315.52, 0.00663693
FILLER_0_112_401, 191.54, 315.52, 0.00663693
_07952_, 204.34, 315.52, 0.00662547
_07984_, 204.34, 315.52, 0.00662547
_07949_, 217.14, 315.52, 0.00661156
_07960_, 217.14, 315.52, 0.00661156
FILLER_0_112_469, 217.14, 315.52, 0.00661156
_07745_, 229.94, 315.52, 0.00659662
_07958_, 229.94, 315.52, 0.00659662
_07962_, 229.94, 315.52, 0.00659662
_07966_, 229.94, 315.52, 0.00659662
_07999_, 229.94, 315.52, 0.00659662
FILLER_0_112_477, 229.94, 315.52, 0.00659662
FILLER_0_112_491, 229.94, 315.52, 0.00659662
FILLER_0_112_498, 229.94, 315.52, 0.00659662
FILLER_0_113_488, 229.94, 315.52, 0.00659662
FILLER_0_113_497, 229.94, 315.52, 0.00659662
_07959_, 242.74, 315.52, 0.00657744
_08000_, 242.74, 315.52, 0.00657744
_08062_, 242.74, 315.52, 0.00657744
_08064_, 242.74, 315.52, 0.00657744
_08065_, 242.74, 315.52, 0.00657744
FILLER_0_112_506, 242.74, 315.52, 0.00657744
_08017_, 255.54, 315.52, 0.00655479
_08021_, 255.54, 315.52, 0.00655479
_08035_, 255.54, 315.52, 0.00655479
FILLER_0_113_551, 255.54, 315.52, 0.00655479
_08199_, 268.34, 315.52, 0.0065287
_08203_, 268.34, 315.52, 0.0065287
FILLER_0_111_561, 268.34, 315.52, 0.0065287
FILLER_0_112_569, 268.34, 315.52, 0.0065287
FILLER_0_112_578, 268.34, 315.52, 0.0065287
FILLER_0_113_582, 268.34, 315.52, 0.0065287
_08204_, 281.14, 315.52, 0.00650124
_08210_, 281.14, 315.52, 0.00650124
_08279_, 281.14, 315.52, 0.00650124
_08283_, 281.14, 315.52, 0.00650124
_08284_, 281.14, 315.52, 0.00650124
_08285_, 281.14, 315.52, 0.00650124
FILLER_0_112_589, 281.14, 315.52, 0.00650124
FILLER_0_112_605, 281.14, 315.52, 0.00650124
FILLER_0_113_613, 281.14, 315.52, 0.00650124
_08206_, 293.94, 315.52, 0.00647024
_08245_, 293.94, 315.52, 0.00647024
_08247_, 293.94, 315.52, 0.00647024
_08280_, 293.94, 315.52, 0.00647024
FILLER_0_112_621, 293.94, 315.52, 0.00647024
FILLER_0_113_629, 293.94, 315.52, 0.00647024
_08281_, 306.74, 315.52, 0.00643708
_08282_, 306.74, 315.52, 0.00643708
FILLER_0_111_643, 306.74, 315.52, 0.00643708
FILLER_0_112_664, 306.74, 315.52, 0.00643708
FILLER_0_113_665, 306.74, 315.52, 0.00643708
_08286_, 319.54, 315.52, 0.00639994
_08287_, 319.54, 315.52, 0.00639994
_08288_, 319.54, 315.52, 0.00639994
_08292_, 319.54, 315.52, 0.00639994
_08343_, 319.54, 315.52, 0.00639994
_08344_, 319.54, 315.52, 0.00639994
_08345_, 319.54, 315.52, 0.00639994
FILLER_0_112_686, 319.54, 315.52, 0.00639994
FILLER_0_113_690, 319.54, 315.52, 0.00639994
_06623_, 344.33, 315.52, 0.00639217
_08519_, 344.33, 315.52, 0.00639217
_08521_, 344.33, 315.52, 0.00639217
_09168_, 344.33, 315.52, 0.00639217
FILLER_0_111_725, 344.33, 315.52, 0.00639217
FILLER_0_112_746, 344.33, 315.52, 0.00639217
_06294_, 356.32, 315.52, 0.00642157
_06320_, 356.32, 315.52, 0.00642157
_06353_, 356.32, 315.52, 0.00642157
_06508_, 356.32, 315.52, 0.00642157
_06648_, 356.32, 315.52, 0.00642157
_06889_, 356.32, 315.52, 0.00642157
_07080_, 356.32, 315.52, 0.00642157
FILLER_0_113_765, 356.32, 315.52, 0.00642157
_06879_, 368.31, 315.52, 0.00643976
_06942_, 368.31, 315.52, 0.00643976
_06944_, 368.31, 315.52, 0.00643976
_06946_, 368.31, 315.52, 0.00643976
FILLER_0_112_780, 368.31, 315.52, 0.00643976
FILLER_0_113_797, 368.31, 315.52, 0.00643976
_07473_, 380.3, 315.52, 0.00645299
_07474_, 380.3, 315.52, 0.00645299
_07475_, 380.3, 315.52, 0.00645299
FILLER_0_112_813, 380.3, 315.52, 0.00645299
FILLER_0_112_824, 380.3, 315.52, 0.00645299
FILLER_0_113_821, 380.3, 315.52, 0.00645299
_07476_, 392.29, 315.52, 0.00646501
_07481_, 392.29, 315.52, 0.00646501
_07482_, 392.29, 315.52, 0.00646501
_07483_, 392.29, 315.52, 0.00646501
FILLER_0_113_853, 392.29, 315.52, 0.00646501
_07478_, 404.28, 315.52, 0.0064751
_07485_, 404.28, 315.52, 0.0064751
_07498_, 404.28, 315.52, 0.0064751
_07503_, 404.28, 315.52, 0.0064751
_12722_, 416.27, 315.52, 0.00648222
FILLER_0_112_888, 416.27, 315.52, 0.00648222
_12771_, 5.52, 310.08, 0.0068604
PHY_218, 5.52, 310.08, 0.0068604
PHY_220, 5.52, 310.08, 0.0068604
PHY_219, 428.26, 310.08, 0.00647721
PHY_221, 428.26, 310.08, 0.00647721
output90, 428.26, 310.08, 0.00647721
FILLER_0_110_77, 37.94, 310.08, 0.0068345
FILLER_0_111_105, 50.74, 310.08, 0.00682143
FILLER_0_110_133, 63.54, 310.08, 0.00680835
FILLER_0_111_137, 63.54, 310.08, 0.00680835
_11692_, 76.34, 310.08, 0.00679528
_11796_, 76.34, 310.08, 0.00679528
_12171_, 76.34, 310.08, 0.00679528
_12172_, 76.34, 310.08, 0.00679528
FILLER_0_110_141, 76.34, 310.08, 0.00679528
FILLER_0_110_153, 76.34, 310.08, 0.00679528
_11690_, 89.14, 310.08, 0.00677768
_11778_, 89.14, 310.08, 0.00677768
_11797_, 89.14, 310.08, 0.00677768
FILLER_0_109_181, 89.14, 310.08, 0.00677768
FILLER_0_110_180, 89.14, 310.08, 0.00677768
_11865_, 101.94, 310.08, 0.00675414
_11867_, 101.94, 310.08, 0.00675414
_11869_, 101.94, 310.08, 0.00675414
_11870_, 101.94, 310.08, 0.00675414
_11956_, 101.94, 310.08, 0.00675414
FILLER_0_109_203, 101.94, 310.08, 0.00675414
FILLER_0_111_218, 101.94, 310.08, 0.00675414
_11669_, 114.74, 310.08, 0.00672778
_11776_, 114.74, 310.08, 0.00672778
max_cap143, 114.74, 310.08, 0.00672778
FILLER_0_109_225, 114.74, 310.08, 0.00672778
FILLER_0_109_233, 114.74, 310.08, 0.00672778
FILLER_0_110_224, 114.74, 310.08, 0.00672778
FILLER_0_110_248, 114.74, 310.08, 0.00672778
FILLER_0_109_256, 127.54, 310.08, 0.00669805
FILLER_0_111_273, 127.54, 310.08, 0.00669805
_11655_, 140.34, 310.08, 0.00666833
_11658_, 140.34, 310.08, 0.00666833
FILLER_0_110_301, 140.34, 310.08, 0.00666833
FILLER_0_111_304, 140.34, 310.08, 0.00666833
_11322_, 153.14, 310.08, 0.0066379
_11447_, 153.14, 310.08, 0.0066379
_11450_, 153.14, 310.08, 0.0066379
_11452_, 153.14, 310.08, 0.0066379
_11549_, 153.14, 310.08, 0.0066379
_11550_, 153.14, 310.08, 0.0066379
FILLER_0_110_309, 153.14, 310.08, 0.0066379
FILLER_0_110_317, 153.14, 310.08, 0.0066379
FILLER_0_110_331, 153.14, 310.08, 0.0066379
_11328_, 165.94, 310.08, 0.00660516
_11329_, 165.94, 310.08, 0.00660516
_11330_, 165.94, 310.08, 0.00660516
_11331_, 165.94, 310.08, 0.00660516
_07953_, 191.54, 310.08, 0.00655801
_09592_, 191.54, 310.08, 0.00655801
_09594_, 191.54, 310.08, 0.00655801
_09602_, 191.54, 310.08, 0.00655801
_09603_, 191.54, 310.08, 0.00655801
FILLER_0_110_397, 191.54, 310.08, 0.00655801
FILLER_0_110_411, 191.54, 310.08, 0.00655801
FILLER_0_111_413, 191.54, 310.08, 0.00655801
_07965_, 204.34, 310.08, 0.00654032
_09593_, 204.34, 310.08, 0.00654032
_09610_, 204.34, 310.08, 0.00654032
FILLER_0_109_425, 204.34, 310.08, 0.00654032
FILLER_0_110_421, 204.34, 310.08, 0.00654032
FILLER_0_110_432, 204.34, 310.08, 0.00654032
_07963_, 217.14, 310.08, 0.0065211
_07964_, 217.14, 310.08, 0.0065211
_09608_, 217.14, 310.08, 0.0065211
FILLER_0_109_449, 217.14, 310.08, 0.0065211
FILLER_0_109_460, 217.14, 310.08, 0.0065211
FILLER_0_110_458, 217.14, 310.08, 0.0065211
FILLER_0_110_466, 217.14, 310.08, 0.0065211
FILLER_0_111_464, 217.14, 310.08, 0.0065211
_07961_, 229.94, 310.08, 0.00650053
_07967_, 229.94, 310.08, 0.00650053
_08061_, 229.94, 310.08, 0.00650053
FILLER_0_109_477, 229.94, 310.08, 0.00650053
FILLER_0_109_485, 229.94, 310.08, 0.00650053
FILLER_0_110_477, 229.94, 310.08, 0.00650053
FILLER_0_110_485, 229.94, 310.08, 0.00650053
FILLER_0_111_501, 229.94, 310.08, 0.00650053
_08031_, 242.74, 310.08, 0.00647903
_08032_, 242.74, 310.08, 0.00647903
FILLER_0_109_505, 242.74, 310.08, 0.00647903
FILLER_0_110_519, 242.74, 310.08, 0.00647903
_08022_, 255.54, 310.08, 0.00645614
_08023_, 255.54, 310.08, 0.00645614
_08030_, 255.54, 310.08, 0.00645614
rebuffer22, 255.54, 310.08, 0.00645614
FILLER_0_110_547, 255.54, 310.08, 0.00645614
FILLER_0_110_555, 255.54, 310.08, 0.00645614
FILLER_0_111_553, 255.54, 310.08, 0.00645614
_08200_, 268.34, 310.08, 0.00643109
_08205_, 268.34, 310.08, 0.00643109
_08213_, 268.34, 310.08, 0.00643109
_08214_, 268.34, 310.08, 0.00643109
FILLER_0_110_580, 268.34, 310.08, 0.00643109
FILLER_0_111_573, 268.34, 310.08, 0.00643109
_08211_, 281.14, 310.08, 0.00640298
_08275_, 281.14, 310.08, 0.00640298
FILLER_0_109_588, 281.14, 310.08, 0.00640298
FILLER_0_110_613, 281.14, 310.08, 0.00640298
_08242_, 293.94, 310.08, 0.00637298
_08243_, 293.94, 310.08, 0.00637298
_08244_, 293.94, 310.08, 0.00637298
_08246_, 293.94, 310.08, 0.00637298
_08248_, 293.94, 310.08, 0.00637298
FILLER_0_111_629, 293.94, 310.08, 0.00637298
_08289_, 306.74, 310.08, 0.00634017
_08290_, 306.74, 310.08, 0.00634017
_08293_, 306.74, 310.08, 0.00634017
_08294_, 306.74, 310.08, 0.00634017
_08358_, 306.74, 310.08, 0.00634017
_08369_, 306.74, 310.08, 0.00634017
FILLER_0_109_653, 306.74, 310.08, 0.00634017
FILLER_0_111_662, 306.74, 310.08, 0.00634017
_08291_, 319.54, 310.08, 0.00630189
_08360_, 319.54, 310.08, 0.00630189
_08361_, 319.54, 310.08, 0.00630189
_08517_, 319.54, 310.08, 0.00630189
FILLER_0_109_669, 319.54, 310.08, 0.00630189
FILLER_0_109_673, 319.54, 310.08, 0.00630189
FILLER_0_110_685, 319.54, 310.08, 0.00630189
FILLER_0_111_693, 319.54, 310.08, 0.00630189
_08520_, 344.33, 310.08, 0.00630348
_08522_, 344.33, 310.08, 0.00630348
_09164_, 344.33, 310.08, 0.00630348
_09165_, 344.33, 310.08, 0.00630348
_09169_, 344.33, 310.08, 0.00630348
FILLER_0_109_724, 344.33, 310.08, 0.00630348
FILLER_0_110_725, 344.33, 310.08, 0.00630348
FILLER_0_110_747, 344.33, 310.08, 0.00630348
_06388_, 356.32, 310.08, 0.00633911
_06882_, 356.32, 310.08, 0.00633911
FILLER_0_111_772, 356.32, 310.08, 0.00633911
_06945_, 368.31, 310.08, 0.00637213
_07177_, 368.31, 310.08, 0.00637213
FILLER_0_109_777, 368.31, 310.08, 0.00637213
FILLER_0_110_777, 368.31, 310.08, 0.00637213
_06943_, 380.3, 310.08, 0.00640147
_07085_, 380.3, 310.08, 0.00640147
_07480_, 380.3, 310.08, 0.00640147
_07491_, 380.3, 310.08, 0.00640147
FILLER_0_110_808, 380.3, 310.08, 0.00640147
FILLER_0_111_827, 380.3, 310.08, 0.00640147
_07487_, 392.29, 310.08, 0.0064251
_07488_, 392.29, 310.08, 0.0064251
_07489_, 392.29, 310.08, 0.0064251
_07497_, 392.29, 310.08, 0.0064251
FILLER_0_109_833, 392.29, 310.08, 0.0064251
FILLER_0_110_832, 392.29, 310.08, 0.0064251
FILLER_0_111_847, 392.29, 310.08, 0.0064251
_07486_, 404.28, 310.08, 0.00644636
_07499_, 404.28, 310.08, 0.00644636
_07502_, 404.28, 310.08, 0.00644636
FILLER_0_109_865, 404.28, 310.08, 0.00644636
FILLER_0_110_863, 404.28, 310.08, 0.00644636
FILLER_0_110_869, 404.28, 310.08, 0.00644636
_07496_, 416.27, 310.08, 0.00646645
_07548_, 416.27, 310.08, 0.00646645
_12724_, 416.27, 310.08, 0.00646645
PHY_214, 5.52, 304.64, 0.00683111
PHY_216, 5.52, 304.64, 0.00683111
input50, 5.52, 304.64, 0.00683111
PHY_215, 428.26, 304.64, 0.00623998
PHY_217, 428.26, 304.64, 0.00623998
FILLER_0_107_909, 428.26, 304.64, 0.00623998
FILLER_0_108_913, 428.26, 304.64, 0.00623998
FILLER_0_108_77, 37.94, 304.64, 0.00682283
FILLER_0_109_105, 50.74, 304.64, 0.00681486
FILLER_0_108_133, 63.54, 304.64, 0.0068069
FILLER_0_109_137, 63.54, 304.64, 0.0068069
_11888_, 76.34, 304.64, 0.00679893
_11972_, 76.34, 304.64, 0.00679893
_12050_, 76.34, 304.64, 0.00679893
FILLER_0_107_149, 76.34, 304.64, 0.00679893
FILLER_0_108_159, 76.34, 304.64, 0.00679893
FILLER_0_109_159, 76.34, 304.64, 0.00679893
_11777_, 89.14, 304.64, 0.00678367
_11798_, 89.14, 304.64, 0.00678367
_11889_, 89.14, 304.64, 0.00678367
FILLER_0_108_188, 89.14, 304.64, 0.00678367
_11862_, 101.94, 304.64, 0.00675588
_11863_, 101.94, 304.64, 0.00675588
_11864_, 101.94, 304.64, 0.00675588
_11958_, 101.94, 304.64, 0.00675588
_11959_, 101.94, 304.64, 0.00675588
FILLER_0_107_205, 101.94, 304.64, 0.00675588
FILLER_0_108_197, 101.94, 304.64, 0.00675588
FILLER_0_109_219, 101.94, 304.64, 0.00675588
_10478_, 114.74, 304.64, 0.00672608
_11665_, 114.74, 304.64, 0.00672608
_11666_, 114.74, 304.64, 0.00672608
_11667_, 114.74, 304.64, 0.00672608
_11668_, 114.74, 304.64, 0.00672608
_11773_, 114.74, 304.64, 0.00672608
_11774_, 114.74, 304.64, 0.00672608
FILLER_0_107_225, 114.74, 304.64, 0.00672608
FILLER_0_107_237, 114.74, 304.64, 0.00672608
FILLER_0_108_228, 114.74, 304.64, 0.00672608
_11554_, 127.54, 304.64, 0.00668973
_11660_, 127.54, 304.64, 0.00668973
_11661_, 127.54, 304.64, 0.00668973
_11662_, 127.54, 304.64, 0.00668973
_11770_, 127.54, 304.64, 0.00668973
_11771_, 127.54, 304.64, 0.00668973
_11772_, 127.54, 304.64, 0.00668973
FILLER_0_107_264, 127.54, 304.64, 0.00668973
FILLER_0_108_262, 127.54, 304.64, 0.00668973
FILLER_0_109_277, 127.54, 304.64, 0.00668973
_11448_, 140.34, 304.64, 0.00664991
_11656_, 140.34, 304.64, 0.00664991
_11657_, 140.34, 304.64, 0.00664991
_11659_, 140.34, 304.64, 0.00664991
_11769_, 140.34, 304.64, 0.00664991
FILLER_0_107_290, 140.34, 304.64, 0.00664991
FILLER_0_108_333, 153.14, 304.64, 0.00660797
FILLER_0_109_330, 153.14, 304.64, 0.00660797
_11178_, 165.94, 304.64, 0.00656604
_11179_, 165.94, 304.64, 0.00656604
_11181_, 165.94, 304.64, 0.00656604
_11182_, 165.94, 304.64, 0.00656604
_11323_, 165.94, 304.64, 0.00656604
max_cap145, 165.94, 304.64, 0.00656604
FILLER_0_108_352, 165.94, 304.64, 0.00656604
_07971_, 204.34, 304.64, 0.00649246
_09607_, 204.34, 304.64, 0.00649246
_09609_, 204.34, 304.64, 0.00649246
_09611_, 204.34, 304.64, 0.00649246
_09777_, 204.34, 304.64, 0.00649246
_09778_, 204.34, 304.64, 0.00649246
FILLER_0_108_421, 204.34, 304.64, 0.00649246
FILLER_0_108_438, 204.34, 304.64, 0.00649246
_07968_, 217.14, 304.64, 0.00647477
_07969_, 217.14, 304.64, 0.00647477
_07970_, 217.14, 304.64, 0.00647477
_07973_, 217.14, 304.64, 0.00647477
FILLER_0_108_466, 217.14, 304.64, 0.00647477
_07976_, 229.94, 304.64, 0.00645428
_07977_, 229.94, 304.64, 0.00645428
_07978_, 229.94, 304.64, 0.00645428
_07979_, 229.94, 304.64, 0.00645428
_07980_, 229.94, 304.64, 0.00645428
_07990_, 229.94, 304.64, 0.00645428
FILLER_0_108_489, 229.94, 304.64, 0.00645428
FILLER_0_108_497, 229.94, 304.64, 0.00645428
FILLER_0_109_495, 229.94, 304.64, 0.00645428
_07954_, 242.74, 304.64, 0.00642968
_08018_, 242.74, 304.64, 0.00642968
_08029_, 242.74, 304.64, 0.00642968
_08048_, 242.74, 304.64, 0.00642968
_08049_, 242.74, 304.64, 0.00642968
FILLER_0_108_505, 242.74, 304.64, 0.00642968
FILLER_0_108_517, 242.74, 304.64, 0.00642968
_08024_, 255.54, 304.64, 0.00639886
_08219_, 255.54, 304.64, 0.00639886
_08201_, 268.34, 304.64, 0.00636287
_08215_, 268.34, 304.64, 0.00636287
_08216_, 268.34, 304.64, 0.00636287
_08218_, 268.34, 304.64, 0.00636287
_08264_, 268.34, 304.64, 0.00636287
FILLER_0_107_564, 268.34, 304.64, 0.00636287
FILLER_0_108_583, 268.34, 304.64, 0.00636287
_08239_, 281.14, 304.64, 0.00632405
_08256_, 281.14, 304.64, 0.00632405
_08272_, 281.14, 304.64, 0.00632405
_08249_, 293.94, 304.64, 0.00628295
_08253_, 293.94, 304.64, 0.00628295
_08276_, 293.94, 304.64, 0.00628295
FILLER_0_108_625, 293.94, 304.64, 0.00628295
_07924_, 306.74, 304.64, 0.00623966
_08277_, 306.74, 304.64, 0.00623966
_08370_, 306.74, 304.64, 0.00623966
FILLER_0_108_641, 306.74, 304.64, 0.00623966
FILLER_0_109_661, 306.74, 304.64, 0.00623966
_08341_, 319.54, 304.64, 0.00619194
FILLER_0_107_673, 319.54, 304.64, 0.00619194
FILLER_0_107_681, 319.54, 304.64, 0.00619194
FILLER_0_108_681, 319.54, 304.64, 0.00619194
FILLER_0_108_694, 319.54, 304.64, 0.00619194
_08512_, 344.33, 304.64, 0.0061667
_08523_, 344.33, 304.64, 0.0061667
FILLER_0_108_725, 344.33, 304.64, 0.0061667
_06570_, 356.32, 304.64, 0.00618529
_06571_, 356.32, 304.64, 0.00618529
_07468_, 356.32, 304.64, 0.00618529
_07626_, 356.32, 304.64, 0.00618529
_07629_, 356.32, 304.64, 0.00618529
FILLER_0_107_756, 356.32, 304.64, 0.00618529
FILLER_0_107_762, 356.32, 304.64, 0.00618529
FILLER_0_108_750, 356.32, 304.64, 0.00618529
_06418_, 368.31, 304.64, 0.00620065
_07606_, 368.31, 304.64, 0.00620065
_07609_, 368.31, 304.64, 0.00620065
FILLER_0_109_791, 368.31, 304.64, 0.00620065
_06452_, 380.3, 304.64, 0.00621426
_07569_, 380.3, 304.64, 0.00621426
FILLER_0_108_804, 380.3, 304.64, 0.00621426
FILLER_0_109_821, 380.3, 304.64, 0.00621426
_07490_, 392.29, 304.64, 0.00622503
_07492_, 392.29, 304.64, 0.00622503
_07493_, 392.29, 304.64, 0.00622503
FILLER_0_107_835, 392.29, 304.64, 0.00622503
FILLER_0_108_853, 392.29, 304.64, 0.00622503
_07469_, 404.28, 304.64, 0.00623448
_07495_, 404.28, 304.64, 0.00623448
_07500_, 404.28, 304.64, 0.00623448
_07547_, 404.28, 304.64, 0.00623448
_07559_, 404.28, 304.64, 0.00623448
FILLER_0_108_869, 404.28, 304.64, 0.00623448
_07549_, 416.27, 304.64, 0.00623998
_07550_, 416.27, 304.64, 0.00623998
_07556_, 416.27, 304.64, 0.00623998
FILLER_0_107_889, 416.27, 304.64, 0.00623998
FILLER_0_109_905, 416.27, 304.64, 0.00623998
PHY_210, 5.52, 299.2, 0.00683798
PHY_212, 5.52, 299.2, 0.00683798
PHY_211, 428.26, 299.2, 0.00611387
PHY_213, 428.26, 299.2, 0.00611387
fanout162, 428.26, 299.2, 0.00611387
FILLER_0_106_913, 428.26, 299.2, 0.00611387
FILLER_0_106_77, 37.94, 299.2, 0.00685735
_11755_, 50.74, 299.2, 0.00687671
FILLER_0_107_105, 50.74, 299.2, 0.00687671
FILLER_0_106_133, 63.54, 299.2, 0.00687538
_11732_, 76.34, 299.2, 0.00687404
_11734_, 76.34, 299.2, 0.00687404
_11735_, 76.34, 299.2, 0.00687404
_11738_, 76.34, 299.2, 0.00687404
_11842_, 76.34, 299.2, 0.00687404
FILLER_0_105_149, 76.34, 299.2, 0.00687404
FILLER_0_106_141, 76.34, 299.2, 0.00687404
FILLER_0_107_158, 76.34, 299.2, 0.00687404
_11602_, 89.14, 299.2, 0.00684369
_11605_, 89.14, 299.2, 0.00684369
_11737_, 89.14, 299.2, 0.00684369
FILLER_0_106_169, 89.14, 299.2, 0.00684369
FILLER_0_106_192, 89.14, 299.2, 0.00684369
_11767_, 101.94, 299.2, 0.00679682
FILLER_0_107_214, 101.94, 299.2, 0.00679682
_11663_, 114.74, 299.2, 0.00674958
_11775_, 114.74, 299.2, 0.00674958
FILLER_0_106_245, 114.74, 299.2, 0.00674958
FILLER_0_107_246, 114.74, 299.2, 0.00674958
_11553_, 127.54, 299.2, 0.00670116
_11555_, 127.54, 299.2, 0.00670116
_11557_, 127.54, 299.2, 0.00670116
_11558_, 127.54, 299.2, 0.00670116
_11768_, 127.54, 299.2, 0.00670116
_11335_, 140.34, 299.2, 0.00664944
_11552_, 140.34, 299.2, 0.00664944
_11664_, 140.34, 299.2, 0.00664944
FILLER_0_106_290, 140.34, 299.2, 0.00664944
FILLER_0_106_298, 140.34, 299.2, 0.00664944
_09804_, 153.14, 299.2, 0.00659602
_11033_, 153.14, 299.2, 0.00659602
_11036_, 153.14, 299.2, 0.00659602
_11183_, 153.14, 299.2, 0.00659602
_11184_, 153.14, 299.2, 0.00659602
_11185_, 153.14, 299.2, 0.00659602
_11556_, 153.14, 299.2, 0.00659602
FILLER_0_107_332, 153.14, 299.2, 0.00659602
_07029_, 165.94, 299.2, 0.00653642
_11037_, 165.94, 299.2, 0.00653642
_11176_, 165.94, 299.2, 0.00653642
_11180_, 165.94, 299.2, 0.00653642
FILLER_0_106_351, 165.94, 299.2, 0.00653642
_09780_, 191.54, 299.2, 0.00645435
_09781_, 191.54, 299.2, 0.00645435
_09782_, 191.54, 299.2, 0.00645435
_09784_, 191.54, 299.2, 0.00645435
_09785_, 191.54, 299.2, 0.00645435
_09989_, 191.54, 299.2, 0.00645435
FILLER_0_106_400, 191.54, 299.2, 0.00645435
FILLER_0_107_405, 191.54, 299.2, 0.00645435
FILLER_0_107_413, 191.54, 299.2, 0.00645435
_07972_, 204.34, 299.2, 0.00643214
_09613_, 204.34, 299.2, 0.00643214
_09779_, 204.34, 299.2, 0.00643214
_07955_, 217.14, 299.2, 0.00640778
_07989_, 217.14, 299.2, 0.00640778
_08010_, 217.14, 299.2, 0.00640778
FILLER_0_106_466, 217.14, 299.2, 0.00640778
FILLER_0_107_461, 217.14, 299.2, 0.00640778
_08047_, 229.94, 299.2, 0.00638013
_08025_, 242.74, 299.2, 0.00635161
_08040_, 242.74, 299.2, 0.00635161
_08059_, 242.74, 299.2, 0.00635161
FILLER_0_106_525, 242.74, 299.2, 0.00635161
FILLER_0_107_522, 242.74, 299.2, 0.00635161
_08036_, 255.54, 299.2, 0.00631585
FILLER_0_105_537, 255.54, 299.2, 0.00631585
_08184_, 268.34, 299.2, 0.00627898
_08202_, 268.34, 299.2, 0.00627898
_08212_, 268.34, 299.2, 0.00627898
_08217_, 268.34, 299.2, 0.00627898
_08265_, 268.34, 299.2, 0.00627898
FILLER_0_105_561, 268.34, 299.2, 0.00627898
FILLER_0_106_580, 268.34, 299.2, 0.00627898
_08251_, 281.14, 299.2, 0.0062393
_08257_, 281.14, 299.2, 0.0062393
_08268_, 281.14, 299.2, 0.0062393
FILLER_0_106_609, 281.14, 299.2, 0.0062393
FILLER_0_107_608, 281.14, 299.2, 0.0062393
_08269_, 293.94, 299.2, 0.00619724
_08273_, 293.94, 299.2, 0.00619724
_08295_, 293.94, 299.2, 0.00619724
FILLER_0_105_626, 293.94, 299.2, 0.00619724
FILLER_0_106_619, 293.94, 299.2, 0.00619724
FILLER_0_107_635, 293.94, 299.2, 0.00619724
_07763_, 306.74, 299.2, 0.00615264
_08296_, 306.74, 299.2, 0.00615264
_08298_, 306.74, 299.2, 0.00615264
_08331_, 306.74, 299.2, 0.00615264
_08349_, 306.74, 299.2, 0.00615264
_08364_, 306.74, 299.2, 0.00615264
FILLER_0_106_658, 306.74, 299.2, 0.00615264
FILLER_0_107_667, 306.74, 299.2, 0.00615264
_08338_, 319.54, 299.2, 0.00609799
_08339_, 319.54, 299.2, 0.00609799
_08347_, 319.54, 299.2, 0.00609799
_08348_, 319.54, 299.2, 0.00609799
_08365_, 319.54, 299.2, 0.00609799
FILLER_0_105_669, 319.54, 299.2, 0.00609799
FILLER_0_105_673, 319.54, 299.2, 0.00609799
FILLER_0_106_688, 319.54, 299.2, 0.00609799
_08504_, 344.33, 299.2, 0.00606645
_08524_, 344.33, 299.2, 0.00606645
_09161_, 344.33, 299.2, 0.00606645
FILLER_0_105_729, 344.33, 299.2, 0.00606645
_07627_, 356.32, 299.2, 0.00608172
_07628_, 356.32, 299.2, 0.00608172
_07630_, 356.32, 299.2, 0.00608172
_08505_, 356.32, 299.2, 0.00608172
_08506_, 356.32, 299.2, 0.00608172
_08507_, 356.32, 299.2, 0.00608172
FILLER_0_105_755, 356.32, 299.2, 0.00608172
_07570_, 368.31, 299.2, 0.00609273
_07607_, 368.31, 299.2, 0.00609273
_07611_, 368.31, 299.2, 0.00609273
rebuffer46, 368.31, 299.2, 0.00609273
FILLER_0_105_777, 368.31, 299.2, 0.00609273
FILLER_0_105_785, 368.31, 299.2, 0.00609273
FILLER_0_107_792, 368.31, 299.2, 0.00609273
_07567_, 380.3, 299.2, 0.00610024
_07568_, 380.3, 299.2, 0.00610024
_07571_, 380.3, 299.2, 0.00610024
_07572_, 380.3, 299.2, 0.00610024
ANTENNA_189, 380.3, 299.2, 0.00610024
FILLER_0_105_811, 380.3, 299.2, 0.00610024
FILLER_0_107_821, 380.3, 299.2, 0.00610024
_07494_, 392.29, 299.2, 0.00610602
_07562_, 392.29, 299.2, 0.00610602
_07563_, 392.29, 299.2, 0.00610602
FILLER_0_106_838, 392.29, 299.2, 0.00610602
FILLER_0_107_841, 392.29, 299.2, 0.00610602
FILLER_0_107_852, 392.29, 299.2, 0.00610602
_07501_, 404.28, 299.2, 0.00610961
_07573_, 404.28, 299.2, 0.00610961
FILLER_0_106_865, 404.28, 299.2, 0.00610961
FILLER_0_105_889, 416.27, 299.2, 0.00611174
FILLER_0_106_905, 416.27, 299.2, 0.00611174
PHY_206, 5.52, 293.76, 0.00699777
PHY_208, 5.52, 293.76, 0.00699777
PHY_207, 428.26, 293.76, 0.00610832
PHY_209, 428.26, 293.76, 0.00610832
_12701_, 37.94, 293.76, 0.00720732
FILLER_0_103_57, 37.94, 293.76, 0.00720732
FILLER_0_104_80, 37.94, 293.76, 0.00720732
_11646_, 50.74, 293.76, 0.00739237
_11651_, 50.74, 293.76, 0.00739237
_11756_, 50.74, 293.76, 0.00739237
_11757_, 50.74, 293.76, 0.00739237
FILLER_0_103_85, 50.74, 293.76, 0.00739237
FILLER_0_104_85, 50.74, 293.76, 0.00739237
_11607_, 63.54, 293.76, 0.00735232
_11608_, 63.54, 293.76, 0.00735232
_11611_, 63.54, 293.76, 0.00735232
FILLER_0_103_113, 63.54, 293.76, 0.00735232
FILLER_0_104_116, 63.54, 293.76, 0.00735232
FILLER_0_104_124, 63.54, 293.76, 0.00735232
FILLER_0_104_132, 63.54, 293.76, 0.00735232
_11490_, 76.34, 293.76, 0.00728919
_11492_, 76.34, 293.76, 0.00728919
_11733_, 76.34, 293.76, 0.00728919
FILLER_0_104_141, 76.34, 293.76, 0.00728919
FILLER_0_105_160, 76.34, 293.76, 0.00728919
_11604_, 89.14, 293.76, 0.00721324
_11736_, 89.14, 293.76, 0.00721324
FILLER_0_105_188, 89.14, 293.76, 0.00721324
_11356_, 101.94, 293.76, 0.00713046
_11487_, 101.94, 293.76, 0.00713046
_11488_, 101.94, 293.76, 0.00713046
_11489_, 101.94, 293.76, 0.00713046
_11603_, 101.94, 293.76, 0.00713046
FILLER_0_103_205, 101.94, 293.76, 0.00713046
FILLER_0_105_213, 101.94, 293.76, 0.00713046
FILLER_0_105_221, 101.94, 293.76, 0.00713046
_11051_, 114.74, 293.76, 0.00703155
_11173_, 114.74, 293.76, 0.00703155
_11198_, 114.74, 293.76, 0.00703155
_11199_, 114.74, 293.76, 0.00703155
_11200_, 114.74, 293.76, 0.00703155
_11358_, 114.74, 293.76, 0.00703155
FILLER_0_104_226, 114.74, 293.76, 0.00703155
_11047_, 127.54, 293.76, 0.00692541
_11048_, 127.54, 293.76, 0.00692541
_11357_, 127.54, 293.76, 0.00692541
_11439_, 127.54, 293.76, 0.00692541
FILLER_0_104_264, 127.54, 293.76, 0.00692541
FILLER_0_105_277, 127.54, 293.76, 0.00692541
_07419_, 140.34, 293.76, 0.00681622
_07448_, 140.34, 293.76, 0.00681622
_07747_, 140.34, 293.76, 0.00681622
_10746_, 140.34, 293.76, 0.00681622
_11437_, 140.34, 293.76, 0.00681622
FILLER_0_104_303, 140.34, 293.76, 0.00681622
FILLER_0_105_305, 140.34, 293.76, 0.00681622
_10725_, 153.14, 293.76, 0.00669976
_11034_, 153.14, 293.76, 0.00669976
_11035_, 153.14, 293.76, 0.00669976
_11038_, 153.14, 293.76, 0.00669976
_11039_, 153.14, 293.76, 0.00669976
FILLER_0_103_310, 153.14, 293.76, 0.00669976
FILLER_0_104_309, 153.14, 293.76, 0.00669976
_10321_, 165.94, 293.76, 0.00658025
FILLER_0_104_359, 165.94, 293.76, 0.00658025
FILLER_0_105_361, 165.94, 293.76, 0.00658025
_09612_, 191.54, 293.76, 0.00644541
_09786_, 191.54, 293.76, 0.00644541
_09992_, 191.54, 293.76, 0.00644541
_10174_, 191.54, 293.76, 0.00644541
_07449_, 204.34, 293.76, 0.00642898
_07982_, 204.34, 293.76, 0.00642898
_09604_, 204.34, 293.76, 0.00642898
_09606_, 204.34, 293.76, 0.00642898
_09614_, 204.34, 293.76, 0.00642898
FILLER_0_104_425, 204.34, 293.76, 0.00642898
FILLER_0_104_443, 204.34, 293.76, 0.00642898
FILLER_0_105_433, 204.34, 293.76, 0.00642898
_07974_, 217.14, 293.76, 0.00640631
_07975_, 217.14, 293.76, 0.00640631
_07981_, 217.14, 293.76, 0.00640631
_07985_, 217.14, 293.76, 0.00640631
_07991_, 217.14, 293.76, 0.00640631
FILLER_0_103_456, 217.14, 293.76, 0.00640631
FILLER_0_104_465, 217.14, 293.76, 0.00640631
FILLER_0_104_473, 217.14, 293.76, 0.00640631
_08009_, 229.94, 293.76, 0.0063778
_08027_, 229.94, 293.76, 0.0063778
_08033_, 229.94, 293.76, 0.0063778
_09605_, 229.94, 293.76, 0.0063778
FILLER_0_103_485, 229.94, 293.76, 0.0063778
FILLER_0_105_495, 229.94, 293.76, 0.0063778
_07890_, 242.74, 293.76, 0.00634779
_08034_, 242.74, 293.76, 0.00634779
_08045_, 242.74, 293.76, 0.00634779
_08067_, 242.74, 293.76, 0.00634779
FILLER_0_104_516, 242.74, 293.76, 0.00634779
FILLER_0_104_528, 242.74, 293.76, 0.00634779
_08038_, 255.54, 293.76, 0.00631375
_08041_, 255.54, 293.76, 0.00631375
_08043_, 255.54, 293.76, 0.00631375
_08058_, 255.54, 293.76, 0.00631375
FILLER_0_104_533, 255.54, 293.76, 0.00631375
FILLER_0_104_542, 255.54, 293.76, 0.00631375
FILLER_0_105_551, 255.54, 293.76, 0.00631375
_08039_, 268.34, 293.76, 0.00627742
_08183_, 268.34, 293.76, 0.00627742
_08185_, 268.34, 293.76, 0.00627742
_08263_, 268.34, 293.76, 0.00627742
FILLER_0_104_558, 268.34, 293.76, 0.00627742
FILLER_0_104_566, 268.34, 293.76, 0.00627742
_08240_, 281.14, 293.76, 0.00623873
_08250_, 281.14, 293.76, 0.00623873
_08254_, 281.14, 293.76, 0.00623873
_08255_, 281.14, 293.76, 0.00623873
_08266_, 281.14, 293.76, 0.00623873
FILLER_0_104_596, 281.14, 293.76, 0.00623873
FILLER_0_104_609, 281.14, 293.76, 0.00623873
FILLER_0_105_600, 281.14, 293.76, 0.00623873
_08270_, 293.94, 293.76, 0.00619609
_08274_, 293.94, 293.76, 0.00619609
_08299_, 306.74, 293.76, 0.00615034
_08300_, 306.74, 293.76, 0.00615034
_08351_, 306.74, 293.76, 0.00615034
_08353_, 306.74, 293.76, 0.00615034
wire135, 306.74, 293.76, 0.00615034
FILLER_0_104_645, 306.74, 293.76, 0.00615034
FILLER_0_104_663, 306.74, 293.76, 0.00615034
FILLER_0_105_656, 306.74, 293.76, 0.00615034
_08316_, 319.54, 293.76, 0.0060577
_08332_, 319.54, 293.76, 0.0060577
_08333_, 319.54, 293.76, 0.0060577
_08362_, 319.54, 293.76, 0.0060577
_08366_, 319.54, 293.76, 0.0060577
FILLER_0_105_691, 319.54, 293.76, 0.0060577
_08525_, 344.33, 293.76, 0.00599034
_08526_, 344.33, 293.76, 0.00599034
FILLER_0_103_729, 344.33, 293.76, 0.00599034
FILLER_0_104_737, 344.33, 293.76, 0.00599034
FILLER_0_104_748, 344.33, 293.76, 0.00599034
_07610_, 356.32, 293.76, 0.00601626
FILLER_0_104_757, 356.32, 293.76, 0.00601626
_07612_, 368.31, 293.76, 0.00604195
_07613_, 368.31, 293.76, 0.00604195
_07619_, 368.31, 293.76, 0.00604195
_07624_, 368.31, 293.76, 0.00604195
_07625_, 368.31, 293.76, 0.00604195
FILLER_0_104_779, 368.31, 293.76, 0.00604195
FILLER_0_104_801, 368.31, 293.76, 0.00604195
_07601_, 380.3, 293.76, 0.00606396
_07602_, 380.3, 293.76, 0.00606396
_07603_, 380.3, 293.76, 0.00606396
_07620_, 380.3, 293.76, 0.00606396
_07621_, 380.3, 293.76, 0.00606396
FILLER_0_104_809, 380.3, 293.76, 0.00606396
_07614_, 392.29, 293.76, 0.00608237
_07618_, 392.29, 293.76, 0.00608237
FILLER_0_105_853, 392.29, 293.76, 0.00608237
_07574_, 404.28, 293.76, 0.00609673
_07576_, 404.28, 293.76, 0.00609673
_07645_, 404.28, 293.76, 0.00609673
_07654_, 404.28, 293.76, 0.00609673
_07655_, 404.28, 293.76, 0.00609673
_07566_, 416.27, 293.76, 0.00610832
_07577_, 416.27, 293.76, 0.00610832
_07578_, 416.27, 293.76, 0.00610832
_12774_, 416.27, 293.76, 0.00610832
FILLER_0_103_880, 416.27, 293.76, 0.00610832
FILLER_0_103_892, 416.27, 293.76, 0.00610832
FILLER_0_104_887, 416.27, 293.76, 0.00610832
FILLER_0_105_903, 416.27, 293.76, 0.00610832
PHY_202, 5.52, 288.32, 0.00688573
PHY_204, 5.52, 288.32, 0.00688573
output93, 5.52, 288.32, 0.00688573
_07659_, 428.26, 288.32, 0.00601965
PHY_203, 428.26, 288.32, 0.00601965
PHY_205, 428.26, 288.32, 0.00601965
input53, 428.26, 288.32, 0.00601965
FILLER_0_102_21, 15.33, 288.32, 0.00687564
FILLER_0_102_77, 37.94, 288.32, 0.0069602
_11754_, 50.74, 288.32, 0.00705484
_11855_, 50.74, 288.32, 0.00705484
_11859_, 50.74, 288.32, 0.00705484
FILLER_0_103_109, 50.74, 288.32, 0.00705484
_11491_, 63.54, 288.32, 0.00710024
_11494_, 63.54, 288.32, 0.00710024
_11537_, 63.54, 288.32, 0.00710024
_11606_, 63.54, 288.32, 0.00710024
_11609_, 63.54, 288.32, 0.00710024
_11610_, 63.54, 288.32, 0.00710024
_11740_, 63.54, 288.32, 0.00710024
_11856_, 63.54, 288.32, 0.00710024
FILLER_0_102_121, 63.54, 288.32, 0.00710024
_11362_, 76.34, 288.32, 0.00708512
_11363_, 76.34, 288.32, 0.00708512
_11364_, 76.34, 288.32, 0.00708512
_11422_, 76.34, 288.32, 0.00708512
_11493_, 76.34, 288.32, 0.00708512
FILLER_0_101_144, 76.34, 288.32, 0.00708512
FILLER_0_103_160, 76.34, 288.32, 0.00708512
_11202_, 89.14, 288.32, 0.00704944
_11204_, 89.14, 288.32, 0.00704944
_11205_, 89.14, 288.32, 0.00704944
_11298_, 89.14, 288.32, 0.00704944
FILLER_0_101_169, 89.14, 288.32, 0.00704944
FILLER_0_102_193, 89.14, 288.32, 0.00704944
FILLER_0_103_193, 89.14, 288.32, 0.00704944
_11359_, 101.94, 288.32, 0.00696295
_11360_, 101.94, 288.32, 0.00696295
_11361_, 101.94, 288.32, 0.00696295
_11049_, 114.74, 288.32, 0.0068704
_11201_, 114.74, 288.32, 0.0068704
FILLER_0_102_245, 114.74, 288.32, 0.0068704
FILLER_0_103_243, 114.74, 288.32, 0.0068704
FILLER_0_103_250, 114.74, 288.32, 0.0068704
_11438_, 127.54, 288.32, 0.00677366
FILLER_0_101_261, 127.54, 288.32, 0.00677366
FILLER_0_103_269, 127.54, 288.32, 0.00677366
_10876_, 140.34, 288.32, 0.00667673
_11015_, 140.34, 288.32, 0.00667673
FILLER_0_101_281, 140.34, 288.32, 0.00667673
FILLER_0_102_301, 140.34, 288.32, 0.00667673
_10563_, 153.14, 288.32, 0.00657928
_10565_, 153.14, 288.32, 0.00657928
_10733_, 153.14, 288.32, 0.00657928
_10734_, 153.14, 288.32, 0.00657928
FILLER_0_101_308, 153.14, 288.32, 0.00657928
FILLER_0_102_309, 153.14, 288.32, 0.00657928
FILLER_0_103_331, 153.14, 288.32, 0.00657928
_10558_, 165.94, 288.32, 0.00647877
_10561_, 165.94, 288.32, 0.00647877
_10562_, 165.94, 288.32, 0.00647877
_10729_, 165.94, 288.32, 0.00647877
_10731_, 165.94, 288.32, 0.00647877
_10732_, 165.94, 288.32, 0.00647877
FILLER_0_103_353, 165.94, 288.32, 0.00647877
_09615_, 191.54, 288.32, 0.00635105
_09788_, 191.54, 288.32, 0.00635105
_09995_, 191.54, 288.32, 0.00635105
FILLER_0_101_393, 191.54, 288.32, 0.00635105
FILLER_0_102_411, 191.54, 288.32, 0.00635105
FILLER_0_103_406, 191.54, 288.32, 0.00635105
FILLER_0_103_441, 204.34, 288.32, 0.00631935
_08003_, 217.14, 288.32, 0.00628765
_08056_, 217.14, 288.32, 0.00628765
FILLER_0_102_457, 217.14, 288.32, 0.00628765
FILLER_0_102_469, 217.14, 288.32, 0.00628765
_08002_, 229.94, 288.32, 0.00625252
_08028_, 229.94, 288.32, 0.00625252
_08066_, 229.94, 288.32, 0.00625252
FILLER_0_102_495, 229.94, 288.32, 0.00625252
_08044_, 242.74, 288.32, 0.00621501
_08060_, 242.74, 288.32, 0.00621501
_08068_, 242.74, 288.32, 0.00621501
FILLER_0_101_505, 242.74, 288.32, 0.00621501
FILLER_0_101_513, 242.74, 288.32, 0.00621501
FILLER_0_102_506, 242.74, 288.32, 0.00621501
FILLER_0_102_528, 242.74, 288.32, 0.00621501
_08042_, 255.54, 288.32, 0.00617049
_08094_, 255.54, 288.32, 0.00617049
_08098_, 255.54, 288.32, 0.00617049
_08099_, 255.54, 288.32, 0.00617049
FILLER_0_101_539, 255.54, 288.32, 0.00617049
FILLER_0_102_533, 255.54, 288.32, 0.00617049
FILLER_0_102_546, 255.54, 288.32, 0.00617049
FILLER_0_101_561, 268.34, 288.32, 0.00612183
FILLER_0_101_569, 268.34, 288.32, 0.00612183
FILLER_0_102_579, 268.34, 288.32, 0.00612183
_08223_, 281.14, 288.32, 0.00607317
_08258_, 281.14, 288.32, 0.00607317
_08267_, 281.14, 288.32, 0.00607317
FILLER_0_102_589, 281.14, 288.32, 0.00607317
FILLER_0_103_600, 281.14, 288.32, 0.00607317
FILLER_0_103_613, 281.14, 288.32, 0.00607317
_08271_, 293.94, 288.32, 0.00602262
_08301_, 293.94, 288.32, 0.00602262
FILLER_0_102_636, 293.94, 288.32, 0.00602262
FILLER_0_103_636, 293.94, 288.32, 0.00602262
_08297_, 306.74, 288.32, 0.00596903
_08312_, 306.74, 288.32, 0.00596903
_08314_, 306.74, 288.32, 0.00596903
_08315_, 306.74, 288.32, 0.00596903
FILLER_0_101_649, 306.74, 288.32, 0.00596903
FILLER_0_102_645, 306.74, 288.32, 0.00596903
FILLER_0_102_664, 306.74, 288.32, 0.00596903
FILLER_0_103_666, 306.74, 288.32, 0.00596903
_08352_, 319.54, 288.32, 0.00590473
_08355_, 319.54, 288.32, 0.00590473
_08357_, 319.54, 288.32, 0.00590473
FILLER_0_102_672, 319.54, 288.32, 0.00590473
FILLER_0_102_694, 319.54, 288.32, 0.00590473
_08500_, 344.33, 288.32, 0.00589431
_08527_, 344.33, 288.32, 0.00589431
_09153_, 344.33, 288.32, 0.00589431
FILLER_0_101_725, 344.33, 288.32, 0.00589431
FILLER_0_102_729, 344.33, 288.32, 0.00589431
_07026_, 356.32, 288.32, 0.00593275
_07027_, 356.32, 288.32, 0.00593275
_07518_, 356.32, 288.32, 0.00593275
_07529_, 356.32, 288.32, 0.00593275
_08529_, 356.32, 288.32, 0.00593275
FILLER_0_101_758, 356.32, 288.32, 0.00593275
FILLER_0_102_751, 356.32, 288.32, 0.00593275
_07095_, 368.31, 288.32, 0.00596285
_07530_, 368.31, 288.32, 0.00596285
_07623_, 368.31, 288.32, 0.00596285
_07631_, 368.31, 288.32, 0.00596285
_07648_, 368.31, 288.32, 0.00596285
_08501_, 368.31, 288.32, 0.00596285
_08502_, 368.31, 288.32, 0.00596285
_07564_, 380.3, 288.32, 0.00598559
_07565_, 380.3, 288.32, 0.00598559
_07608_, 380.3, 288.32, 0.00598559
FILLER_0_102_825, 380.3, 288.32, 0.00598559
_07615_, 392.29, 288.32, 0.00600388
_07634_, 392.29, 288.32, 0.00600388
_07635_, 392.29, 288.32, 0.00600388
_07636_, 392.29, 288.32, 0.00600388
_07653_, 392.29, 288.32, 0.00600388
FILLER_0_101_837, 392.29, 288.32, 0.00600388
FILLER_0_103_844, 392.29, 288.32, 0.00600388
_07575_, 404.28, 288.32, 0.00601513
_07646_, 404.28, 288.32, 0.00601513
_08498_, 404.28, 288.32, 0.00601513
FILLER_0_101_863, 404.28, 288.32, 0.00601513
_07643_, 416.27, 288.32, 0.00601883
_07644_, 416.27, 288.32, 0.00601883
FILLER_0_101_885, 416.27, 288.32, 0.00601883
PHY_198, 5.52, 282.88, 0.00694009
PHY_200, 5.52, 282.88, 0.00694009
PHY_199, 428.26, 282.88, 0.00585993
PHY_201, 428.26, 282.88, 0.00585993
FILLER_0_99_907, 428.26, 282.88, 0.00585993
FILLER_0_100_77, 37.94, 282.88, 0.00718389
FILLER_0_101_81, 37.94, 282.88, 0.00718389
_11650_, 50.74, 282.88, 0.00742769
_11753_, 50.74, 282.88, 0.00742769
_11858_, 50.74, 282.88, 0.00742769
_11860_, 50.74, 282.88, 0.00742769
FILLER_0_99_95, 50.74, 282.88, 0.00742769
FILLER_0_101_99, 50.74, 282.88, 0.00742769
FILLER_0_101_108, 50.74, 282.88, 0.00742769
_11739_, 63.54, 282.88, 0.00740687
_11741_, 63.54, 282.88, 0.00740687
_11742_, 63.54, 282.88, 0.00740687
FILLER_0_99_113, 63.54, 282.88, 0.00740687
FILLER_0_100_137, 63.54, 282.88, 0.00740687
_11365_, 76.34, 282.88, 0.00735225
FILLER_0_101_159, 76.34, 282.88, 0.00735225
_11052_, 89.14, 282.88, 0.00728125
_11056_, 89.14, 282.88, 0.00728125
_11057_, 89.14, 282.88, 0.00728125
_11140_, 89.14, 282.88, 0.00728125
_11203_, 89.14, 282.88, 0.00728125
_11055_, 101.94, 282.88, 0.0071621
_11150_, 101.94, 282.88, 0.0071621
FILLER_0_99_205, 101.94, 282.88, 0.0071621
FILLER_0_101_221, 101.94, 282.88, 0.0071621
_11017_, 114.74, 282.88, 0.00703382
_11020_, 114.74, 282.88, 0.00703382
_11144_, 114.74, 282.88, 0.00703382
FILLER_0_99_228, 114.74, 282.88, 0.00703382
FILLER_0_100_245, 114.74, 282.88, 0.00703382
_10736_, 127.54, 282.88, 0.0069039
_10877_, 127.54, 282.88, 0.0069039
_10878_, 127.54, 282.88, 0.0069039
_10881_, 127.54, 282.88, 0.0069039
_11012_, 127.54, 282.88, 0.0069039
_11013_, 127.54, 282.88, 0.0069039
_11014_, 127.54, 282.88, 0.0069039
FILLER_0_99_256, 127.54, 282.88, 0.0069039
FILLER_0_100_272, 127.54, 282.88, 0.0069039
FILLER_0_101_274, 127.54, 282.88, 0.0069039
_10724_, 140.34, 282.88, 0.00676786
_10735_, 140.34, 282.88, 0.00676786
_10879_, 140.34, 282.88, 0.00676786
_11016_, 140.34, 282.88, 0.00676786
FILLER_0_99_281, 140.34, 282.88, 0.00676786
FILLER_0_100_298, 140.34, 282.88, 0.00676786
FILLER_0_101_296, 140.34, 282.88, 0.00676786
_10406_, 153.14, 282.88, 0.00662891
_10410_, 153.14, 282.88, 0.00662891
_10564_, 153.14, 282.88, 0.00662891
_10566_, 153.14, 282.88, 0.00662891
_10726_, 153.14, 282.88, 0.00662891
FILLER_0_99_310, 153.14, 282.88, 0.00662891
FILLER_0_101_328, 153.14, 282.88, 0.00662891
_10049_, 165.94, 282.88, 0.00648775
_10405_, 165.94, 282.88, 0.00648775
_10409_, 165.94, 282.88, 0.00648775
_10560_, 165.94, 282.88, 0.00648775
_10730_, 165.94, 282.88, 0.00648775
FILLER_0_101_360, 165.94, 282.88, 0.00648775
_09787_, 191.54, 282.88, 0.0063323
_09997_, 191.54, 282.88, 0.0063323
FILLER_0_100_417, 191.54, 282.88, 0.0063323
_07983_, 204.34, 282.88, 0.00631323
_08004_, 204.34, 282.88, 0.00631323
_09591_, 204.34, 282.88, 0.00631323
_09616_, 204.34, 282.88, 0.00631323
_09618_, 204.34, 282.88, 0.00631323
_09619_, 204.34, 282.88, 0.00631323
FILLER_0_100_440, 204.34, 282.88, 0.00631323
FILLER_0_101_445, 204.34, 282.88, 0.00631323
_07986_, 217.14, 282.88, 0.00628192
_08006_, 217.14, 282.88, 0.00628192
_08051_, 217.14, 282.88, 0.00628192
rebuffer24, 217.14, 282.88, 0.00628192
FILLER_0_99_454, 217.14, 282.88, 0.00628192
FILLER_0_100_453, 217.14, 282.88, 0.00628192
FILLER_0_100_465, 217.14, 282.88, 0.00628192
FILLER_0_100_473, 217.14, 282.88, 0.00628192
_08050_, 229.94, 282.88, 0.0062452
_08055_, 229.94, 282.88, 0.0062452
_08057_, 229.94, 282.88, 0.0062452
_08072_, 229.94, 282.88, 0.0062452
FILLER_0_101_497, 229.94, 282.88, 0.0062452
_08063_, 242.74, 282.88, 0.0062028
_08069_, 242.74, 282.88, 0.0062028
_08070_, 242.74, 282.88, 0.0062028
rebuffer16, 242.74, 282.88, 0.0062028
FILLER_0_99_505, 242.74, 282.88, 0.0062028
FILLER_0_99_513, 242.74, 282.88, 0.0062028
FILLER_0_100_506, 242.74, 282.88, 0.0062028
FILLER_0_100_520, 242.74, 282.88, 0.0062028
FILLER_0_101_519, 242.74, 282.88, 0.0062028
_08037_, 255.54, 282.88, 0.00615517
_08090_, 255.54, 282.88, 0.00615517
_08095_, 255.54, 282.88, 0.00615517
FILLER_0_101_550, 255.54, 282.88, 0.00615517
_07798_, 268.34, 282.88, 0.00609575
_08107_, 268.34, 282.88, 0.00609575
_08138_, 268.34, 282.88, 0.00609575
_08220_, 268.34, 282.88, 0.00609575
_08221_, 268.34, 282.88, 0.00609575
_08260_, 268.34, 282.88, 0.00609575
FILLER_0_100_583, 268.34, 282.88, 0.00609575
FILLER_0_101_585, 268.34, 282.88, 0.00609575
_08222_, 281.14, 282.88, 0.00602928
_08259_, 281.14, 282.88, 0.00602928
_08261_, 281.14, 282.88, 0.00602928
_08303_, 281.14, 282.88, 0.00602928
_08305_, 281.14, 282.88, 0.00602928
FILLER_0_99_599, 281.14, 282.88, 0.00602928
FILLER_0_100_608, 281.14, 282.88, 0.00602928
FILLER_0_101_607, 281.14, 282.88, 0.00602928
_08262_, 293.94, 282.88, 0.00596017
_08302_, 293.94, 282.88, 0.00596017
_08304_, 293.94, 282.88, 0.00596017
_08310_, 293.94, 282.88, 0.00596017
FILLER_0_101_629, 293.94, 282.88, 0.00596017
_08313_, 306.74, 282.88, 0.00588443
_07762_, 319.54, 282.88, 0.00580339
_08354_, 319.54, 282.88, 0.00580339
_08356_, 319.54, 282.88, 0.00580339
_08359_, 319.54, 282.88, 0.00580339
_08374_, 319.54, 282.88, 0.00580339
_08375_, 319.54, 282.88, 0.00580339
_08528_, 344.33, 282.88, 0.00574143
FILLER_0_99_729, 344.33, 282.88, 0.00574143
FILLER_0_100_745, 344.33, 282.88, 0.00574143
_07156_, 356.32, 282.88, 0.00576761
FILLER_0_99_759, 356.32, 282.88, 0.00576761
FILLER_0_100_757, 356.32, 282.88, 0.00576761
FILLER_0_101_769, 356.32, 282.88, 0.00576761
_07517_, 368.31, 282.88, 0.00579121
_07528_, 368.31, 282.88, 0.00579121
rebuffer35, 368.31, 282.88, 0.00579121
FILLER_0_99_780, 368.31, 282.88, 0.00579121
FILLER_0_100_779, 368.31, 282.88, 0.00579121
FILLER_0_100_799, 368.31, 282.88, 0.00579121
FILLER_0_101_791, 368.31, 282.88, 0.00579121
_07526_, 380.3, 282.88, 0.00581324
_07531_, 380.3, 282.88, 0.00581324
_07532_, 380.3, 282.88, 0.00581324
FILLER_0_100_807, 380.3, 282.88, 0.00581324
FILLER_0_101_827, 380.3, 282.88, 0.00581324
_07622_, 392.29, 282.88, 0.00583413
_07632_, 392.29, 282.88, 0.00583413
_07633_, 392.29, 282.88, 0.00583413
_07649_, 392.29, 282.88, 0.00583413
_07650_, 392.29, 282.88, 0.00583413
FILLER_0_99_829, 392.29, 282.88, 0.00583413
FILLER_0_99_837, 392.29, 282.88, 0.00583413
_07651_, 404.28, 282.88, 0.00584924
_07656_, 404.28, 282.88, 0.00584924
_07658_, 404.28, 282.88, 0.00584924
FILLER_0_99_861, 404.28, 282.88, 0.00584924
FILLER_0_100_869, 404.28, 282.88, 0.00584924
_07637_, 416.27, 282.88, 0.00585993
_07642_, 416.27, 282.88, 0.00585993
_07657_, 416.27, 282.88, 0.00585993
_08493_, 416.27, 282.88, 0.00585993
rebuffer17, 416.27, 282.88, 0.00585993
rebuffer47, 416.27, 282.88, 0.00585993
FILLER_0_99_888, 416.27, 282.88, 0.00585993
FILLER_0_100_883, 416.27, 282.88, 0.00585993
FILLER_0_100_895, 416.27, 282.88, 0.00585993
FILLER_0_101_893, 416.27, 282.88, 0.00585993
_12684_, 5.52, 277.44, 0.00686458
_12695_, 5.52, 277.44, 0.00686458
PHY_194, 5.52, 277.44, 0.00686458
PHY_196, 5.52, 277.44, 0.00686458
FILLER_0_98_3, 5.52, 277.44, 0.00686458
PHY_195, 428.26, 277.44, 0.00587415
PHY_197, 428.26, 277.44, 0.00587415
output121, 428.26, 277.44, 0.00587415
ANTENNA_81, 15.33, 277.44, 0.0068374
ANTENNA_140, 15.33, 277.44, 0.0068374
ANTENNA_141, 15.33, 277.44, 0.0068374
ANTENNA_142, 15.33, 277.44, 0.0068374
_11534_, 37.94, 277.44, 0.00690802
_11536_, 37.94, 277.44, 0.00690802
_11647_, 37.94, 277.44, 0.00690802
FILLER_0_98_61, 37.94, 277.44, 0.00690802
FILLER_0_99_81, 37.94, 277.44, 0.00690802
_11648_, 50.74, 277.44, 0.00692345
_11649_, 50.74, 277.44, 0.00692345
_11857_, 50.74, 277.44, 0.00692345
FILLER_0_98_110, 50.74, 277.44, 0.00692345
_11432_, 63.54, 277.44, 0.00688818
_11433_, 63.54, 277.44, 0.00688818
_11545_, 63.54, 277.44, 0.00688818
_11763_, 63.54, 277.44, 0.00688818
FILLER_0_97_113, 63.54, 277.44, 0.00688818
FILLER_0_98_126, 63.54, 277.44, 0.00688818
_11318_, 76.34, 277.44, 0.00684555
_11319_, 76.34, 277.44, 0.00684555
_11320_, 76.34, 277.44, 0.00684555
_11321_, 76.34, 277.44, 0.00684555
_11423_, 76.34, 277.44, 0.00684555
FILLER_0_99_157, 76.34, 277.44, 0.00684555
FILLER_0_99_165, 76.34, 277.44, 0.00684555
_11170_, 89.14, 277.44, 0.00678924
_11171_, 89.14, 277.44, 0.00678924
_11172_, 89.14, 277.44, 0.00678924
FILLER_0_98_186, 89.14, 277.44, 0.00678924
_08136_, 101.94, 277.44, 0.00671995
_11147_, 101.94, 277.44, 0.00671995
_11151_, 101.94, 277.44, 0.00671995
_11315_, 101.94, 277.44, 0.00671995
_11316_, 101.94, 277.44, 0.00671995
_11317_, 101.94, 277.44, 0.00671995
FILLER_0_98_197, 101.94, 277.44, 0.00671995
_10873_, 114.74, 277.44, 0.00664362
_10874_, 114.74, 277.44, 0.00664362
_11018_, 114.74, 277.44, 0.00664362
_11019_, 114.74, 277.44, 0.00664362
_11145_, 114.74, 277.44, 0.00664362
_11146_, 114.74, 277.44, 0.00664362
_11148_, 114.74, 277.44, 0.00664362
FILLER_0_98_247, 114.74, 277.44, 0.00664362
_10737_, 127.54, 277.44, 0.00656408
_10875_, 127.54, 277.44, 0.00656408
_10880_, 127.54, 277.44, 0.00656408
FILLER_0_98_258, 127.54, 277.44, 0.00656408
FILLER_0_99_276, 127.54, 277.44, 0.00656408
_10567_, 140.34, 277.44, 0.00648131
FILLER_0_98_298, 140.34, 277.44, 0.00648131
FILLER_0_99_301, 140.34, 277.44, 0.00648131
_08135_, 153.14, 277.44, 0.0063978
_10407_, 153.14, 277.44, 0.0063978
_10408_, 153.14, 277.44, 0.0063978
_10411_, 153.14, 277.44, 0.0063978
_10568_, 153.14, 277.44, 0.0063978
FILLER_0_97_320, 153.14, 277.44, 0.0063978
FILLER_0_99_329, 153.14, 277.44, 0.0063978
_10239_, 165.94, 277.44, 0.00630831
FILLER_0_98_344, 165.94, 277.44, 0.00630831
FILLER_0_98_352, 165.94, 277.44, 0.00630831
FILLER_0_98_361, 165.94, 277.44, 0.00630831
_10036_, 191.54, 277.44, 0.00620169
_10037_, 191.54, 277.44, 0.00620169
_10038_, 191.54, 277.44, 0.00620169
FILLER_0_98_413, 191.54, 277.44, 0.00620169
FILLER_0_99_418, 191.54, 277.44, 0.00620169
_08007_, 204.34, 277.44, 0.00618401
_08008_, 204.34, 277.44, 0.00618401
_09617_, 204.34, 277.44, 0.00618401
_09988_, 204.34, 277.44, 0.00618401
FILLER_0_98_433, 204.34, 277.44, 0.00618401
FILLER_0_99_438, 204.34, 277.44, 0.00618401
_08005_, 217.14, 277.44, 0.00615619
_08053_, 217.14, 277.44, 0.00615619
FILLER_0_98_469, 217.14, 277.44, 0.00615619
FILLER_0_99_470, 217.14, 277.44, 0.00615619
_07755_, 229.94, 277.44, 0.00612605
_08052_, 229.94, 277.44, 0.00612605
_08054_, 229.94, 277.44, 0.00612605
_08084_, 229.94, 277.44, 0.00612605
rebuffer36, 229.94, 277.44, 0.00612605
FILLER_0_97_477, 229.94, 277.44, 0.00612605
FILLER_0_98_483, 229.94, 277.44, 0.00612605
FILLER_0_99_494, 229.94, 277.44, 0.00612605
_06843_, 242.74, 277.44, 0.00608049
_08071_, 242.74, 277.44, 0.00608049
_08087_, 242.74, 277.44, 0.00608049
FILLER_0_98_504, 242.74, 277.44, 0.00608049
FILLER_0_98_523, 242.74, 277.44, 0.00608049
FILLER_0_99_522, 242.74, 277.44, 0.00608049
_06698_, 255.54, 277.44, 0.00602437
_07754_, 255.54, 277.44, 0.00602437
_08105_, 255.54, 277.44, 0.00602437
_08106_, 255.54, 277.44, 0.00602437
FILLER_0_97_542, 255.54, 277.44, 0.00602437
FILLER_0_98_545, 255.54, 277.44, 0.00602437
_07795_, 268.34, 277.44, 0.00596444
_07803_, 268.34, 277.44, 0.00596444
FILLER_0_99_574, 268.34, 277.44, 0.00596444
_07804_, 281.14, 277.44, 0.00590283
_08306_, 281.14, 277.44, 0.00590283
FILLER_0_98_613, 281.14, 277.44, 0.00590283
FILLER_0_99_610, 281.14, 277.44, 0.00590283
_07766_, 293.94, 277.44, 0.00583967
_07768_, 293.94, 277.44, 0.00583967
_07869_, 293.94, 277.44, 0.00583967
_08307_, 293.94, 277.44, 0.00583967
_08308_, 293.94, 277.44, 0.00583967
FILLER_0_97_617, 293.94, 277.44, 0.00583967
FILLER_0_98_622, 293.94, 277.44, 0.00583967
_07386_, 306.74, 277.44, 0.00576834
_07388_, 306.74, 277.44, 0.00576834
_08311_, 306.74, 277.44, 0.00576834
FILLER_0_97_647, 306.74, 277.44, 0.00576834
FILLER_0_98_645, 306.74, 277.44, 0.00576834
FILLER_0_99_668, 306.74, 277.44, 0.00576834
_08376_, 319.54, 277.44, 0.00569099
ANTENNA_134, 319.54, 277.44, 0.00569099
ANTENNA_136, 319.54, 277.44, 0.00569099
FILLER_0_97_673, 319.54, 277.44, 0.00569099
FILLER_0_98_672, 319.54, 277.44, 0.00569099
_08530_, 344.33, 277.44, 0.00569246
_08531_, 344.33, 277.44, 0.00569246
_08532_, 344.33, 277.44, 0.00569246
_08533_, 344.33, 277.44, 0.00569246
_09137_, 344.33, 277.44, 0.00569246
_09139_, 344.33, 277.44, 0.00569246
_07508_, 356.32, 277.44, 0.00573801
_07509_, 356.32, 277.44, 0.00573801
_07510_, 356.32, 277.44, 0.00573801
_09142_, 356.32, 277.44, 0.00573801
FILLER_0_98_769, 356.32, 277.44, 0.00573801
_07519_, 368.31, 277.44, 0.00576865
_07521_, 368.31, 277.44, 0.00576865
_07525_, 368.31, 277.44, 0.00576865
FILLER_0_97_779, 368.31, 277.44, 0.00576865
FILLER_0_97_785, 368.31, 277.44, 0.00576865
FILLER_0_98_784, 368.31, 277.44, 0.00576865
FILLER_0_99_792, 368.31, 277.44, 0.00576865
_07527_, 380.3, 277.44, 0.00579717
_07600_, 380.3, 277.44, 0.00579717
_07616_, 380.3, 277.44, 0.00579717
FILLER_0_98_807, 380.3, 277.44, 0.00579717
_07617_, 392.29, 277.44, 0.00582393
_07647_, 392.29, 277.44, 0.00582393
FILLER_0_97_833, 392.29, 277.44, 0.00582393
FILLER_0_99_848, 392.29, 277.44, 0.00582393
_07652_, 404.28, 277.44, 0.00584898
_08496_, 404.28, 277.44, 0.00584898
FILLER_0_98_862, 404.28, 277.44, 0.00584898
FILLER_0_98_869, 404.28, 277.44, 0.00584898
_07638_, 416.27, 277.44, 0.00586681
_07640_, 416.27, 277.44, 0.00586681
_07641_, 416.27, 277.44, 0.00586681
_07660_, 416.27, 277.44, 0.00586681
rebuffer20, 416.27, 277.44, 0.00586681
FILLER_0_98_885, 416.27, 277.44, 0.00586681
PHY_190, 5.52, 272, 0.00703968
PHY_192, 5.52, 272, 0.00703968
input61, 5.52, 272, 0.00703968
ANTENNA_139, 5.52, 272, 0.00703968
PHY_191, 428.26, 272, 0.00558321
PHY_193, 428.26, 272, 0.00558321
FILLER_0_95_909, 428.26, 272, 0.00558321
FILLER_0_96_913, 428.26, 272, 0.00558321
ANTENNA_143, 15.33, 272, 0.00703815
_11535_, 37.94, 272, 0.00752131
FILLER_0_96_77, 37.94, 272, 0.00752131
_11418_, 50.74, 272, 0.00796337
_11419_, 50.74, 272, 0.00796337
_11420_, 50.74, 272, 0.00796337
_11421_, 50.74, 272, 0.00796337
_11645_, 50.74, 272, 0.00796337
FILLER_0_97_101, 50.74, 272, 0.00796337
FILLER_0_97_109, 50.74, 272, 0.00796337
_11434_, 63.54, 272, 0.0078151
_11544_, 63.54, 272, 0.0078151
_11652_, 63.54, 272, 0.0078151
_11653_, 63.54, 272, 0.0078151
_11169_, 76.34, 272, 0.00766117
_11299_, 76.34, 272, 0.00766117
FILLER_0_96_153, 76.34, 272, 0.00766117
FILLER_0_97_156, 76.34, 272, 0.00766117
_11029_, 89.14, 272, 0.00750362
_11030_, 89.14, 272, 0.00750362
_11032_, 89.14, 272, 0.00750362
_11141_, 89.14, 272, 0.00750362
FILLER_0_95_169, 89.14, 272, 0.00750362
FILLER_0_96_176, 89.14, 272, 0.00750362
FILLER_0_96_190, 89.14, 272, 0.00750362
_11023_, 101.94, 272, 0.00733206
_11149_, 101.94, 272, 0.00733206
FILLER_0_95_197, 101.94, 272, 0.00733206
FILLER_0_97_214, 101.94, 272, 0.00733206
FILLER_0_97_220, 101.94, 272, 0.00733206
FILLER_0_96_245, 114.74, 272, 0.00715491
_10738_, 127.54, 272, 0.00697775
_10886_, 127.54, 272, 0.00697775
FILLER_0_95_262, 127.54, 272, 0.00697775
_10569_, 140.34, 272, 0.00679551
_10570_, 140.34, 272, 0.00679551
_10740_, 140.34, 272, 0.00679551
FILLER_0_96_283, 140.34, 272, 0.00679551
FILLER_0_97_305, 140.34, 272, 0.00679551
_10035_, 153.14, 272, 0.00660841
_10232_, 153.14, 272, 0.00660841
_10396_, 153.14, 272, 0.00660841
_10397_, 153.14, 272, 0.00660841
_10545_, 153.14, 272, 0.00660841
FILLER_0_95_312, 153.14, 272, 0.00660841
_10046_, 165.94, 272, 0.00641834
_10234_, 165.94, 272, 0.00641834
_10390_, 165.94, 272, 0.00641834
_10391_, 165.94, 272, 0.00641834
_10392_, 165.94, 272, 0.00641834
FILLER_0_97_349, 165.94, 272, 0.00641834
_09834_, 191.54, 272, 0.00620066
_10039_, 191.54, 272, 0.00620066
_10040_, 191.54, 272, 0.00620066
FILLER_0_95_393, 191.54, 272, 0.00620066
FILLER_0_96_417, 191.54, 272, 0.00620066
FILLER_0_97_417, 191.54, 272, 0.00620066
_08075_, 204.34, 272, 0.00617858
_09620_, 204.34, 272, 0.00617858
_09621_, 204.34, 272, 0.00617858
_09833_, 204.34, 272, 0.00617858
FILLER_0_95_431, 204.34, 272, 0.00617858
_07434_, 217.14, 272, 0.00614225
_08074_, 217.14, 272, 0.00614225
_08101_, 217.14, 272, 0.00614225
_08142_, 217.14, 272, 0.00614225
_09590_, 217.14, 272, 0.00614225
FILLER_0_96_471, 217.14, 272, 0.00614225
FILLER_0_97_461, 217.14, 272, 0.00614225
_06614_, 229.94, 272, 0.00609349
_08073_, 229.94, 272, 0.00609349
_08081_, 229.94, 272, 0.00609349
FILLER_0_95_474, 229.94, 272, 0.00609349
FILLER_0_97_495, 229.94, 272, 0.00609349
_06691_, 242.74, 272, 0.00603182
_06723_, 242.74, 272, 0.00603182
_06725_, 242.74, 272, 0.00603182
_06726_, 242.74, 272, 0.00603182
_06727_, 242.74, 272, 0.00603182
_06728_, 242.74, 272, 0.00603182
FILLER_0_96_502, 242.74, 272, 0.00603182
FILLER_0_96_516, 242.74, 272, 0.00603182
FILLER_0_97_517, 242.74, 272, 0.00603182
_06692_, 255.54, 272, 0.00596316
_06694_, 255.54, 272, 0.00596316
_06696_, 255.54, 272, 0.00596316
_06697_, 255.54, 272, 0.00596316
_06699_, 255.54, 272, 0.00596316
_06700_, 255.54, 272, 0.00596316
_06701_, 255.54, 272, 0.00596316
_06561_, 268.34, 272, 0.005887
_07805_, 268.34, 272, 0.005887
_07806_, 268.34, 272, 0.005887
FILLER_0_96_584, 268.34, 272, 0.005887
FILLER_0_97_573, 268.34, 272, 0.005887
_07767_, 281.14, 272, 0.00580764
_07808_, 281.14, 272, 0.00580764
_07809_, 281.14, 272, 0.00580764
_07820_, 281.14, 272, 0.00580764
FILLER_0_95_589, 281.14, 272, 0.00580764
FILLER_0_97_607, 281.14, 272, 0.00580764
_07839_, 293.94, 272, 0.00572504
_07854_, 293.94, 272, 0.00572504
_07855_, 293.94, 272, 0.00572504
_08309_, 293.94, 272, 0.00572504
FILLER_0_95_620, 293.94, 272, 0.00572504
_07387_, 306.74, 272, 0.00563804
_07857_, 306.74, 272, 0.00563804
_07858_, 306.74, 272, 0.00563804
_07862_, 306.74, 272, 0.00563804
FILLER_0_95_653, 306.74, 272, 0.00563804
FILLER_0_96_641, 306.74, 272, 0.00563804
FILLER_0_96_645, 306.74, 272, 0.00563804
FILLER_0_97_663, 306.74, 272, 0.00563804
_07023_, 319.54, 272, 0.00554917
_07881_, 319.54, 272, 0.00554917
_08491_, 319.54, 272, 0.00554917
_12752_, 319.54, 272, 0.00554917
FILLER_0_95_673, 319.54, 272, 0.00554917
FILLER_0_96_685, 319.54, 272, 0.00554917
FILLER_0_96_695, 319.54, 272, 0.00554917
_08536_, 344.33, 272, 0.00548222
_08724_, 344.33, 272, 0.00548222
_09138_, 344.33, 272, 0.00548222
FILLER_0_95_724, 344.33, 272, 0.00548222
FILLER_0_96_743, 344.33, 272, 0.00548222
_06567_, 356.32, 272, 0.00550216
_07511_, 356.32, 272, 0.00550216
_07512_, 356.32, 272, 0.00550216
FILLER_0_96_757, 356.32, 272, 0.00550216
_07513_, 368.31, 272, 0.00552105
_07514_, 368.31, 272, 0.00552105
_07515_, 368.31, 272, 0.00552105
_07520_, 368.31, 272, 0.00552105
FILLER_0_95_781, 368.31, 272, 0.00552105
FILLER_0_95_785, 368.31, 272, 0.00552105
_07522_, 380.3, 272, 0.00553866
FILLER_0_96_804, 380.3, 272, 0.00553866
_07533_, 392.29, 272, 0.00555595
_07560_, 392.29, 272, 0.00555595
_07544_, 404.28, 272, 0.00557165
_07561_, 404.28, 272, 0.00557165
_07579_, 404.28, 272, 0.00557165
_07580_, 404.28, 272, 0.00557165
FILLER_0_95_856, 404.28, 272, 0.00557165
FILLER_0_96_861, 404.28, 272, 0.00557165
FILLER_0_97_879, 404.28, 272, 0.00557165
_07581_, 416.27, 272, 0.00558321
_07639_, 416.27, 272, 0.00558321
_07661_, 416.27, 272, 0.00558321
_08490_, 416.27, 272, 0.00558321
FILLER_0_95_889, 416.27, 272, 0.00558321
FILLER_0_96_884, 416.27, 272, 0.00558321
FILLER_0_96_897, 416.27, 272, 0.00558321
FILLER_0_97_893, 416.27, 272, 0.00558321
PHY_186, 5.52, 266.56, 0.00667376
PHY_188, 5.52, 266.56, 0.00667376
_07583_, 428.26, 266.56, 0.00534785
PHY_187, 428.26, 266.56, 0.00534785
PHY_189, 428.26, 266.56, 0.00534785
FILLER_0_93_910, 428.26, 266.56, 0.00534785
FILLER_0_94_913, 428.26, 266.56, 0.00534785
_11861_, 37.94, 266.56, 0.00675767
FILLER_0_94_77, 37.94, 266.56, 0.00675767
FILLER_0_95_81, 37.94, 266.56, 0.00675767
_11417_, 50.74, 266.56, 0.0067969
_11533_, 50.74, 266.56, 0.0067969
_11643_, 50.74, 266.56, 0.0067969
_11752_, 50.74, 266.56, 0.0067969
FILLER_0_93_88, 50.74, 266.56, 0.0067969
FILLER_0_95_102, 50.74, 266.56, 0.0067969
FILLER_0_93_125, 63.54, 266.56, 0.00675483
FILLER_0_94_136, 63.54, 266.56, 0.00675483
_11430_, 76.34, 266.56, 0.00671277
_11431_, 76.34, 266.56, 0.00671277
FILLER_0_93_150, 76.34, 266.56, 0.00671277
FILLER_0_95_164, 76.34, 266.56, 0.00671277
_10894_, 89.14, 266.56, 0.00666849
_10897_, 89.14, 266.56, 0.00666849
_11005_, 89.14, 266.56, 0.00666849
_11031_, 89.14, 266.56, 0.00666849
FILLER_0_94_184, 89.14, 266.56, 0.00666849
_10888_, 101.94, 266.56, 0.00661199
_10889_, 101.94, 266.56, 0.00661199
_10895_, 101.94, 266.56, 0.00661199
_10896_, 101.94, 266.56, 0.00661199
_11022_, 101.94, 266.56, 0.00661199
_11142_, 101.94, 266.56, 0.00661199
FILLER_0_94_208, 101.94, 266.56, 0.00661199
_10744_, 114.74, 266.56, 0.00654223
_10884_, 114.74, 266.56, 0.00654223
_10887_, 114.74, 266.56, 0.00654223
_11011_, 114.74, 266.56, 0.00654223
_11021_, 114.74, 266.56, 0.00654223
_11143_, 114.74, 266.56, 0.00654223
FILLER_0_94_231, 114.74, 266.56, 0.00654223
_10741_, 127.54, 266.56, 0.00645649
_10882_, 127.54, 266.56, 0.00645649
_10883_, 127.54, 266.56, 0.00645649
_10885_, 127.54, 266.56, 0.00645649
FILLER_0_94_263, 127.54, 266.56, 0.00645649
_10573_, 140.34, 266.56, 0.00636421
_10574_, 140.34, 266.56, 0.00636421
_10739_, 140.34, 266.56, 0.00636421
_10742_, 140.34, 266.56, 0.00636421
FILLER_0_93_288, 140.34, 266.56, 0.00636421
FILLER_0_94_287, 140.34, 266.56, 0.00636421
FILLER_0_94_298, 140.34, 266.56, 0.00636421
_10233_, 153.14, 266.56, 0.0062623
_10546_, 153.14, 266.56, 0.0062623
FILLER_0_93_315, 153.14, 266.56, 0.0062623
FILLER_0_94_321, 153.14, 266.56, 0.0062623
FILLER_0_95_332, 153.14, 266.56, 0.0062623
_10238_, 165.94, 266.56, 0.00615965
_10240_, 165.94, 266.56, 0.00615965
_10241_, 165.94, 266.56, 0.00615965
FILLER_0_94_343, 165.94, 266.56, 0.00615965
_09789_, 191.54, 266.56, 0.00601792
_09835_, 191.54, 266.56, 0.00601792
_09836_, 191.54, 266.56, 0.00601792
_09837_, 191.54, 266.56, 0.00601792
_09838_, 191.54, 266.56, 0.00601792
FILLER_0_94_392, 191.54, 266.56, 0.00601792
_08165_, 204.34, 266.56, 0.00597366
_09624_, 204.34, 266.56, 0.00597366
_09625_, 204.34, 266.56, 0.00597366
_09626_, 204.34, 266.56, 0.00597366
FILLER_0_94_445, 204.34, 266.56, 0.00597366
_06558_, 217.14, 266.56, 0.00592613
_06559_, 217.14, 266.56, 0.00592613
_06685_, 217.14, 266.56, 0.00592613
_07078_, 217.14, 266.56, 0.00592613
_08102_, 217.14, 266.56, 0.00592613
_08104_, 217.14, 266.56, 0.00592613
_08130_, 217.14, 266.56, 0.00592613
FILLER_0_93_449, 217.14, 266.56, 0.00592613
_06688_, 229.94, 266.56, 0.00586496
_06689_, 229.94, 266.56, 0.00586496
_06724_, 229.94, 266.56, 0.00586496
FILLER_0_93_484, 229.94, 266.56, 0.00586496
FILLER_0_94_477, 229.94, 266.56, 0.00586496
FILLER_0_94_501, 229.94, 266.56, 0.00586496
FILLER_0_95_488, 229.94, 266.56, 0.00586496
_06690_, 242.74, 266.56, 0.00580202
_06693_, 242.74, 266.56, 0.00580202
_06721_, 242.74, 266.56, 0.00580202
FILLER_0_93_512, 242.74, 266.56, 0.00580202
FILLER_0_94_526, 242.74, 266.56, 0.00580202
FILLER_0_95_516, 242.74, 266.56, 0.00580202
_06555_, 255.54, 266.56, 0.00573713
_06609_, 255.54, 266.56, 0.00573713
_06612_, 255.54, 266.56, 0.00573713
_06613_, 255.54, 266.56, 0.00573713
_06617_, 255.54, 266.56, 0.00573713
_06618_, 255.54, 266.56, 0.00573713
_06686_, 255.54, 266.56, 0.00573713
_06695_, 255.54, 266.56, 0.00573713
FILLER_0_94_540, 255.54, 266.56, 0.00573713
_06350_, 268.34, 266.56, 0.00566697
_06560_, 268.34, 266.56, 0.00566697
_07810_, 268.34, 266.56, 0.00566697
_07811_, 268.34, 266.56, 0.00566697
FILLER_0_94_578, 268.34, 266.56, 0.00566697
_07838_, 281.14, 266.56, 0.00559297
_07840_, 281.14, 266.56, 0.00559297
FILLER_0_93_594, 281.14, 266.56, 0.00559297
_07856_, 293.94, 266.56, 0.00551804
_07861_, 293.94, 266.56, 0.00551804
_07872_, 293.94, 266.56, 0.00551804
_07875_, 293.94, 266.56, 0.00551804
FILLER_0_93_617, 293.94, 266.56, 0.00551804
FILLER_0_94_640, 293.94, 266.56, 0.00551804
_07859_, 306.74, 266.56, 0.0054397
_07860_, 306.74, 266.56, 0.0054397
_07863_, 306.74, 266.56, 0.0054397
_07864_, 306.74, 266.56, 0.0054397
_07866_, 306.74, 266.56, 0.0054397
FILLER_0_93_646, 306.74, 266.56, 0.0054397
FILLER_0_94_645, 306.74, 266.56, 0.0054397
FILLER_0_95_663, 306.74, 266.56, 0.0054397
_07865_, 319.54, 266.56, 0.00535813
_07882_, 319.54, 266.56, 0.00535813
_08096_, 319.54, 266.56, 0.00535813
FILLER_0_93_673, 319.54, 266.56, 0.00535813
FILLER_0_94_674, 319.54, 266.56, 0.00535813
FILLER_0_94_746, 344.33, 266.56, 0.00529233
_06566_, 356.32, 266.56, 0.00530938
_06749_, 356.32, 266.56, 0.00530938
_06886_, 356.32, 266.56, 0.00530938
_06958_, 356.32, 266.56, 0.00530938
_07506_, 356.32, 266.56, 0.00530938
FILLER_0_94_757, 356.32, 266.56, 0.00530938
FILLER_0_95_773, 356.32, 266.56, 0.00530938
_07516_, 368.31, 266.56, 0.00532231
_07523_, 368.31, 266.56, 0.00532231
_07536_, 368.31, 266.56, 0.00532231
_07541_, 368.31, 266.56, 0.00532231
FILLER_0_93_778, 368.31, 266.56, 0.00532231
FILLER_0_93_785, 368.31, 266.56, 0.00532231
FILLER_0_94_778, 368.31, 266.56, 0.00532231
FILLER_0_95_796, 368.31, 266.56, 0.00532231
_07537_, 380.3, 266.56, 0.0053322
_07540_, 380.3, 266.56, 0.0053322
_07552_, 380.3, 266.56, 0.0053322
FILLER_0_94_808, 380.3, 266.56, 0.0053322
FILLER_0_94_813, 380.3, 266.56, 0.0053322
_07524_, 392.29, 266.56, 0.0053399
_07534_, 392.29, 266.56, 0.0053399
_07538_, 392.29, 266.56, 0.0053399
_07539_, 392.29, 266.56, 0.0053399
_07553_, 392.29, 266.56, 0.0053399
_07557_, 392.29, 266.56, 0.0053399
FILLER_0_93_830, 392.29, 266.56, 0.0053399
_07504_, 404.28, 266.56, 0.00534352
_07542_, 404.28, 266.56, 0.00534352
_07543_, 404.28, 266.56, 0.00534352
FILLER_0_94_857, 404.28, 266.56, 0.00534352
FILLER_0_94_865, 404.28, 266.56, 0.00534352
_07558_, 416.27, 266.56, 0.00534663
_07582_, 416.27, 266.56, 0.00534663
FILLER_0_93_888, 416.27, 266.56, 0.00534663
FILLER_0_94_893, 416.27, 266.56, 0.00534663
FILLER_0_94_905, 416.27, 266.56, 0.00534663
PHY_182, 5.52, 261.12, 0.00654368
PHY_184, 5.52, 261.12, 0.00654368
input62, 5.52, 261.12, 0.00654368
ANTENNA_155, 5.52, 261.12, 0.00654368
PHY_183, 428.26, 261.12, 0.00524692
PHY_185, 428.26, 261.12, 0.00524692
input27, 428.26, 261.12, 0.00524692
FILLER_0_92_907, 428.26, 261.12, 0.00524692
ANTENNA_156, 15.33, 261.12, 0.00654172
ANTENNA_157, 15.33, 261.12, 0.00654172
ANTENNA_158, 15.33, 261.12, 0.00654172
ANTENNA_159, 15.33, 261.12, 0.00654172
ANTENNA_162, 15.33, 261.12, 0.00654172
ANTENNA_164, 15.33, 261.12, 0.00654172
FILLER_0_92_23, 15.33, 261.12, 0.00654172
FILLER_0_93_27, 15.33, 261.12, 0.00654172
_12034_, 37.94, 261.12, 0.00658249
_12037_, 37.94, 261.12, 0.00658249
FILLER_0_91_57, 37.94, 261.12, 0.00658249
FILLER_0_92_75, 37.94, 261.12, 0.00658249
_11644_, 50.74, 261.12, 0.00657818
_11854_, 50.74, 261.12, 0.00657818
FILLER_0_93_106, 50.74, 261.12, 0.00657818
_11314_, 63.54, 261.12, 0.00654509
_11426_, 63.54, 261.12, 0.00654509
_11429_, 63.54, 261.12, 0.00654509
_11538_, 63.54, 261.12, 0.00654509
_11539_, 63.54, 261.12, 0.00654509
_11540_, 63.54, 261.12, 0.00654509
FILLER_0_91_113, 63.54, 261.12, 0.00654509
FILLER_0_92_121, 63.54, 261.12, 0.00654509
_10893_, 76.34, 261.12, 0.00650753
_11166_, 76.34, 261.12, 0.00650753
_11168_, 76.34, 261.12, 0.00650753
_11313_, 76.34, 261.12, 0.00650753
FILLER_0_91_147, 76.34, 261.12, 0.00650753
FILLER_0_93_162, 76.34, 261.12, 0.00650753
_10863_, 89.14, 261.12, 0.00646702
_10891_, 89.14, 261.12, 0.00646702
_10898_, 89.14, 261.12, 0.00646702
_11026_, 89.14, 261.12, 0.00646702
FILLER_0_91_169, 89.14, 261.12, 0.00646702
FILLER_0_92_183, 89.14, 261.12, 0.00646702
FILLER_0_93_188, 89.14, 261.12, 0.00646702
_11054_, 101.94, 261.12, 0.00640694
FILLER_0_92_197, 101.94, 261.12, 0.00640694
FILLER_0_93_214, 101.94, 261.12, 0.00640694
_10907_, 114.74, 261.12, 0.00634339
_11050_, 114.74, 261.12, 0.00634339
_11053_, 114.74, 261.12, 0.00634339
FILLER_0_92_246, 114.74, 261.12, 0.00634339
_10743_, 127.54, 261.12, 0.00627595
_10872_, 127.54, 261.12, 0.00627595
FILLER_0_93_266, 127.54, 261.12, 0.00627595
_10707_, 140.34, 261.12, 0.00620412
FILLER_0_91_293, 140.34, 261.12, 0.00620412
FILLER_0_92_301, 140.34, 261.12, 0.00620412
_10414_, 153.14, 261.12, 0.00613173
_10415_, 153.14, 261.12, 0.00613173
_10544_, 153.14, 261.12, 0.00613173
_10571_, 153.14, 261.12, 0.00613173
_10575_, 153.14, 261.12, 0.00613173
_10576_, 153.14, 261.12, 0.00613173
FILLER_0_91_320, 153.14, 261.12, 0.00613173
FILLER_0_92_309, 153.14, 261.12, 0.00613173
FILLER_0_93_327, 153.14, 261.12, 0.00613173
_10388_, 165.94, 261.12, 0.00604764
_10416_, 165.94, 261.12, 0.00604764
_10417_, 165.94, 261.12, 0.00604764
_10418_, 165.94, 261.12, 0.00604764
FILLER_0_92_337, 165.94, 261.12, 0.00604764
FILLER_0_92_357, 165.94, 261.12, 0.00604764
_10178_, 191.54, 261.12, 0.00589551
FILLER_0_91_393, 191.54, 261.12, 0.00589551
FILLER_0_93_416, 191.54, 261.12, 0.00589551
_09627_, 204.34, 261.12, 0.00584719
_09628_, 204.34, 261.12, 0.00584719
_10000_, 204.34, 261.12, 0.00584719
FILLER_0_91_420, 204.34, 261.12, 0.00584719
FILLER_0_92_445, 204.34, 261.12, 0.00584719
_06615_, 217.14, 261.12, 0.00578998
_06864_, 217.14, 261.12, 0.00578998
_07889_, 217.14, 261.12, 0.00578998
_08103_, 217.14, 261.12, 0.00578998
_08143_, 217.14, 261.12, 0.00578998
FILLER_0_92_469, 217.14, 261.12, 0.00578998
_06687_, 229.94, 261.12, 0.00572556
_08139_, 229.94, 261.12, 0.00572556
_08140_, 229.94, 261.12, 0.00572556
_08141_, 229.94, 261.12, 0.00572556
_08147_, 229.94, 261.12, 0.00572556
_06719_, 242.74, 261.12, 0.00565848
_06722_, 242.74, 261.12, 0.00565848
_06865_, 242.74, 261.12, 0.00565848
_06866_, 242.74, 261.12, 0.00565848
FILLER_0_91_505, 242.74, 261.12, 0.00565848
FILLER_0_92_525, 242.74, 261.12, 0.00565848
FILLER_0_92_557, 255.54, 261.12, 0.00558816
_07802_, 268.34, 261.12, 0.00551783
_07807_, 268.34, 261.12, 0.00551783
_07812_, 268.34, 261.12, 0.00551783
_09569_, 268.34, 261.12, 0.00551783
FILLER_0_92_566, 268.34, 261.12, 0.00551783
FILLER_0_92_582, 268.34, 261.12, 0.00551783
_07800_, 281.14, 261.12, 0.0054447
_07801_, 281.14, 261.12, 0.0054447
_07821_, 281.14, 261.12, 0.0054447
_07822_, 281.14, 261.12, 0.0054447
_08584_, 281.14, 261.12, 0.0054447
FILLER_0_91_592, 281.14, 261.12, 0.0054447
FILLER_0_92_596, 281.14, 261.12, 0.0054447
FILLER_0_92_610, 281.14, 261.12, 0.0054447
_07819_, 293.94, 261.12, 0.00536941
_07853_, 293.94, 261.12, 0.00536941
_07867_, 293.94, 261.12, 0.00536941
_07874_, 293.94, 261.12, 0.00536941
_07892_, 293.94, 261.12, 0.00536941
FILLER_0_91_622, 293.94, 261.12, 0.00536941
FILLER_0_92_622, 293.94, 261.12, 0.00536941
_07873_, 306.74, 261.12, 0.0052873
_07878_, 306.74, 261.12, 0.0052873
FILLER_0_91_652, 306.74, 261.12, 0.0052873
FILLER_0_92_645, 306.74, 261.12, 0.0052873
FILLER_0_92_667, 306.74, 261.12, 0.0052873
FILLER_0_93_665, 306.74, 261.12, 0.0052873
_07883_, 319.54, 261.12, 0.00520368
_07884_, 319.54, 261.12, 0.00520368
_08097_, 319.54, 261.12, 0.00520368
_08100_, 319.54, 261.12, 0.00520368
_08112_, 319.54, 261.12, 0.00520368
_08113_, 319.54, 261.12, 0.00520368
FILLER_0_91_673, 319.54, 261.12, 0.00520368
FILLER_0_93_683, 319.54, 261.12, 0.00520368
_06957_, 344.33, 261.12, 0.00514484
_12753_, 344.33, 261.12, 0.00514484
ANTENNA_145, 344.33, 261.12, 0.00514484
_06779_, 356.32, 261.12, 0.00516859
_06785_, 356.32, 261.12, 0.00516859
_06885_, 356.32, 261.12, 0.00516859
_07505_, 356.32, 261.12, 0.00516859
ANTENNA_147, 356.32, 261.12, 0.00516859
ANTENNA_150, 356.32, 261.12, 0.00516859
ANTENNA_152, 356.32, 261.12, 0.00516859
ANTENNA_153, 356.32, 261.12, 0.00516859
FILLER_0_92_752, 356.32, 261.12, 0.00516859
_06786_, 368.31, 261.12, 0.00518693
_06787_, 368.31, 261.12, 0.00518693
_07535_, 368.31, 261.12, 0.00518693
FILLER_0_91_785, 368.31, 261.12, 0.00518693
_07467_, 380.3, 261.12, 0.00520414
_07507_, 380.3, 261.12, 0.00520414
_07551_, 392.29, 261.12, 0.00522031
_07554_, 392.29, 261.12, 0.00522031
FILLER_0_91_833, 392.29, 261.12, 0.00522031
FILLER_0_92_849, 392.29, 261.12, 0.00522031
_07545_, 404.28, 261.12, 0.00523392
_07589_, 404.28, 261.12, 0.00523392
_07555_, 416.27, 261.12, 0.00524637
_07584_, 416.27, 261.12, 0.00524637
_07585_, 416.27, 261.12, 0.00524637
_07586_, 416.27, 261.12, 0.00524637
_07598_, 416.27, 261.12, 0.00524637
_07599_, 416.27, 261.12, 0.00524637
FILLER_0_91_890, 416.27, 261.12, 0.00524637
FILLER_0_92_881, 416.27, 261.12, 0.00524637
PHY_178, 5.52, 255.68, 0.00650322
PHY_180, 5.52, 255.68, 0.00650322
PHY_179, 428.26, 255.68, 0.00510621
PHY_181, 428.26, 255.68, 0.00510621
FILLER_0_89_909, 428.26, 255.68, 0.00510621
FILLER_0_90_906, 428.26, 255.68, 0.00510621
ANTENNA_163, 15.33, 255.68, 0.00650322
FILLER_0_91_27, 15.33, 255.68, 0.00650322
_11954_, 37.94, 255.68, 0.00656049
_12036_, 37.94, 255.68, 0.00656049
_12383_, 37.94, 255.68, 0.00656049
FILLER_0_90_63, 37.94, 255.68, 0.00656049
FILLER_0_90_80, 37.94, 255.68, 0.00656049
FILLER_0_91_80, 37.94, 255.68, 0.00656049
_11761_, 50.74, 255.68, 0.00657737
_11850_, 50.74, 255.68, 0.00657737
_11851_, 50.74, 255.68, 0.00657737
_11852_, 50.74, 255.68, 0.00657737
_11853_, 50.74, 255.68, 0.00657737
_11950_, 50.74, 255.68, 0.00657737
_11953_, 50.74, 255.68, 0.00657737
FILLER_0_90_100, 50.74, 255.68, 0.00657737
FILLER_0_91_105, 50.74, 255.68, 0.00657737
_11424_, 63.54, 255.68, 0.00655642
_11425_, 63.54, 255.68, 0.00655642
_11849_, 63.54, 255.68, 0.00655642
FILLER_0_90_137, 63.54, 255.68, 0.00655642
FILLER_0_91_137, 63.54, 255.68, 0.00655642
_11167_, 76.34, 255.68, 0.0065295
_11309_, 76.34, 255.68, 0.0065295
_11312_, 76.34, 255.68, 0.0065295
FILLER_0_89_142, 76.34, 255.68, 0.0065295
FILLER_0_90_165, 76.34, 255.68, 0.0065295
_10706_, 89.14, 255.68, 0.00650064
_10909_, 89.14, 255.68, 0.00650064
_11024_, 89.14, 255.68, 0.00650064
_11027_, 89.14, 255.68, 0.00650064
_11028_, 89.14, 255.68, 0.00650064
_11165_, 89.14, 255.68, 0.00650064
FILLER_0_89_169, 89.14, 255.68, 0.00650064
FILLER_0_90_190, 89.14, 255.68, 0.00650064
_10745_, 101.94, 255.68, 0.0064538
_10751_, 101.94, 255.68, 0.0064538
_10752_, 101.94, 255.68, 0.0064538
_10908_, 101.94, 255.68, 0.0064538
_10910_, 101.94, 255.68, 0.0064538
FILLER_0_89_196, 101.94, 255.68, 0.0064538
FILLER_0_91_216, 101.94, 255.68, 0.0064538
_10748_, 114.74, 255.68, 0.0063678
_10749_, 114.74, 255.68, 0.0063678
_10750_, 114.74, 255.68, 0.0063678
_10905_, 114.74, 255.68, 0.0063678
_10906_, 114.74, 255.68, 0.0063678
FILLER_0_89_225, 114.74, 255.68, 0.0063678
FILLER_0_90_247, 114.74, 255.68, 0.0063678
_10722_, 127.54, 255.68, 0.00627984
_10869_, 127.54, 255.68, 0.00627984
_10871_, 127.54, 255.68, 0.00627984
_10901_, 127.54, 255.68, 0.00627984
_11007_, 127.54, 255.68, 0.00627984
FILLER_0_90_253, 127.54, 255.68, 0.00627984
FILLER_0_91_272, 127.54, 255.68, 0.00627984
_10412_, 140.34, 255.68, 0.0061875
_10557_, 140.34, 255.68, 0.0061875
_10572_, 140.34, 255.68, 0.0061875
_10899_, 140.34, 255.68, 0.0061875
_10900_, 140.34, 255.68, 0.0061875
FILLER_0_90_294, 140.34, 255.68, 0.0061875
FILLER_0_90_304, 140.34, 255.68, 0.0061875
_10413_, 153.14, 255.68, 0.00609011
_10577_, 153.14, 255.68, 0.00609011
FILLER_0_90_333, 153.14, 255.68, 0.00609011
FILLER_0_91_328, 153.14, 255.68, 0.00609011
_10047_, 165.94, 255.68, 0.00598026
_10242_, 165.94, 255.68, 0.00598026
_10179_, 191.54, 255.68, 0.00580378
_10180_, 191.54, 255.68, 0.00580378
FILLER_0_90_397, 191.54, 255.68, 0.00580378
FILLER_0_90_417, 191.54, 255.68, 0.00580378
_09999_, 204.34, 255.68, 0.00574651
_10001_, 204.34, 255.68, 0.00574651
_10002_, 204.34, 255.68, 0.00574651
_10003_, 204.34, 255.68, 0.00574651
FILLER_0_90_421, 204.34, 255.68, 0.00574651
_08145_, 217.14, 255.68, 0.00568709
_08154_, 217.14, 255.68, 0.00568709
FILLER_0_90_450, 217.14, 255.68, 0.00568709
FILLER_0_90_465, 217.14, 255.68, 0.00568709
FILLER_0_91_473, 217.14, 255.68, 0.00568709
_07423_, 229.94, 255.68, 0.00562656
_08026_, 229.94, 255.68, 0.00562656
_08146_, 229.94, 255.68, 0.00562656
_08150_, 229.94, 255.68, 0.00562656
FILLER_0_89_482, 229.94, 255.68, 0.00562656
FILLER_0_90_481, 229.94, 255.68, 0.00562656
FILLER_0_91_493, 229.94, 255.68, 0.00562656
FILLER_0_91_501, 229.94, 255.68, 0.00562656
_06345_, 242.74, 255.68, 0.00556256
_06556_, 242.74, 255.68, 0.00556256
_06684_, 242.74, 255.68, 0.00556256
_06717_, 242.74, 255.68, 0.00556256
_06840_, 242.74, 255.68, 0.00556256
_06841_, 242.74, 255.68, 0.00556256
_06863_, 242.74, 255.68, 0.00556256
FILLER_0_90_504, 242.74, 255.68, 0.00556256
_07796_, 255.54, 255.68, 0.00548377
_07813_, 255.54, 255.68, 0.00548377
_09570_, 255.54, 255.68, 0.00548377
FILLER_0_90_541, 255.54, 255.68, 0.00548377
FILLER_0_91_555, 255.54, 255.68, 0.00548377
_07815_, 268.34, 255.68, 0.00540085
_09567_, 268.34, 255.68, 0.00540085
_09568_, 268.34, 255.68, 0.00540085
FILLER_0_90_583, 268.34, 255.68, 0.00540085
_07823_, 281.14, 255.68, 0.00531661
_07832_, 281.14, 255.68, 0.00531661
_07833_, 281.14, 255.68, 0.00531661
FILLER_0_90_589, 281.14, 255.68, 0.00531661
FILLER_0_91_613, 281.14, 255.68, 0.00531661
_07835_, 293.94, 255.68, 0.00522997
FILLER_0_89_617, 293.94, 255.68, 0.00522997
FILLER_0_90_639, 293.94, 255.68, 0.00522997
_07022_, 306.74, 255.68, 0.0051431
_07750_, 306.74, 255.68, 0.0051431
_07787_, 306.74, 255.68, 0.0051431
_07789_, 306.74, 255.68, 0.0051431
_07842_, 306.74, 255.68, 0.0051431
_07906_, 306.74, 255.68, 0.0051431
FILLER_0_90_645, 306.74, 255.68, 0.0051431
FILLER_0_91_667, 306.74, 255.68, 0.0051431
_07880_, 319.54, 255.68, 0.00505064
_08433_, 319.54, 255.68, 0.00505064
FILLER_0_90_693, 319.54, 255.68, 0.00505064
FILLER_0_91_683, 319.54, 255.68, 0.00505064
FILLER_0_91_691, 319.54, 255.68, 0.00505064
_06359_, 344.33, 255.68, 0.00498758
_08723_, 344.33, 255.68, 0.00498758
_08725_, 344.33, 255.68, 0.00498758
_08726_, 344.33, 255.68, 0.00498758
FILLER_0_89_724, 344.33, 255.68, 0.00498758
FILLER_0_90_736, 344.33, 255.68, 0.00498758
_06890_, 356.32, 255.68, 0.00501579
_06959_, 356.32, 255.68, 0.00501579
_06960_, 356.32, 255.68, 0.00501579
ANTENNA_154, 356.32, 255.68, 0.00501579
FILLER_0_89_757, 356.32, 255.68, 0.00501579
FILLER_0_90_753, 356.32, 255.68, 0.00501579
_06748_, 368.31, 255.68, 0.00504282
_06750_, 368.31, 255.68, 0.00504282
_06780_, 368.31, 255.68, 0.00504282
_06880_, 368.31, 255.68, 0.00504282
_06888_, 368.31, 255.68, 0.00504282
FILLER_0_90_792, 368.31, 255.68, 0.00504282
_06781_, 380.3, 255.68, 0.00506514
_06783_, 380.3, 255.68, 0.00506514
_06784_, 380.3, 255.68, 0.00506514
_06881_, 380.3, 255.68, 0.00506514
_06894_, 380.3, 255.68, 0.00506514
FILLER_0_89_807, 380.3, 255.68, 0.00506514
FILLER_0_90_805, 380.3, 255.68, 0.00506514
_06788_, 392.29, 255.68, 0.00508068
_06789_, 392.29, 255.68, 0.00508068
_06893_, 392.29, 255.68, 0.00508068
FILLER_0_89_836, 392.29, 255.68, 0.00508068
_07546_, 404.28, 255.68, 0.00509431
_07587_, 404.28, 255.68, 0.00509431
_07590_, 404.28, 255.68, 0.00509431
FILLER_0_89_865, 404.28, 255.68, 0.00509431
FILLER_0_90_861, 404.28, 255.68, 0.00509431
FILLER_0_90_878, 404.28, 255.68, 0.00509431
_07588_, 416.27, 255.68, 0.00510621
_07594_, 416.27, 255.68, 0.00510621
_07595_, 416.27, 255.68, 0.00510621
_07596_, 416.27, 255.68, 0.00510621
_07597_, 416.27, 255.68, 0.00510621
_12765_, 5.52, 250.24, 0.00641142
PHY_174, 5.52, 250.24, 0.00641142
PHY_176, 5.52, 250.24, 0.00641142
PHY_175, 428.26, 250.24, 0.00505673
PHY_177, 428.26, 250.24, 0.00505673
input2, 428.26, 250.24, 0.00505673
FILLER_0_87_910, 428.26, 250.24, 0.00505673
FILLER_0_88_911, 428.26, 250.24, 0.00505673
_12705_, 15.33, 250.24, 0.00640472
_11762_, 37.94, 250.24, 0.00639192
_11949_, 37.94, 250.24, 0.00639192
_11951_, 37.94, 250.24, 0.00639192
_11952_, 37.94, 250.24, 0.00639192
_11955_, 37.94, 250.24, 0.00639192
_12035_, 37.94, 250.24, 0.00639192
_11948_, 50.74, 250.24, 0.00636571
FILLER_0_87_93, 50.74, 250.24, 0.00636571
FILLER_0_88_109, 50.74, 250.24, 0.00636571
FILLER_0_89_103, 50.74, 250.24, 0.00636571
_11541_, 63.54, 250.24, 0.00632859
_11542_, 63.54, 250.24, 0.00632859
_11543_, 63.54, 250.24, 0.00632859
_11848_, 63.54, 250.24, 0.00632859
FILLER_0_88_131, 63.54, 250.24, 0.00632859
_11308_, 76.34, 250.24, 0.00628457
_11310_, 76.34, 250.24, 0.00628457
_11311_, 76.34, 250.24, 0.00628457
_11427_, 76.34, 250.24, 0.00628457
_11428_, 76.34, 250.24, 0.00628457
FILLER_0_88_153, 76.34, 250.24, 0.00628457
_11162_, 89.14, 250.24, 0.00623502
_11163_, 89.14, 250.24, 0.00623502
_11164_, 89.14, 250.24, 0.00623502
_11306_, 89.14, 250.24, 0.00623502
FILLER_0_87_181, 89.14, 250.24, 0.00623502
FILLER_0_88_186, 89.14, 250.24, 0.00623502
_10753_, 101.94, 250.24, 0.00618309
_11155_, 101.94, 250.24, 0.00618309
FILLER_0_88_209, 101.94, 250.24, 0.00618309
_11008_, 114.74, 250.24, 0.00611706
FILLER_0_87_237, 114.74, 250.24, 0.00611706
FILLER_0_88_246, 114.74, 250.24, 0.00611706
_10721_, 127.54, 250.24, 0.00605045
_10870_, 127.54, 250.24, 0.00605045
_11006_, 127.54, 250.24, 0.00605045
_10404_, 140.34, 250.24, 0.00598101
_10553_, 140.34, 250.24, 0.00598101
_10554_, 140.34, 250.24, 0.00598101
_10555_, 140.34, 250.24, 0.00598101
_10556_, 140.34, 250.24, 0.00598101
_10050_, 153.14, 250.24, 0.00590773
_10221_, 153.14, 250.24, 0.00590773
_10230_, 153.14, 250.24, 0.00590773
_10231_, 153.14, 250.24, 0.00590773
_10399_, 153.14, 250.24, 0.00590773
FILLER_0_88_309, 153.14, 250.24, 0.00590773
FILLER_0_89_323, 153.14, 250.24, 0.00590773
_10051_, 165.94, 250.24, 0.00582632
_10226_, 165.94, 250.24, 0.00582632
_10227_, 165.94, 250.24, 0.00582632
_10389_, 165.94, 250.24, 0.00582632
FILLER_0_88_345, 165.94, 250.24, 0.00582632
FILLER_0_88_359, 165.94, 250.24, 0.00582632
FILLER_0_89_361, 165.94, 250.24, 0.00582632
_10181_, 191.54, 250.24, 0.00568142
_10182_, 191.54, 250.24, 0.00568142
_10183_, 191.54, 250.24, 0.00568142
FILLER_0_88_398, 191.54, 250.24, 0.00568142
FILLER_0_88_409, 191.54, 250.24, 0.00568142
FILLER_0_88_417, 191.54, 250.24, 0.00568142
FILLER_0_89_405, 191.54, 250.24, 0.00568142
FILLER_0_89_418, 191.54, 250.24, 0.00568142
_08394_, 204.34, 250.24, 0.00562373
_08396_, 204.34, 250.24, 0.00562373
_10006_, 204.34, 250.24, 0.00562373
FILLER_0_88_433, 204.34, 250.24, 0.00562373
FILLER_0_89_439, 204.34, 250.24, 0.00562373
_08149_, 217.14, 250.24, 0.00556346
_08151_, 217.14, 250.24, 0.00556346
_08155_, 217.14, 250.24, 0.00556346
_08386_, 217.14, 250.24, 0.00556346
FILLER_0_88_466, 217.14, 250.24, 0.00556346
FILLER_0_89_461, 217.14, 250.24, 0.00556346
_08148_, 229.94, 250.24, 0.00550079
_08153_, 229.94, 250.24, 0.00550079
_10137_, 229.94, 250.24, 0.00550079
FILLER_0_88_477, 229.94, 250.24, 0.00550079
FILLER_0_88_499, 229.94, 250.24, 0.00550079
FILLER_0_89_490, 229.94, 250.24, 0.00550079
FILLER_0_89_501, 229.94, 250.24, 0.00550079
_06553_, 242.74, 250.24, 0.00543689
_06554_, 242.74, 250.24, 0.00543689
_06839_, 242.74, 250.24, 0.00543689
_07794_, 242.74, 250.24, 0.00543689
_08133_, 242.74, 250.24, 0.00543689
_09564_, 242.74, 250.24, 0.00543689
FILLER_0_88_523, 242.74, 250.24, 0.00543689
_09565_, 255.54, 250.24, 0.00536086
_09566_, 255.54, 250.24, 0.00536086
_09571_, 255.54, 250.24, 0.00536086
_09749_, 255.54, 250.24, 0.00536086
_09750_, 255.54, 250.24, 0.00536086
_09751_, 255.54, 250.24, 0.00536086
FILLER_0_89_557, 255.54, 250.24, 0.00536086
_07817_, 268.34, 250.24, 0.00528138
_07818_, 268.34, 250.24, 0.00528138
FILLER_0_88_569, 268.34, 250.24, 0.00528138
FILLER_0_88_584, 268.34, 250.24, 0.00528138
_07834_, 281.14, 250.24, 0.00520062
_07845_, 281.14, 250.24, 0.00520062
_07846_, 281.14, 250.24, 0.00520062
FILLER_0_87_589, 281.14, 250.24, 0.00520062
FILLER_0_88_589, 281.14, 250.24, 0.00520062
FILLER_0_89_609, 281.14, 250.24, 0.00520062
_07836_, 293.94, 250.24, 0.00511581
_07837_, 293.94, 250.24, 0.00511581
_07841_, 293.94, 250.24, 0.00511581
_07844_, 293.94, 250.24, 0.00511581
_07908_, 293.94, 250.24, 0.00511581
FILLER_0_87_617, 293.94, 250.24, 0.00511581
FILLER_0_88_617, 293.94, 250.24, 0.00511581
FILLER_0_89_630, 293.94, 250.24, 0.00511581
_07778_, 306.74, 250.24, 0.00502809
_07788_, 306.74, 250.24, 0.00502809
_07790_, 306.74, 250.24, 0.00502809
_07791_, 306.74, 250.24, 0.00502809
_07831_, 306.74, 250.24, 0.00502809
_07843_, 306.74, 250.24, 0.00502809
_07905_, 306.74, 250.24, 0.00502809
FILLER_0_87_649, 306.74, 250.24, 0.00502809
_08377_, 319.54, 250.24, 0.00493617
_08390_, 319.54, 250.24, 0.00493617
_08392_, 319.54, 250.24, 0.00493617
_08393_, 319.54, 250.24, 0.00493617
FILLER_0_87_669, 319.54, 250.24, 0.00493617
FILLER_0_87_673, 319.54, 250.24, 0.00493617
FILLER_0_87_681, 319.54, 250.24, 0.00493617
FILLER_0_88_671, 319.54, 250.24, 0.00493617
_08489_, 344.33, 250.24, 0.00490445
_09186_, 344.33, 250.24, 0.00490445
FILLER_0_89_741, 344.33, 250.24, 0.00490445
FILLER_0_89_749, 344.33, 250.24, 0.00490445
_06887_, 356.32, 250.24, 0.00494401
_06891_, 356.32, 250.24, 0.00494401
_06961_, 356.32, 250.24, 0.00494401
_06963_, 356.32, 250.24, 0.00494401
_08728_, 356.32, 250.24, 0.00494401
FILLER_0_87_755, 356.32, 250.24, 0.00494401
FILLER_0_88_752, 356.32, 250.24, 0.00494401
FILLER_0_88_770, 356.32, 250.24, 0.00494401
_06883_, 368.31, 250.24, 0.00497823
_06884_, 368.31, 250.24, 0.00497823
_06947_, 368.31, 250.24, 0.00497823
_06948_, 368.31, 250.24, 0.00497823
_08706_, 368.31, 250.24, 0.00497823
FILLER_0_88_791, 368.31, 250.24, 0.00497823
_06878_, 380.3, 250.24, 0.00500825
_06892_, 380.3, 250.24, 0.00500825
_06970_, 380.3, 250.24, 0.00500825
FILLER_0_87_805, 380.3, 250.24, 0.00500825
FILLER_0_88_806, 380.3, 250.24, 0.00500825
_06790_, 392.29, 250.24, 0.00503291
_06791_, 392.29, 250.24, 0.00503291
_06969_, 392.29, 250.24, 0.00503291
FILLER_0_87_833, 392.29, 250.24, 0.00503291
FILLER_0_88_848, 392.29, 250.24, 0.00503291
_07591_, 404.28, 250.24, 0.00505109
_07592_, 404.28, 250.24, 0.00505109
_07593_, 404.28, 250.24, 0.00505109
rebuffer31, 404.28, 250.24, 0.00505109
FILLER_0_88_856, 404.28, 250.24, 0.00505109
_07677_, 416.27, 250.24, 0.00505628
_07678_, 416.27, 250.24, 0.00505628
FILLER_0_87_887, 416.27, 250.24, 0.00505628
FILLER_0_88_890, 416.27, 250.24, 0.00505628
PHY_170, 5.52, 244.8, 0.00631779
PHY_172, 5.52, 244.8, 0.00631779
input43, 5.52, 244.8, 0.00631779
FILLER_0_87_6, 5.52, 244.8, 0.00631779
PHY_171, 428.26, 244.8, 0.00498585
PHY_173, 428.26, 244.8, 0.00498585
FILLER_0_85_910, 428.26, 244.8, 0.00498585
FILLER_0_86_29, 15.33, 244.8, 0.00631763
_12039_, 37.94, 244.8, 0.00635123
_12138_, 37.94, 244.8, 0.00635123
_12140_, 37.94, 244.8, 0.00635123
_12207_, 37.94, 244.8, 0.00635123
FILLER_0_85_62, 37.94, 244.8, 0.00635123
FILLER_0_86_65, 37.94, 244.8, 0.00635123
FILLER_0_86_80, 37.94, 244.8, 0.00635123
_11946_, 50.74, 244.8, 0.00633032
_11947_, 50.74, 244.8, 0.00633032
_12032_, 50.74, 244.8, 0.00633032
FILLER_0_85_96, 50.74, 244.8, 0.00633032
FILLER_0_86_104, 50.74, 244.8, 0.00633032
FILLER_0_87_109, 50.74, 244.8, 0.00633032
_11843_, 63.54, 244.8, 0.00628813
_11844_, 63.54, 244.8, 0.00628813
_11845_, 63.54, 244.8, 0.00628813
_11846_, 63.54, 244.8, 0.00628813
_11847_, 63.54, 244.8, 0.00628813
FILLER_0_85_125, 63.54, 244.8, 0.00628813
FILLER_0_86_122, 63.54, 244.8, 0.00628813
_11307_, 76.34, 244.8, 0.00622476
_11765_, 76.34, 244.8, 0.00622476
FILLER_0_86_141, 76.34, 244.8, 0.00622476
FILLER_0_87_155, 76.34, 244.8, 0.00622476
_11152_, 89.14, 244.8, 0.00615899
_11157_, 89.14, 244.8, 0.00615899
_11158_, 89.14, 244.8, 0.00615899
_11159_, 89.14, 244.8, 0.00615899
_11160_, 89.14, 244.8, 0.00615899
_11161_, 89.14, 244.8, 0.00615899
_11302_, 89.14, 244.8, 0.00615899
_11304_, 89.14, 244.8, 0.00615899
_11305_, 89.14, 244.8, 0.00615899
FILLER_0_85_169, 89.14, 244.8, 0.00615899
FILLER_0_87_189, 89.14, 244.8, 0.00615899
_11154_, 101.94, 244.8, 0.00608947
_11156_, 101.94, 244.8, 0.00608947
_11300_, 101.94, 244.8, 0.00608947
_11301_, 101.94, 244.8, 0.00608947
FILLER_0_87_216, 101.94, 244.8, 0.00608947
_07416_, 114.74, 244.8, 0.00601827
_10864_, 114.74, 244.8, 0.00601827
_10865_, 114.74, 244.8, 0.00601827
_10866_, 114.74, 244.8, 0.00601827
_11025_, 114.74, 244.8, 0.00601827
_11153_, 114.74, 244.8, 0.00601827
FILLER_0_86_232, 114.74, 244.8, 0.00601827
FILLER_0_86_249, 114.74, 244.8, 0.00601827
FILLER_0_87_246, 114.74, 244.8, 0.00601827
_10709_, 127.54, 244.8, 0.00594206
_10867_, 127.54, 244.8, 0.00594206
_10868_, 127.54, 244.8, 0.00594206
FILLER_0_86_253, 127.54, 244.8, 0.00594206
FILLER_0_87_271, 127.54, 244.8, 0.00594206
_10400_, 140.34, 244.8, 0.0058645
_10401_, 140.34, 244.8, 0.0058645
_10403_, 140.34, 244.8, 0.0058645
_10711_, 140.34, 244.8, 0.0058645
FILLER_0_86_295, 140.34, 244.8, 0.0058645
_10048_, 153.14, 244.8, 0.00578513
_10229_, 153.14, 244.8, 0.00578513
FILLER_0_85_317, 153.14, 244.8, 0.00578513
FILLER_0_86_321, 153.14, 244.8, 0.00578513
_10220_, 165.94, 244.8, 0.00570433
_10225_, 165.94, 244.8, 0.00570433
_10228_, 165.94, 244.8, 0.00570433
_10004_, 191.54, 244.8, 0.00556203
_10005_, 191.54, 244.8, 0.00556203
_10008_, 191.54, 244.8, 0.00556203
_10184_, 191.54, 244.8, 0.00556203
_10185_, 191.54, 244.8, 0.00556203
_10186_, 191.54, 244.8, 0.00556203
_10357_, 191.54, 244.8, 0.00556203
FILLER_0_86_397, 191.54, 244.8, 0.00556203
FILLER_0_87_405, 191.54, 244.8, 0.00556203
_07757_, 204.34, 244.8, 0.00549902
_08169_, 204.34, 244.8, 0.00549902
_08395_, 204.34, 244.8, 0.00549902
_09791_, 204.34, 244.8, 0.00549902
_09998_, 204.34, 244.8, 0.00549902
_10007_, 204.34, 244.8, 0.00549902
FILLER_0_86_429, 204.34, 244.8, 0.00549902
FILLER_0_86_439, 204.34, 244.8, 0.00549902
FILLER_0_87_443, 204.34, 244.8, 0.00549902
_08162_, 217.14, 244.8, 0.0054321
_08171_, 217.14, 244.8, 0.0054321
_08387_, 217.14, 244.8, 0.0054321
_08388_, 217.14, 244.8, 0.0054321
FILLER_0_86_468, 217.14, 244.8, 0.0054321
FILLER_0_87_469, 217.14, 244.8, 0.0054321
_07679_, 229.94, 244.8, 0.00536101
_07681_, 229.94, 244.8, 0.00536101
_08152_, 229.94, 244.8, 0.00536101
_08156_, 229.94, 244.8, 0.00536101
_08167_, 229.94, 244.8, 0.00536101
_08168_, 229.94, 244.8, 0.00536101
FILLER_0_86_489, 229.94, 244.8, 0.00536101
FILLER_0_87_501, 229.94, 244.8, 0.00536101
_07452_, 242.74, 244.8, 0.00528495
_07453_, 242.74, 244.8, 0.00528495
_07454_, 242.74, 244.8, 0.00528495
_07672_, 242.74, 244.8, 0.00528495
_09572_, 255.54, 244.8, 0.00520522
_09573_, 255.54, 244.8, 0.00520522
_09748_, 255.54, 244.8, 0.00520522
FILLER_0_85_540, 255.54, 244.8, 0.00520522
FILLER_0_86_533, 255.54, 244.8, 0.00520522
_07824_, 268.34, 244.8, 0.00512357
_07828_, 268.34, 244.8, 0.00512357
FILLER_0_87_573, 268.34, 244.8, 0.00512357
_07895_, 281.14, 244.8, 0.00504007
_07900_, 281.14, 244.8, 0.00504007
FILLER_0_85_590, 281.14, 244.8, 0.00504007
FILLER_0_86_613, 281.14, 244.8, 0.00504007
_07769_, 293.94, 244.8, 0.00495093
_07909_, 293.94, 244.8, 0.00495093
FILLER_0_86_636, 293.94, 244.8, 0.00495093
_07774_, 306.74, 244.8, 0.00486012
_07830_, 306.74, 244.8, 0.00486012
FILLER_0_85_641, 306.74, 244.8, 0.00486012
FILLER_0_87_661, 306.74, 244.8, 0.00486012
_08378_, 319.54, 244.8, 0.00476857
_08385_, 319.54, 244.8, 0.00476857
_08397_, 319.54, 244.8, 0.00476857
_08398_, 319.54, 244.8, 0.00476857
FILLER_0_86_693, 319.54, 244.8, 0.00476857
FILLER_0_87_696, 319.54, 244.8, 0.00476857
_08537_, 344.33, 244.8, 0.0047474
_08539_, 344.33, 244.8, 0.0047474
FILLER_0_86_730, 344.33, 244.8, 0.0047474
FILLER_0_86_748, 344.33, 244.8, 0.0047474
_06962_, 356.32, 244.8, 0.00480384
_06964_, 356.32, 244.8, 0.00480384
_08727_, 356.32, 244.8, 0.00480384
_06949_, 368.31, 244.8, 0.00485886
_06950_, 368.31, 244.8, 0.00485886
_06951_, 368.31, 244.8, 0.00485886
_08722_, 368.31, 244.8, 0.00485886
_06971_, 380.3, 244.8, 0.0049114
FILLER_0_85_809, 380.3, 244.8, 0.0049114
FILLER_0_86_803, 380.3, 244.8, 0.0049114
FILLER_0_86_813, 380.3, 244.8, 0.0049114
_07725_, 392.29, 244.8, 0.00495864
_07727_, 392.29, 244.8, 0.00495864
_08488_, 392.29, 244.8, 0.00495864
FILLER_0_85_833, 392.29, 244.8, 0.00495864
FILLER_0_86_829, 392.29, 244.8, 0.00495864
_07682_, 404.28, 244.8, 0.0049788
_07683_, 404.28, 244.8, 0.0049788
_07684_, 404.28, 244.8, 0.0049788
FILLER_0_85_863, 404.28, 244.8, 0.0049788
FILLER_0_86_864, 404.28, 244.8, 0.0049788
_07662_, 416.27, 244.8, 0.00498585
_07663_, 416.27, 244.8, 0.00498585
_07675_, 416.27, 244.8, 0.00498585
FILLER_0_86_892, 416.27, 244.8, 0.00498585
FILLER_0_87_897, 416.27, 244.8, 0.00498585
PHY_166, 5.52, 239.36, 0.00625946
PHY_168, 5.52, 239.36, 0.00625946
_07686_, 428.26, 239.36, 0.00478797
PHY_167, 428.26, 239.36, 0.00478797
PHY_169, 428.26, 239.36, 0.00478797
FILLER_0_83_912, 428.26, 239.36, 0.00478797
FILLER_0_84_912, 428.26, 239.36, 0.00478797
_12326_, 15.33, 239.36, 0.00625946
FILLER_0_85_27, 15.33, 239.36, 0.00625946
_12030_, 37.94, 239.36, 0.00633655
_12031_, 37.94, 239.36, 0.00633655
_12033_, 37.94, 239.36, 0.00633655
_12135_, 37.94, 239.36, 0.00633655
_12136_, 37.94, 239.36, 0.00633655
_12137_, 37.94, 239.36, 0.00633655
_12206_, 37.94, 239.36, 0.00633655
FILLER_0_83_60, 37.94, 239.36, 0.00633655
_11943_, 50.74, 239.36, 0.00633135
_11944_, 50.74, 239.36, 0.00633135
_11945_, 50.74, 239.36, 0.00633135
_12020_, 50.74, 239.36, 0.00633135
_12029_, 50.74, 239.36, 0.00633135
FILLER_0_84_103, 50.74, 239.36, 0.00633135
FILLER_0_85_104, 50.74, 239.36, 0.00633135
_11839_, 63.54, 239.36, 0.00629784
_11841_, 63.54, 239.36, 0.00629784
_11936_, 63.54, 239.36, 0.00629784
_11937_, 63.54, 239.36, 0.00629784
_11938_, 63.54, 239.36, 0.00629784
FILLER_0_84_127, 63.54, 239.36, 0.00629784
_11799_, 76.34, 239.36, 0.00623986
_11800_, 76.34, 239.36, 0.00623986
_11801_, 76.34, 239.36, 0.00623986
_11840_, 76.34, 239.36, 0.00623986
_11896_, 76.34, 239.36, 0.00623986
_11897_, 76.34, 239.36, 0.00623986
_11898_, 76.34, 239.36, 0.00623986
_11973_, 76.34, 239.36, 0.00623986
FILLER_0_85_160, 76.34, 239.36, 0.00623986
_10449_, 89.14, 239.36, 0.00616486
_11303_, 89.14, 239.36, 0.00616486
_11894_, 89.14, 239.36, 0.00616486
FILLER_0_83_173, 89.14, 239.36, 0.00616486
FILLER_0_84_187, 89.14, 239.36, 0.00616486
FILLER_0_85_182, 89.14, 239.36, 0.00616486
FILLER_0_85_190, 89.14, 239.36, 0.00616486
_07420_, 101.94, 239.36, 0.00608469
FILLER_0_84_221, 101.94, 239.36, 0.00608469
_08132_, 114.74, 239.36, 0.00600187
_11010_, 114.74, 239.36, 0.00600187
FILLER_0_84_249, 114.74, 239.36, 0.00600187
_10718_, 127.54, 239.36, 0.00591555
_10720_, 127.54, 239.36, 0.00591555
_10904_, 127.54, 239.36, 0.00591555
_11009_, 127.54, 239.36, 0.00591555
FILLER_0_84_269, 127.54, 239.36, 0.00591555
FILLER_0_85_275, 127.54, 239.36, 0.00591555
_10398_, 140.34, 239.36, 0.00582673
_10552_, 140.34, 239.36, 0.00582673
_10710_, 140.34, 239.36, 0.00582673
_10717_, 140.34, 239.36, 0.00582673
_10719_, 140.34, 239.36, 0.00582673
FILLER_0_83_281, 140.34, 239.36, 0.00582673
FILLER_0_83_292, 140.34, 239.36, 0.00582673
FILLER_0_85_298, 140.34, 239.36, 0.00582673
_10222_, 153.14, 239.36, 0.00573465
_10223_, 153.14, 239.36, 0.00573465
_10224_, 153.14, 239.36, 0.00573465
_10402_, 153.14, 239.36, 0.00573465
_07024_, 165.94, 239.36, 0.00564138
_10243_, 165.94, 239.36, 0.00564138
FILLER_0_84_355, 165.94, 239.36, 0.00564138
FILLER_0_85_349, 165.94, 239.36, 0.00564138
_10009_, 191.54, 239.36, 0.00546763
_10010_, 191.54, 239.36, 0.00546763
_10358_, 191.54, 239.36, 0.00546763
FILLER_0_84_409, 191.54, 239.36, 0.00546763
FILLER_0_84_417, 191.54, 239.36, 0.00546763
FILLER_0_85_405, 191.54, 239.36, 0.00546763
FILLER_0_85_417, 191.54, 239.36, 0.00546763
_08170_, 204.34, 239.36, 0.00539864
_09790_, 204.34, 239.36, 0.00539864
_09792_, 204.34, 239.36, 0.00539864
_09795_, 204.34, 239.36, 0.00539864
_10011_, 204.34, 239.36, 0.00539864
FILLER_0_85_433, 204.34, 239.36, 0.00539864
_08144_, 217.14, 239.36, 0.00532597
_08382_, 217.14, 239.36, 0.00532597
FILLER_0_83_449, 217.14, 239.36, 0.00532597
FILLER_0_84_465, 217.14, 239.36, 0.00532597
FILLER_0_85_466, 217.14, 239.36, 0.00532597
_07042_, 229.94, 239.36, 0.00525218
_07043_, 229.94, 239.36, 0.00525218
_07680_, 229.94, 239.36, 0.00525218
_08172_, 229.94, 239.36, 0.00525218
_08383_, 229.94, 239.36, 0.00525218
FILLER_0_83_482, 229.94, 239.36, 0.00525218
FILLER_0_84_485, 229.94, 239.36, 0.00525218
_07429_, 242.74, 239.36, 0.00517041
_07430_, 242.74, 239.36, 0.00517041
_07671_, 242.74, 239.36, 0.00517041
_07673_, 242.74, 239.36, 0.00517041
FILLER_0_84_508, 242.74, 239.36, 0.00517041
FILLER_0_84_529, 242.74, 239.36, 0.00517041
_07797_, 255.54, 239.36, 0.00508269
_07814_, 255.54, 239.36, 0.00508269
_07825_, 255.54, 239.36, 0.00508269
_09574_, 255.54, 239.36, 0.00508269
_09575_, 255.54, 239.36, 0.00508269
FILLER_0_84_533, 255.54, 239.36, 0.00508269
FILLER_0_84_546, 255.54, 239.36, 0.00508269
_07826_, 268.34, 239.36, 0.00498935
_07829_, 268.34, 239.36, 0.00498935
_07847_, 268.34, 239.36, 0.00498935
_07850_, 268.34, 239.36, 0.00498935
FILLER_0_84_581, 268.34, 239.36, 0.00498935
FILLER_0_85_573, 268.34, 239.36, 0.00498935
_07792_, 281.14, 239.36, 0.00488956
_07827_, 281.14, 239.36, 0.00488956
_07848_, 281.14, 239.36, 0.00488956
FILLER_0_84_608, 281.14, 239.36, 0.00488956
FILLER_0_85_607, 281.14, 239.36, 0.00488956
_07770_, 293.94, 239.36, 0.00478679
_07771_, 293.94, 239.36, 0.00478679
_07772_, 293.94, 239.36, 0.00478679
_09556_, 293.94, 239.36, 0.00478679
_09557_, 293.94, 239.36, 0.00478679
FILLER_0_83_623, 293.94, 239.36, 0.00478679
FILLER_0_84_628, 293.94, 239.36, 0.00478679
FILLER_0_84_636, 293.94, 239.36, 0.00478679
_07773_, 306.74, 239.36, 0.0046821
_07775_, 306.74, 239.36, 0.0046821
_07777_, 306.74, 239.36, 0.0046821
_07779_, 306.74, 239.36, 0.0046821
_07780_, 306.74, 239.36, 0.0046821
_07784_, 306.74, 239.36, 0.0046821
FILLER_0_85_668, 306.74, 239.36, 0.0046821
_08389_, 319.54, 239.36, 0.0045733
_08400_, 319.54, 239.36, 0.0045733
FILLER_0_84_677, 319.54, 239.36, 0.0045733
FILLER_0_84_685, 319.54, 239.36, 0.0045733
FILLER_0_85_695, 319.54, 239.36, 0.0045733
_08485_, 344.33, 239.36, 0.00451931
FILLER_0_84_749, 344.33, 239.36, 0.00451931
FILLER_0_85_741, 344.33, 239.36, 0.00451931
_06965_, 356.32, 239.36, 0.00457465
_08729_, 356.32, 239.36, 0.00457465
_08734_, 356.32, 239.36, 0.00457465
FILLER_0_85_767, 356.32, 239.36, 0.00457465
_06952_, 368.31, 239.36, 0.0046274
_06966_, 380.3, 239.36, 0.00467777
_06967_, 380.3, 239.36, 0.00467777
_06968_, 380.3, 239.36, 0.00467777
_08700_, 380.3, 239.36, 0.00467777
_08757_, 380.3, 239.36, 0.00467777
_07393_, 392.29, 239.36, 0.0047212
_07722_, 392.29, 239.36, 0.0047212
_07726_, 392.29, 239.36, 0.0047212
FILLER_0_84_847, 392.29, 239.36, 0.0047212
_07666_, 404.28, 239.36, 0.00476252
_07676_, 404.28, 239.36, 0.00476252
_07720_, 404.28, 239.36, 0.00476252
_07721_, 404.28, 239.36, 0.00476252
_07724_, 404.28, 239.36, 0.00476252
_07728_, 404.28, 239.36, 0.00476252
FILLER_0_84_860, 404.28, 239.36, 0.00476252
_07670_, 416.27, 239.36, 0.00478079
_07685_, 416.27, 239.36, 0.00478079
rebuffer32, 416.27, 239.36, 0.00478079
FILLER_0_83_885, 416.27, 239.36, 0.00478079
FILLER_0_84_892, 416.27, 239.36, 0.00478079
PHY_162, 5.52, 233.92, 0.00616663
PHY_164, 5.52, 233.92, 0.00616663
input13, 5.52, 233.92, 0.00616663
PHY_163, 428.26, 233.92, 0.00467074
PHY_165, 428.26, 233.92, 0.00467074
output96, 428.26, 233.92, 0.00467074
FILLER_0_81_909, 428.26, 233.92, 0.00467074
_12699_, 15.33, 233.92, 0.00616567
_12704_, 15.33, 233.92, 0.00616567
FILLER_0_82_19, 15.33, 233.92, 0.00616567
_12203_, 37.94, 233.92, 0.00613915
_12204_, 37.94, 233.92, 0.00613915
_12205_, 37.94, 233.92, 0.00613915
fanout153, 37.94, 233.92, 0.00613915
FILLER_0_82_76, 37.94, 233.92, 0.00613915
_12018_, 50.74, 233.92, 0.00611587
_12019_, 50.74, 233.92, 0.00611587
_12040_, 50.74, 233.92, 0.00611587
FILLER_0_81_89, 50.74, 233.92, 0.00611587
FILLER_0_82_85, 50.74, 233.92, 0.00611587
FILLER_0_81_125, 63.54, 233.92, 0.0060702
FILLER_0_82_134, 63.54, 233.92, 0.0060702
FILLER_0_83_132, 63.54, 233.92, 0.0060702
_11892_, 76.34, 233.92, 0.00602453
_11893_, 76.34, 233.92, 0.00602453
_11895_, 76.34, 233.92, 0.00602453
_11981_, 76.34, 233.92, 0.00602453
FILLER_0_82_153, 76.34, 233.92, 0.00602453
FILLER_0_83_159, 76.34, 233.92, 0.00602453
_10704_, 89.14, 233.92, 0.00597226
_10892_, 89.14, 233.92, 0.00597226
_11601_, 89.14, 233.92, 0.00597226
_11891_, 89.14, 233.92, 0.00597226
FILLER_0_82_173, 89.14, 233.92, 0.00597226
FILLER_0_82_190, 89.14, 233.92, 0.00597226
_11355_, 101.94, 233.92, 0.00591214
_11461_, 101.94, 233.92, 0.00591214
_11483_, 101.94, 233.92, 0.00591214
_11484_, 101.94, 233.92, 0.00591214
_11486_, 101.94, 233.92, 0.00591214
_11574_, 101.94, 233.92, 0.00591214
FILLER_0_82_210, 101.94, 233.92, 0.00591214
FILLER_0_82_220, 101.94, 233.92, 0.00591214
_11350_, 114.74, 233.92, 0.00583948
_11351_, 114.74, 233.92, 0.00583948
_11481_, 114.74, 233.92, 0.00583948
max_cap144, 114.74, 233.92, 0.00583948
FILLER_0_82_245, 114.74, 233.92, 0.00583948
FILLER_0_83_249, 114.74, 233.92, 0.00583948
_10902_, 127.54, 233.92, 0.00576017
_10903_, 127.54, 233.92, 0.00576017
_11197_, 127.54, 233.92, 0.00576017
FILLER_0_81_259, 127.54, 233.92, 0.00576017
FILLER_0_82_253, 127.54, 233.92, 0.00576017
FILLER_0_83_273, 127.54, 233.92, 0.00576017
_10551_, 140.34, 233.92, 0.00567856
_10715_, 140.34, 233.92, 0.00567856
_10716_, 140.34, 233.92, 0.00567856
_10548_, 153.14, 233.92, 0.00559528
_10549_, 153.14, 233.92, 0.00559528
_10550_, 153.14, 233.92, 0.00559528
_10712_, 153.14, 233.92, 0.00559528
_10713_, 153.14, 233.92, 0.00559528
_10714_, 153.14, 233.92, 0.00559528
FILLER_0_81_314, 153.14, 233.92, 0.00559528
FILLER_0_82_321, 153.14, 233.92, 0.00559528
FILLER_0_83_333, 153.14, 233.92, 0.00559528
_07756_, 165.94, 233.92, 0.00550953
_09840_, 165.94, 233.92, 0.00550953
_10359_, 165.94, 233.92, 0.00550953
_10360_, 165.94, 233.92, 0.00550953
_10363_, 165.94, 233.92, 0.00550953
_10514_, 165.94, 233.92, 0.00550953
_10515_, 165.94, 233.92, 0.00550953
_10547_, 165.94, 233.92, 0.00550953
_10012_, 191.54, 233.92, 0.00534308
_10013_, 191.54, 233.92, 0.00534308
_10014_, 191.54, 233.92, 0.00534308
_10015_, 191.54, 233.92, 0.00534308
FILLER_0_82_415, 191.54, 233.92, 0.00534308
FILLER_0_83_405, 191.54, 233.92, 0.00534308
FILLER_0_83_418, 191.54, 233.92, 0.00534308
_07923_, 204.34, 233.92, 0.00526504
_08166_, 204.34, 233.92, 0.00526504
_09794_, 204.34, 233.92, 0.00526504
FILLER_0_83_436, 204.34, 233.92, 0.00526504
_08131_, 217.14, 233.92, 0.00518327
_08157_, 217.14, 233.92, 0.00518327
_08163_, 217.14, 233.92, 0.00518327
_08177_, 217.14, 233.92, 0.00518327
FILLER_0_82_455, 217.14, 233.92, 0.00518327
FILLER_0_83_461, 217.14, 233.92, 0.00518327
_07422_, 229.94, 233.92, 0.00509711
_07424_, 229.94, 233.92, 0.00509711
_08158_, 229.94, 233.92, 0.00509711
_08176_, 229.94, 233.92, 0.00509711
FILLER_0_82_482, 229.94, 233.92, 0.00509711
FILLER_0_82_490, 229.94, 233.92, 0.00509711
FILLER_0_83_501, 229.94, 233.92, 0.00509711
_07431_, 242.74, 233.92, 0.0050087
_07432_, 242.74, 233.92, 0.0050087
_07433_, 242.74, 233.92, 0.0050087
_07450_, 242.74, 233.92, 0.0050087
FILLER_0_81_505, 242.74, 233.92, 0.0050087
FILLER_0_82_503, 242.74, 233.92, 0.0050087
FILLER_0_82_529, 242.74, 233.92, 0.0050087
_09752_, 255.54, 233.92, 0.0049185
_09753_, 255.54, 233.92, 0.0049185
FILLER_0_82_533, 255.54, 233.92, 0.0049185
FILLER_0_82_556, 255.54, 233.92, 0.0049185
FILLER_0_83_552, 255.54, 233.92, 0.0049185
_07793_, 268.34, 233.92, 0.00482781
_07849_, 268.34, 233.92, 0.00482781
_07851_, 268.34, 233.92, 0.00482781
_09551_, 268.34, 233.92, 0.00482781
FILLER_0_82_572, 268.34, 233.92, 0.00482781
FILLER_0_83_580, 268.34, 233.92, 0.00482781
_07776_, 281.14, 233.92, 0.00472684
_09558_, 281.14, 233.92, 0.00472684
FILLER_0_82_601, 281.14, 233.92, 0.00472684
FILLER_0_83_606, 281.14, 233.92, 0.00472684
_07781_, 293.94, 233.92, 0.00462446
_07782_, 293.94, 233.92, 0.00462446
_07785_, 293.94, 233.92, 0.00462446
_07786_, 293.94, 233.92, 0.00462446
_09555_, 293.94, 233.92, 0.00462446
_08379_, 306.74, 233.92, 0.00451813
_08381_, 306.74, 233.92, 0.00451813
FILLER_0_82_641, 306.74, 233.92, 0.00451813
FILLER_0_82_657, 306.74, 233.92, 0.00451813
_08384_, 319.54, 233.92, 0.00440912
_08401_, 319.54, 233.92, 0.00440912
FILLER_0_81_673, 319.54, 233.92, 0.00440912
FILLER_0_83_685, 319.54, 233.92, 0.00440912
_08487_, 344.33, 233.92, 0.00437642
_08540_, 344.33, 233.92, 0.00437642
_08739_, 344.33, 233.92, 0.00437642
_09278_, 344.33, 233.92, 0.00437642
FILLER_0_81_725, 344.33, 233.92, 0.00437642
FILLER_0_81_729, 344.33, 233.92, 0.00437642
FILLER_0_82_727, 344.33, 233.92, 0.00437642
FILLER_0_82_744, 344.33, 233.92, 0.00437642
_08733_, 356.32, 233.92, 0.00443469
_08738_, 356.32, 233.92, 0.00443469
_08750_, 356.32, 233.92, 0.00443469
FILLER_0_81_754, 356.32, 233.92, 0.00443469
_06782_, 368.31, 233.92, 0.00449109
_06953_, 368.31, 233.92, 0.00449109
_06954_, 368.31, 233.92, 0.00449109
_08701_, 368.31, 233.92, 0.00449109
_08702_, 368.31, 233.92, 0.00449109
_08703_, 368.31, 233.92, 0.00449109
FILLER_0_81_781, 368.31, 233.92, 0.00449109
_07392_, 380.3, 233.92, 0.00454314
FILLER_0_81_810, 380.3, 233.92, 0.00454314
FILLER_0_82_813, 380.3, 233.92, 0.00454314
_07394_, 392.29, 233.92, 0.00459453
_07395_, 392.29, 233.92, 0.00459453
_07723_, 392.29, 233.92, 0.00459453
_07729_, 392.29, 233.92, 0.00459453
_08483_, 392.29, 233.92, 0.00459453
_08484_, 392.29, 233.92, 0.00459453
FILLER_0_81_837, 392.29, 233.92, 0.00459453
FILLER_0_82_837, 392.29, 233.92, 0.00459453
FILLER_0_82_845, 392.29, 233.92, 0.00459453
_07664_, 404.28, 233.92, 0.00462665
FILLER_0_82_860, 404.28, 233.92, 0.00462665
FILLER_0_83_871, 404.28, 233.92, 0.00462665
FILLER_0_83_879, 404.28, 233.92, 0.00462665
_07669_, 416.27, 233.92, 0.00465856
_07674_, 416.27, 233.92, 0.00465856
_07716_, 416.27, 233.92, 0.00465856
FILLER_0_83_893, 416.27, 233.92, 0.00465856
PHY_158, 5.52, 228.48, 0.00599359
PHY_160, 5.52, 228.48, 0.00599359
FILLER_0_81_3, 5.52, 228.48, 0.00599359
PHY_159, 428.26, 228.48, 0.00456663
PHY_161, 428.26, 228.48, 0.00456663
FILLER_0_79_909, 428.26, 228.48, 0.00456663
FILLER_0_80_908, 428.26, 228.48, 0.00456663
_12132_, 37.94, 228.48, 0.00604358
_12133_, 37.94, 228.48, 0.00604358
_12134_, 37.94, 228.48, 0.00604358
_12202_, 37.94, 228.48, 0.00604358
_12266_, 37.94, 228.48, 0.00604358
FILLER_0_80_65, 37.94, 228.48, 0.00604358
FILLER_0_80_73, 37.94, 228.48, 0.00604358
_12016_, 50.74, 228.48, 0.00604588
_12017_, 50.74, 228.48, 0.00604588
_12111_, 50.74, 228.48, 0.00604588
_12112_, 50.74, 228.48, 0.00604588
_12113_, 50.74, 228.48, 0.00604588
_12114_, 50.74, 228.48, 0.00604588
_12199_, 50.74, 228.48, 0.00604588
FILLER_0_79_91, 50.74, 228.48, 0.00604588
FILLER_0_81_105, 50.74, 228.48, 0.00604588
_11982_, 63.54, 228.48, 0.00600685
_11983_, 63.54, 228.48, 0.00600685
_11984_, 63.54, 228.48, 0.00600685
_11985_, 63.54, 228.48, 0.00600685
_12072_, 63.54, 228.48, 0.00600685
_12073_, 63.54, 228.48, 0.00600685
_12074_, 63.54, 228.48, 0.00600685
FILLER_0_80_133, 63.54, 228.48, 0.00600685
_11764_, 76.34, 228.48, 0.00594907
_11890_, 76.34, 228.48, 0.00594907
_11979_, 76.34, 228.48, 0.00594907
_11980_, 76.34, 228.48, 0.00594907
FILLER_0_80_146, 76.34, 228.48, 0.00594907
FILLER_0_80_154, 76.34, 228.48, 0.00594907
FILLER_0_81_161, 76.34, 228.48, 0.00594907
_11599_, 89.14, 228.48, 0.00588676
_11600_, 89.14, 228.48, 0.00588676
_11731_, 89.14, 228.48, 0.00588676
FILLER_0_79_169, 89.14, 228.48, 0.00588676
FILLER_0_79_177, 89.14, 228.48, 0.00588676
FILLER_0_80_192, 89.14, 228.48, 0.00588676
_11482_, 101.94, 228.48, 0.00581716
_11485_, 101.94, 228.48, 0.00581716
FILLER_0_81_212, 101.94, 228.48, 0.00581716
_11477_, 114.74, 228.48, 0.00574373
_11479_, 114.74, 228.48, 0.00574373
_11480_, 114.74, 228.48, 0.00574373
_11575_, 114.74, 228.48, 0.00574373
FILLER_0_79_225, 114.74, 228.48, 0.00574373
FILLER_0_80_245, 114.74, 228.48, 0.00574373
FILLER_0_81_248, 114.74, 228.48, 0.00574373
_11041_, 127.54, 228.48, 0.00566716
_11046_, 127.54, 228.48, 0.00566716
_11195_, 127.54, 228.48, 0.00566716
_11196_, 127.54, 228.48, 0.00566716
FILLER_0_79_259, 127.54, 228.48, 0.00566716
FILLER_0_80_253, 127.54, 228.48, 0.00566716
FILLER_0_80_261, 127.54, 228.48, 0.00566716
FILLER_0_80_278, 127.54, 228.48, 0.00566716
FILLER_0_81_276, 127.54, 228.48, 0.00566716
_11194_, 140.34, 228.48, 0.00558678
_11347_, 140.34, 228.48, 0.00558678
_11348_, 140.34, 228.48, 0.00558678
FILLER_0_79_289, 140.34, 228.48, 0.00558678
FILLER_0_80_301, 140.34, 228.48, 0.00558678
FILLER_0_81_305, 140.34, 228.48, 0.00558678
_09655_, 153.14, 228.48, 0.00550449
_10394_, 153.14, 228.48, 0.00550449
_11190_, 153.14, 228.48, 0.00550449
_10361_, 165.94, 228.48, 0.00541816
FILLER_0_80_357, 165.94, 228.48, 0.00541816
FILLER_0_81_350, 165.94, 228.48, 0.00541816
FILLER_0_81_359, 165.94, 228.48, 0.00541816
_09987_, 191.54, 228.48, 0.00529268
_10016_, 191.54, 228.48, 0.00529268
_10017_, 191.54, 228.48, 0.00529268
_10192_, 191.54, 228.48, 0.00529268
_10364_, 191.54, 228.48, 0.00529268
FILLER_0_79_393, 191.54, 228.48, 0.00529268
FILLER_0_80_407, 191.54, 228.48, 0.00529268
_08076_, 204.34, 228.48, 0.00523569
_09589_, 204.34, 228.48, 0.00523569
_09768_, 204.34, 228.48, 0.00523569
_09796_, 204.34, 228.48, 0.00523569
_09797_, 204.34, 228.48, 0.00523569
_09986_, 204.34, 228.48, 0.00523569
_07415_, 217.14, 228.48, 0.00515456
_08164_, 217.14, 228.48, 0.00515456
_08175_, 217.14, 228.48, 0.00515456
_08180_, 217.14, 228.48, 0.00515456
_09629_, 217.14, 228.48, 0.00515456
FILLER_0_80_470, 217.14, 228.48, 0.00515456
FILLER_0_81_469, 217.14, 228.48, 0.00515456
_06349_, 229.94, 228.48, 0.0050686
_07435_, 229.94, 228.48, 0.0050686
_08181_, 229.94, 228.48, 0.0050686
_08182_, 229.94, 228.48, 0.0050686
_08407_, 229.94, 228.48, 0.0050686
FILLER_0_79_484, 229.94, 228.48, 0.0050686
FILLER_0_81_491, 229.94, 228.48, 0.0050686
FILLER_0_81_499, 229.94, 228.48, 0.0050686
_07428_, 242.74, 228.48, 0.00497412
_07436_, 242.74, 228.48, 0.00497412
_07437_, 242.74, 228.48, 0.00497412
_07438_, 242.74, 228.48, 0.00497412
_07439_, 242.74, 228.48, 0.00497412
_07451_, 242.74, 228.48, 0.00497412
_07667_, 242.74, 228.48, 0.00497412
FILLER_0_80_509, 242.74, 228.48, 0.00497412
FILLER_0_80_522, 242.74, 228.48, 0.00497412
_07455_, 255.54, 228.48, 0.00487574
_07668_, 255.54, 228.48, 0.00487574
_09576_, 255.54, 228.48, 0.00487574
_09754_, 255.54, 228.48, 0.00487574
_09955_, 255.54, 228.48, 0.00487574
FILLER_0_80_548, 255.54, 228.48, 0.00487574
_09562_, 268.34, 228.48, 0.00476927
_09577_, 268.34, 228.48, 0.00476927
_09578_, 268.34, 228.48, 0.00476927
_09579_, 268.34, 228.48, 0.00476927
_09559_, 281.14, 228.48, 0.0046541
_09741_, 281.14, 228.48, 0.0046541
_09742_, 281.14, 228.48, 0.0046541
_09743_, 281.14, 228.48, 0.0046541
FILLER_0_81_609, 281.14, 228.48, 0.0046541
_07852_, 293.94, 228.48, 0.00453685
FILLER_0_80_637, 293.94, 228.48, 0.00453685
_08380_, 306.74, 228.48, 0.00441937
_08404_, 306.74, 228.48, 0.00441937
_08405_, 306.74, 228.48, 0.00441937
FILLER_0_79_645, 306.74, 228.48, 0.00441937
FILLER_0_80_645, 306.74, 228.48, 0.00441937
_07877_, 319.54, 228.48, 0.00429096
_08402_, 319.54, 228.48, 0.00429096
_08403_, 319.54, 228.48, 0.00429096
_08426_, 319.54, 228.48, 0.00429096
_08429_, 319.54, 228.48, 0.00429096
FILLER_0_79_673, 319.54, 228.48, 0.00429096
FILLER_0_80_674, 319.54, 228.48, 0.00429096
FILLER_0_80_684, 319.54, 228.48, 0.00429096
_08541_, 344.33, 228.48, 0.00426422
_08730_, 344.33, 228.48, 0.00426422
_09279_, 344.33, 228.48, 0.00426422
FILLER_0_79_725, 344.33, 228.48, 0.00426422
FILLER_0_81_739, 344.33, 228.48, 0.00426422
_08731_, 356.32, 228.48, 0.00432247
_08732_, 356.32, 228.48, 0.00432247
_08735_, 356.32, 228.48, 0.00432247
_08736_, 356.32, 228.48, 0.00432247
FILLER_0_80_751, 356.32, 228.48, 0.00432247
FILLER_0_81_773, 356.32, 228.48, 0.00432247
_08704_, 368.31, 228.48, 0.00437907
_08705_, 368.31, 228.48, 0.00437907
FILLER_0_79_781, 368.31, 228.48, 0.00437907
FILLER_0_79_785, 368.31, 228.48, 0.00437907
_07306_, 380.3, 228.48, 0.00443427
_07389_, 380.3, 228.48, 0.00443427
_07390_, 380.3, 228.48, 0.00443427
_07391_, 380.3, 228.48, 0.00443427
FILLER_0_80_803, 380.3, 228.48, 0.00443427
FILLER_0_80_813, 380.3, 228.48, 0.00443427
_07325_, 392.29, 228.48, 0.00448831
FILLER_0_79_834, 392.29, 228.48, 0.00448831
FILLER_0_80_849, 392.29, 228.48, 0.00448831
_07665_, 404.28, 228.48, 0.00454194
_07689_, 404.28, 228.48, 0.00454194
_07690_, 404.28, 228.48, 0.00454194
_07709_, 404.28, 228.48, 0.00454194
_07710_, 404.28, 228.48, 0.00454194
FILLER_0_79_857, 404.28, 228.48, 0.00454194
FILLER_0_80_869, 404.28, 228.48, 0.00454194
_07687_, 416.27, 228.48, 0.00456663
_07688_, 416.27, 228.48, 0.00456663
_07713_, 416.27, 228.48, 0.00456663
FILLER_0_79_881, 416.27, 228.48, 0.00456663
PHY_154, 5.52, 223.04, 0.00594023
PHY_156, 5.52, 223.04, 0.00594023
PHY_155, 428.26, 223.04, 0.0041509
PHY_157, 428.26, 223.04, 0.0041509
input19, 428.26, 223.04, 0.0041509
FILLER_0_77_909, 428.26, 223.04, 0.0041509
FILLER_0_78_909, 428.26, 223.04, 0.0041509
_12711_, 15.33, 223.04, 0.00594023
FILLER_0_77_15, 15.33, 223.04, 0.00594023
_12200_, 37.94, 223.04, 0.00591634
_12201_, 37.94, 223.04, 0.00591634
_12265_, 37.94, 223.04, 0.00591634
FILLER_0_78_77, 37.94, 223.04, 0.00591634
FILLER_0_79_71, 37.94, 223.04, 0.00591634
_12109_, 50.74, 223.04, 0.00588276
_12110_, 50.74, 223.04, 0.00588276
_12175_, 50.74, 223.04, 0.00588276
FILLER_0_77_88, 50.74, 223.04, 0.00588276
FILLER_0_77_96, 50.74, 223.04, 0.00588276
FILLER_0_79_99, 50.74, 223.04, 0.00588276
_12069_, 63.54, 223.04, 0.0058399
_12070_, 63.54, 223.04, 0.0058399
_12071_, 63.54, 223.04, 0.0058399
_12173_, 63.54, 223.04, 0.0058399
_12174_, 63.54, 223.04, 0.0058399
FILLER_0_78_120, 63.54, 223.04, 0.0058399
FILLER_0_78_131, 63.54, 223.04, 0.0058399
_11975_, 76.34, 223.04, 0.00578908
_11977_, 76.34, 223.04, 0.00578908
_11978_, 76.34, 223.04, 0.00578908
FILLER_0_77_144, 76.34, 223.04, 0.00578908
FILLER_0_79_160, 76.34, 223.04, 0.00578908
_11598_, 89.14, 223.04, 0.00573712
_11728_, 89.14, 223.04, 0.00573712
_11729_, 89.14, 223.04, 0.00573712
_11730_, 89.14, 223.04, 0.00573712
_11976_, 89.14, 223.04, 0.00573712
FILLER_0_77_169, 89.14, 223.04, 0.00573712
FILLER_0_78_173, 89.14, 223.04, 0.00573712
FILLER_0_78_187, 89.14, 223.04, 0.00573712
_11472_, 101.94, 223.04, 0.00567796
FILLER_0_77_198, 101.94, 223.04, 0.00567796
FILLER_0_78_221, 101.94, 223.04, 0.00567796
_11476_, 114.74, 223.04, 0.0056178
_11478_, 114.74, 223.04, 0.0056178
_11576_, 114.74, 223.04, 0.0056178
_11579_, 114.74, 223.04, 0.0056178
FILLER_0_77_237, 114.74, 223.04, 0.0056178
FILLER_0_78_232, 114.74, 223.04, 0.0056178
FILLER_0_79_251, 114.74, 223.04, 0.0056178
_10747_, 127.54, 223.04, 0.00555557
_11042_, 127.54, 223.04, 0.00555557
_11045_, 127.54, 223.04, 0.00555557
_11349_, 127.54, 223.04, 0.00555557
FILLER_0_78_265, 127.54, 223.04, 0.00555557
_11191_, 140.34, 223.04, 0.00548959
_11192_, 140.34, 223.04, 0.00548959
_11193_, 140.34, 223.04, 0.00548959
_11340_, 140.34, 223.04, 0.00548959
_11345_, 140.34, 223.04, 0.00548959
_11346_, 140.34, 223.04, 0.00548959
FILLER_0_77_293, 140.34, 223.04, 0.00548959
FILLER_0_79_305, 140.34, 223.04, 0.00548959
_11188_, 153.14, 223.04, 0.00541974
_11189_, 153.14, 223.04, 0.00541974
_11341_, 153.14, 223.04, 0.00541974
_11344_, 153.14, 223.04, 0.00541974
FILLER_0_77_310, 153.14, 223.04, 0.00541974
FILLER_0_79_326, 153.14, 223.04, 0.00541974
_10367_, 165.94, 223.04, 0.00534797
_10513_, 165.94, 223.04, 0.00534797
_10520_, 165.94, 223.04, 0.00534797
_10521_, 165.94, 223.04, 0.00534797
_10620_, 165.94, 223.04, 0.00534797
_10621_, 165.94, 223.04, 0.00534797
FILLER_0_79_361, 165.94, 223.04, 0.00534797
FILLER_0_78_412, 191.54, 223.04, 0.00529818
FILLER_0_79_417, 191.54, 223.04, 0.00529818
_09537_, 204.34, 223.04, 0.00532676
_09630_, 204.34, 223.04, 0.00532676
FILLER_0_78_445, 204.34, 223.04, 0.00532676
FILLER_0_79_433, 204.34, 223.04, 0.00532676
FILLER_0_79_443, 204.34, 223.04, 0.00532676
_07033_, 217.14, 223.04, 0.00535046
_09632_, 217.14, 223.04, 0.00535046
clkbuf_0_clk, 217.14, 223.04, 0.00535046
FILLER_0_78_453, 217.14, 223.04, 0.00535046
_07427_, 229.94, 223.04, 0.00519658
_08173_, 229.94, 223.04, 0.00519658
FILLER_0_78_492, 229.94, 223.04, 0.00519658
FILLER_0_79_493, 229.94, 223.04, 0.00519658
FILLER_0_79_501, 229.94, 223.04, 0.00519658
_07425_, 242.74, 223.04, 0.00504181
_07426_, 242.74, 223.04, 0.00504181
_07445_, 242.74, 223.04, 0.00504181
FILLER_0_78_527, 242.74, 223.04, 0.00504181
_09758_, 255.54, 223.04, 0.00488572
FILLER_0_77_537, 255.54, 223.04, 0.00488572
FILLER_0_79_549, 255.54, 223.04, 0.00488572
_07783_, 268.34, 223.04, 0.00472642
_09561_, 268.34, 223.04, 0.00472642
_09563_, 268.34, 223.04, 0.00472642
FILLER_0_78_569, 268.34, 223.04, 0.00472642
FILLER_0_79_578, 268.34, 223.04, 0.00472642
_09560_, 281.14, 223.04, 0.00456341
FILLER_0_78_608, 281.14, 223.04, 0.00456341
FILLER_0_79_611, 281.14, 223.04, 0.00456341
_07870_, 293.94, 223.04, 0.0043993
_07871_, 293.94, 223.04, 0.0043993
_07876_, 293.94, 223.04, 0.0043993
_07887_, 293.94, 223.04, 0.0043993
_07893_, 293.94, 223.04, 0.0043993
FILLER_0_78_626, 293.94, 223.04, 0.0043993
FILLER_0_78_637, 293.94, 223.04, 0.0043993
FILLER_0_79_637, 293.94, 223.04, 0.0043993
_07879_, 306.74, 223.04, 0.00423229
_08425_, 306.74, 223.04, 0.00423229
_07885_, 319.54, 223.04, 0.00405992
_07902_, 319.54, 223.04, 0.00405992
_08092_, 319.54, 223.04, 0.00405992
FILLER_0_78_692, 319.54, 223.04, 0.00405992
_08542_, 344.33, 223.04, 0.00395209
_09356_, 344.33, 223.04, 0.00395209
FILLER_0_79_749, 344.33, 223.04, 0.00395209
_07225_, 356.32, 223.04, 0.00399442
_08737_, 356.32, 223.04, 0.00399442
_08749_, 356.32, 223.04, 0.00399442
_08751_, 356.32, 223.04, 0.00399442
_08755_, 356.32, 223.04, 0.00399442
ANTENNA_9, 356.32, 223.04, 0.00399442
FILLER_0_77_753, 356.32, 223.04, 0.00399442
FILLER_0_77_761, 356.32, 223.04, 0.00399442
FILLER_0_78_764, 356.32, 223.04, 0.00399442
_06295_, 368.31, 223.04, 0.00403267
_07301_, 368.31, 223.04, 0.00403267
_08707_, 368.31, 223.04, 0.00403267
_08712_, 368.31, 223.04, 0.00403267
FILLER_0_78_778, 368.31, 223.04, 0.00403267
FILLER_0_78_795, 368.31, 223.04, 0.00403267
FILLER_0_79_800, 368.31, 223.04, 0.00403267
_07300_, 380.3, 223.04, 0.004067
_07305_, 380.3, 223.04, 0.004067
_07323_, 380.3, 223.04, 0.004067
FILLER_0_78_808, 380.3, 223.04, 0.004067
FILLER_0_79_826, 380.3, 223.04, 0.004067
_07322_, 392.29, 223.04, 0.00409986
_07324_, 392.29, 223.04, 0.00409986
_07326_, 392.29, 223.04, 0.00409986
_07383_, 392.29, 223.04, 0.00409986
_07384_, 392.29, 223.04, 0.00409986
_07385_, 392.29, 223.04, 0.00409986
FILLER_0_77_833, 392.29, 223.04, 0.00409986
_07396_, 404.28, 223.04, 0.00412761
_07397_, 404.28, 223.04, 0.00412761
_07717_, 404.28, 223.04, 0.00412761
_07718_, 404.28, 223.04, 0.00412761
FILLER_0_77_866, 404.28, 223.04, 0.00412761
FILLER_0_78_863, 404.28, 223.04, 0.00412761
FILLER_0_78_869, 404.28, 223.04, 0.00412761
_07719_, 416.27, 223.04, 0.00415068
_07730_, 416.27, 223.04, 0.00415068
_07731_, 416.27, 223.04, 0.00415068
PHY_150, 5.52, 217.6, 0.00577334
PHY_152, 5.52, 217.6, 0.00577334
input30, 5.52, 217.6, 0.00577334
FILLER_0_77_7, 5.52, 217.6, 0.00577334
PHY_151, 428.26, 217.6, 0.00401508
PHY_153, 428.26, 217.6, 0.00401508
_12712_, 15.33, 217.6, 0.00577189
_12198_, 37.94, 217.6, 0.00575307
_12260_, 37.94, 217.6, 0.00575307
_12261_, 37.94, 217.6, 0.00575307
_12262_, 37.94, 217.6, 0.00575307
_12263_, 37.94, 217.6, 0.00575307
_12264_, 37.94, 217.6, 0.00575307
FILLER_0_75_69, 37.94, 217.6, 0.00575307
FILLER_0_76_67, 37.94, 217.6, 0.00575307
FILLER_0_77_72, 37.94, 217.6, 0.00575307
FILLER_0_77_80, 37.94, 217.6, 0.00575307
_12176_, 50.74, 217.6, 0.00571255
_12196_, 50.74, 217.6, 0.00571255
_12197_, 50.74, 217.6, 0.00571255
_12235_, 50.74, 217.6, 0.00571255
_12246_, 50.74, 217.6, 0.00571255
FILLER_0_75_92, 50.74, 217.6, 0.00571255
FILLER_0_76_85, 50.74, 217.6, 0.00571255
FILLER_0_76_96, 50.74, 217.6, 0.00571255
FILLER_0_76_104, 50.74, 217.6, 0.00571255
FILLER_0_77_104, 50.74, 217.6, 0.00571255
_12065_, 63.54, 217.6, 0.00565927
_12067_, 63.54, 217.6, 0.00565927
_12068_, 63.54, 217.6, 0.00565927
_12170_, 63.54, 217.6, 0.00565927
FILLER_0_75_120, 63.54, 217.6, 0.00565927
_11974_, 76.34, 217.6, 0.0056022
_12051_, 76.34, 217.6, 0.0056022
_12059_, 76.34, 217.6, 0.0056022
_12062_, 76.34, 217.6, 0.0056022
_12064_, 76.34, 217.6, 0.0056022
_11597_, 89.14, 217.6, 0.00554308
_12052_, 89.14, 217.6, 0.00554308
_12054_, 89.14, 217.6, 0.00554308
_12055_, 89.14, 217.6, 0.00554308
_12056_, 89.14, 217.6, 0.00554308
FILLER_0_76_175, 89.14, 217.6, 0.00554308
FILLER_0_76_185, 89.14, 217.6, 0.00554308
FILLER_0_76_193, 89.14, 217.6, 0.00554308
FILLER_0_77_185, 89.14, 217.6, 0.00554308
_11463_, 101.94, 217.6, 0.00548076
_11464_, 101.94, 217.6, 0.00548076
_11465_, 101.94, 217.6, 0.00548076
_11469_, 101.94, 217.6, 0.00548076
_11470_, 101.94, 217.6, 0.00548076
_11471_, 101.94, 217.6, 0.00548076
_11595_, 101.94, 217.6, 0.00548076
FILLER_0_75_198, 101.94, 217.6, 0.00548076
FILLER_0_76_197, 101.94, 217.6, 0.00548076
FILLER_0_76_222, 101.94, 217.6, 0.00548076
FILLER_0_77_220, 101.94, 217.6, 0.00548076
_11577_, 114.74, 217.6, 0.00541548
_11578_, 114.74, 217.6, 0.00541548
_11693_, 114.74, 217.6, 0.00541548
FILLER_0_75_237, 114.74, 217.6, 0.00541548
FILLER_0_76_249, 114.74, 217.6, 0.00541548
_11040_, 127.54, 217.6, 0.00534942
_11043_, 127.54, 217.6, 0.00534942
_11468_, 127.54, 217.6, 0.00534942
_11044_, 140.34, 217.6, 0.0052817
FILLER_0_76_301, 140.34, 217.6, 0.0052817
_10625_, 153.14, 217.6, 0.00521367
_11186_, 153.14, 217.6, 0.00521367
_11187_, 153.14, 217.6, 0.00521367
_11343_, 153.14, 217.6, 0.00521367
FILLER_0_76_327, 153.14, 217.6, 0.00521367
FILLER_0_77_329, 153.14, 217.6, 0.00521367
_09538_, 165.94, 217.6, 0.00514382
_10626_, 165.94, 217.6, 0.00514382
FILLER_0_77_360, 165.94, 217.6, 0.00514382
_09983_, 191.54, 217.6, 0.00499199
_09985_, 191.54, 217.6, 0.00499199
_10170_, 191.54, 217.6, 0.00499199
_11342_, 191.54, 217.6, 0.00499199
FILLER_0_75_402, 191.54, 217.6, 0.00499199
FILLER_0_76_408, 191.54, 217.6, 0.00499199
FILLER_0_77_414, 191.54, 217.6, 0.00499199
_09631_, 204.34, 217.6, 0.00490799
_09740_, 204.34, 217.6, 0.00490799
FILLER_0_76_433, 204.34, 217.6, 0.00490799
FILLER_0_77_437, 204.34, 217.6, 0.00490799
_08174_, 217.14, 217.6, 0.00481515
_09585_, 217.14, 217.6, 0.00481515
_09586_, 217.14, 217.6, 0.00481515
_09587_, 217.14, 217.6, 0.00481515
_09588_, 217.14, 217.6, 0.00481515
FILLER_0_75_459, 217.14, 217.6, 0.00481515
FILLER_0_76_469, 217.14, 217.6, 0.00481515
FILLER_0_77_468, 217.14, 217.6, 0.00481515
_08161_, 229.94, 217.6, 0.00471237
_08408_, 229.94, 217.6, 0.00471237
_09550_, 229.94, 217.6, 0.00471237
FILLER_0_77_493, 229.94, 217.6, 0.00471237
FILLER_0_77_501, 229.94, 217.6, 0.00471237
_07446_, 242.74, 217.6, 0.0045999
_09954_, 242.74, 217.6, 0.0045999
FILLER_0_76_528, 242.74, 217.6, 0.0045999
FILLER_0_77_517, 242.74, 217.6, 0.0045999
_09755_, 255.54, 217.6, 0.00448388
_09756_, 255.54, 217.6, 0.00448388
_09759_, 255.54, 217.6, 0.00448388
_09958_, 255.54, 217.6, 0.00448388
_09961_, 255.54, 217.6, 0.00448388
_10153_, 255.54, 217.6, 0.00448388
FILLER_0_75_539, 255.54, 217.6, 0.00448388
FILLER_0_76_537, 255.54, 217.6, 0.00448388
FILLER_0_77_545, 255.54, 217.6, 0.00448388
FILLER_0_77_551, 255.54, 217.6, 0.00448388
_07764_, 268.34, 217.6, 0.0043593
_09744_, 268.34, 217.6, 0.0043593
_09746_, 268.34, 217.6, 0.0043593
_09747_, 268.34, 217.6, 0.0043593
_09956_, 268.34, 217.6, 0.0043593
_09957_, 268.34, 217.6, 0.0043593
FILLER_0_75_561, 268.34, 217.6, 0.0043593
FILLER_0_76_581, 268.34, 217.6, 0.0043593
FILLER_0_77_573, 268.34, 217.6, 0.0043593
_07894_, 281.14, 217.6, 0.00423217
_07897_, 281.14, 217.6, 0.00423217
FILLER_0_75_599, 281.14, 217.6, 0.00423217
FILLER_0_76_607, 281.14, 217.6, 0.00423217
FILLER_0_77_612, 281.14, 217.6, 0.00423217
_07868_, 293.94, 217.6, 0.00410346
_07886_, 293.94, 217.6, 0.00410346
_07891_, 293.94, 217.6, 0.00410346
_07899_, 293.94, 217.6, 0.00410346
_07903_, 293.94, 217.6, 0.00410346
_07910_, 293.94, 217.6, 0.00410346
FILLER_0_76_621, 293.94, 217.6, 0.00410346
FILLER_0_76_638, 293.94, 217.6, 0.00410346
_07904_, 306.74, 217.6, 0.00396899
_07911_, 306.74, 217.6, 0.00396899
_07912_, 306.74, 217.6, 0.00396899
FILLER_0_77_661, 306.74, 217.6, 0.00396899
_08093_, 319.54, 217.6, 0.00382968
_08114_, 319.54, 217.6, 0.00382968
_08115_, 319.54, 217.6, 0.00382968
_08116_, 319.54, 217.6, 0.00382968
_08482_, 344.33, 217.6, 0.00380843
_08543_, 344.33, 217.6, 0.00380843
_09357_, 344.33, 217.6, 0.00380843
FILLER_0_75_736, 344.33, 217.6, 0.00380843
FILLER_0_76_748, 344.33, 217.6, 0.00380843
_08720_, 356.32, 217.6, 0.00385068
_08721_, 356.32, 217.6, 0.00385068
_08752_, 356.32, 217.6, 0.00385068
FILLER_0_76_774, 356.32, 217.6, 0.00385068
_08708_, 368.31, 217.6, 0.00388991
_08711_, 368.31, 217.6, 0.00388991
_08716_, 368.31, 217.6, 0.00388991
FILLER_0_77_797, 368.31, 217.6, 0.00388991
_07302_, 380.3, 217.6, 0.00392824
_07303_, 380.3, 217.6, 0.00392824
_07307_, 380.3, 217.6, 0.00392824
FILLER_0_76_813, 380.3, 217.6, 0.00392824
_07308_, 392.29, 217.6, 0.00396415
_07320_, 392.29, 217.6, 0.00396415
FILLER_0_75_836, 392.29, 217.6, 0.00396415
FILLER_0_77_853, 392.29, 217.6, 0.00396415
_07398_, 404.28, 217.6, 0.00399912
_08480_, 404.28, 217.6, 0.00399912
FILLER_0_76_857, 404.28, 217.6, 0.00399912
FILLER_0_76_865, 404.28, 217.6, 0.00399912
_07715_, 416.27, 217.6, 0.00401508
_12740_, 416.27, 217.6, 0.00401508
_12713_, 5.52, 212.16, 0.00568235
PHY_146, 5.52, 212.16, 0.00568235
PHY_148, 5.52, 212.16, 0.00568235
FILLER_0_74_3, 5.52, 212.16, 0.00568235
PHY_147, 428.26, 212.16, 0.00382121
PHY_149, 428.26, 212.16, 0.00382121
fanout163, 428.26, 212.16, 0.00382121
_12602_, 15.33, 212.16, 0.00567567
_12603_, 15.33, 212.16, 0.00567567
_12259_, 37.94, 212.16, 0.00564946
_12316_, 37.94, 212.16, 0.00564946
_12317_, 37.94, 212.16, 0.00564946
_12318_, 37.94, 212.16, 0.00564946
FILLER_0_73_57, 37.94, 212.16, 0.00564946
FILLER_0_74_74, 37.94, 212.16, 0.00564946
FILLER_0_75_84, 37.94, 212.16, 0.00564946
_12244_, 50.74, 212.16, 0.00560641
_12245_, 50.74, 212.16, 0.00560641
FILLER_0_73_96, 50.74, 212.16, 0.00560641
FILLER_0_75_108, 50.74, 212.16, 0.00560641
_12060_, 63.54, 212.16, 0.00556058
_12061_, 63.54, 212.16, 0.00556058
_12066_, 63.54, 212.16, 0.00556058
_12242_, 63.54, 212.16, 0.00556058
FILLER_0_74_133, 63.54, 212.16, 0.00556058
_12057_, 76.34, 212.16, 0.0055116
_12058_, 76.34, 212.16, 0.0055116
_12063_, 76.34, 212.16, 0.0055116
_12164_, 76.34, 212.16, 0.0055116
_12165_, 76.34, 212.16, 0.0055116
FILLER_0_75_162, 76.34, 212.16, 0.0055116
_11596_, 89.14, 212.16, 0.00546015
_11727_, 89.14, 212.16, 0.00546015
_12161_, 89.14, 212.16, 0.00546015
FILLER_0_73_174, 89.14, 212.16, 0.00546015
FILLER_0_74_192, 89.14, 212.16, 0.00546015
_11354_, 101.94, 212.16, 0.00540398
_11594_, 101.94, 212.16, 0.00540398
_11724_, 101.94, 212.16, 0.00540398
_11725_, 101.94, 212.16, 0.00540398
FILLER_0_73_198, 101.94, 212.16, 0.00540398
FILLER_0_74_217, 101.94, 212.16, 0.00540398
_11339_, 114.74, 212.16, 0.00534343
_11462_, 114.74, 212.16, 0.00534343
_11475_, 114.74, 212.16, 0.00534343
_11694_, 114.74, 212.16, 0.00534343
FILLER_0_74_240, 114.74, 212.16, 0.00534343
FILLER_0_74_248, 114.74, 212.16, 0.00534343
FILLER_0_75_249, 114.74, 212.16, 0.00534343
_07036_, 127.54, 212.16, 0.00528094
_09731_, 127.54, 212.16, 0.00528094
_10708_, 127.54, 212.16, 0.00528094
_11352_, 127.54, 212.16, 0.00528094
_11466_, 127.54, 212.16, 0.00528094
_11467_, 127.54, 212.16, 0.00528094
FILLER_0_74_253, 127.54, 212.16, 0.00528094
FILLER_0_74_261, 127.54, 212.16, 0.00528094
FILLER_0_74_276, 127.54, 212.16, 0.00528094
_11353_, 140.34, 212.16, 0.00521083
_11587_, 140.34, 212.16, 0.00521083
_11588_, 140.34, 212.16, 0.00521083
_11589_, 140.34, 212.16, 0.00521083
_11592_, 140.34, 212.16, 0.00521083
FILLER_0_73_292, 140.34, 212.16, 0.00521083
FILLER_0_74_292, 140.34, 212.16, 0.00521083
FILLER_0_74_302, 140.34, 212.16, 0.00521083
_07025_, 153.14, 212.16, 0.00513762
_07035_, 153.14, 212.16, 0.00513762
_09656_, 153.14, 212.16, 0.00513762
FILLER_0_74_309, 153.14, 212.16, 0.00513762
FILLER_0_75_329, 153.14, 212.16, 0.00513762
_10338_, 165.94, 212.16, 0.00505923
_10522_, 165.94, 212.16, 0.00505923
_10523_, 165.94, 212.16, 0.00505923
FILLER_0_73_345, 165.94, 212.16, 0.00505923
FILLER_0_74_349, 165.94, 212.16, 0.00505923
_09766_, 191.54, 212.16, 0.00490622
_09767_, 191.54, 212.16, 0.00490622
_09980_, 191.54, 212.16, 0.00490622
_09984_, 191.54, 212.16, 0.00490622
_10194_, 191.54, 212.16, 0.00490622
_10195_, 191.54, 212.16, 0.00490622
FILLER_0_74_410, 191.54, 212.16, 0.00490622
_09549_, 204.34, 212.16, 0.00481223
_09798_, 204.34, 212.16, 0.00481223
_10019_, 204.34, 212.16, 0.00481223
FILLER_0_75_437, 204.34, 212.16, 0.00481223
FILLER_0_75_445, 204.34, 212.16, 0.00481223
_08406_, 217.14, 212.16, 0.00470387
_09760_, 217.14, 212.16, 0.00470387
_07927_, 229.94, 212.16, 0.00458774
_09580_, 229.94, 212.16, 0.00458774
_09581_, 229.94, 212.16, 0.00458774
_09963_, 229.94, 212.16, 0.00458774
FILLER_0_73_485, 229.94, 212.16, 0.00458774
FILLER_0_74_477, 229.94, 212.16, 0.00458774
FILLER_0_74_491, 229.94, 212.16, 0.00458774
FILLER_0_75_488, 229.94, 212.16, 0.00458774
_09960_, 242.74, 212.16, 0.00445949
_09962_, 242.74, 212.16, 0.00445949
_10152_, 242.74, 212.16, 0.00445949
_10154_, 242.74, 212.16, 0.00445949
FILLER_0_74_508, 242.74, 212.16, 0.00445949
FILLER_0_74_516, 242.74, 212.16, 0.00445949
_09757_, 255.54, 212.16, 0.00432502
_09959_, 255.54, 212.16, 0.00432502
FILLER_0_73_541, 255.54, 212.16, 0.00432502
FILLER_0_75_552, 255.54, 212.16, 0.00432502
_09552_, 268.34, 212.16, 0.00418933
_09553_, 268.34, 212.16, 0.00418933
_09554_, 268.34, 212.16, 0.00418933
_09745_, 268.34, 212.16, 0.00418933
FILLER_0_74_563, 268.34, 212.16, 0.00418933
FILLER_0_74_571, 268.34, 212.16, 0.00418933
FILLER_0_75_579, 268.34, 212.16, 0.00418933
_07896_, 281.14, 212.16, 0.00405207
_07898_, 281.14, 212.16, 0.00405207
_07918_, 281.14, 212.16, 0.00405207
_08080_, 281.14, 212.16, 0.00405207
FILLER_0_74_589, 281.14, 212.16, 0.00405207
FILLER_0_74_603, 281.14, 212.16, 0.00405207
FILLER_0_74_611, 281.14, 212.16, 0.00405207
FILLER_0_75_608, 281.14, 212.16, 0.00405207
_07901_, 293.94, 212.16, 0.00390508
_07916_, 293.94, 212.16, 0.00390508
FILLER_0_75_636, 293.94, 212.16, 0.00390508
_07907_, 306.74, 212.16, 0.00375577
_07915_, 306.74, 212.16, 0.00375577
_08089_, 306.74, 212.16, 0.00375577
FILLER_0_74_641, 306.74, 212.16, 0.00375577
FILLER_0_74_645, 306.74, 212.16, 0.00375577
FILLER_0_74_653, 306.74, 212.16, 0.00375577
_08091_, 319.54, 212.16, 0.00360025
_08118_, 319.54, 212.16, 0.00360025
FILLER_0_73_682, 319.54, 212.16, 0.00360025
_07759_, 344.33, 212.16, 0.00352588
_08479_, 344.33, 212.16, 0.00352588
_08544_, 344.33, 212.16, 0.00352588
_08545_, 344.33, 212.16, 0.00352588
_08719_, 344.33, 212.16, 0.00352588
FILLER_0_74_742, 344.33, 212.16, 0.00352588
FILLER_0_75_744, 344.33, 212.16, 0.00352588
_08697_, 356.32, 212.16, 0.00358178
_08699_, 356.32, 212.16, 0.00358178
_08717_, 356.32, 212.16, 0.00358178
FILLER_0_74_752, 356.32, 212.16, 0.00358178
FILLER_0_75_772, 356.32, 212.16, 0.00358178
_08709_, 368.31, 212.16, 0.00363618
_08713_, 368.31, 212.16, 0.00363618
_08714_, 368.31, 212.16, 0.00363618
_08746_, 368.31, 212.16, 0.00363618
FILLER_0_73_780, 368.31, 212.16, 0.00363618
FILLER_0_74_776, 368.31, 212.16, 0.00363618
FILLER_0_74_786, 368.31, 212.16, 0.00363618
_07241_, 380.3, 212.16, 0.00368786
_07309_, 380.3, 212.16, 0.00368786
FILLER_0_74_803, 380.3, 212.16, 0.00368786
FILLER_0_74_819, 380.3, 212.16, 0.00368786
FILLER_0_75_826, 380.3, 212.16, 0.00368786
_07296_, 392.29, 212.16, 0.00373645
_07315_, 392.29, 212.16, 0.00373645
_07319_, 392.29, 212.16, 0.00373645
_07321_, 392.29, 212.16, 0.00373645
_07379_, 392.29, 212.16, 0.00373645
FILLER_0_75_853, 392.29, 212.16, 0.00373645
_07343_, 404.28, 212.16, 0.00378248
_07380_, 404.28, 212.16, 0.00378248
_07399_, 404.28, 212.16, 0.00378248
_07400_, 404.28, 212.16, 0.00378248
_07714_, 404.28, 212.16, 0.00378248
FILLER_0_74_858, 404.28, 212.16, 0.00378248
FILLER_0_74_877, 404.28, 212.16, 0.00378248
_07732_, 416.27, 212.16, 0.00381925
_07733_, 416.27, 212.16, 0.00381925
_08477_, 416.27, 212.16, 0.00381925
FILLER_0_74_900, 416.27, 212.16, 0.00381925
_12607_, 5.52, 206.72, 0.00555486
PHY_142, 5.52, 206.72, 0.00555486
PHY_144, 5.52, 206.72, 0.00555486
output101, 5.52, 206.72, 0.00555486
FILLER_0_73_3, 5.52, 206.72, 0.00555486
PHY_143, 428.26, 206.72, 0.00354119
PHY_145, 428.26, 206.72, 0.00354119
input65, 428.26, 206.72, 0.00354119
_12601_, 15.33, 206.72, 0.00554452
FILLER_0_72_21, 15.33, 206.72, 0.00554452
_12374_, 37.94, 206.72, 0.00551045
_12375_, 37.94, 206.72, 0.00551045
FILLER_0_71_66, 37.94, 206.72, 0.00551045
FILLER_0_72_75, 37.94, 206.72, 0.00551045
_12241_, 50.74, 206.72, 0.00547792
_12243_, 50.74, 206.72, 0.00547792
_12301_, 50.74, 206.72, 0.00547792
_12302_, 50.74, 206.72, 0.00547792
_12303_, 50.74, 206.72, 0.00547792
FILLER_0_72_111, 50.74, 206.72, 0.00547792
_12167_, 63.54, 206.72, 0.00544032
_12168_, 63.54, 206.72, 0.00544032
_12169_, 63.54, 206.72, 0.00544032
_12296_, 63.54, 206.72, 0.00544032
_12297_, 63.54, 206.72, 0.00544032
FILLER_0_72_120, 63.54, 206.72, 0.00544032
FILLER_0_72_130, 63.54, 206.72, 0.00544032
_12158_, 76.34, 206.72, 0.00539978
_12160_, 76.34, 206.72, 0.00539978
_12162_, 76.34, 206.72, 0.00539978
_12163_, 76.34, 206.72, 0.00539978
_12166_, 76.34, 206.72, 0.00539978
_12239_, 76.34, 206.72, 0.00539978
_12240_, 76.34, 206.72, 0.00539978
_12299_, 76.34, 206.72, 0.00539978
FILLER_0_72_146, 76.34, 206.72, 0.00539978
FILLER_0_72_157, 76.34, 206.72, 0.00539978
FILLER_0_73_155, 76.34, 206.72, 0.00539978
_11803_, 89.14, 206.72, 0.00535494
_12053_, 89.14, 206.72, 0.00535494
FILLER_0_72_187, 89.14, 206.72, 0.00535494
_11726_, 101.94, 206.72, 0.00530957
_11830_, 101.94, 206.72, 0.00530957
FILLER_0_73_216, 101.94, 206.72, 0.00530957
_11473_, 114.74, 206.72, 0.00526016
_11474_, 114.74, 206.72, 0.00526016
_11586_, 114.74, 206.72, 0.00526016
_11722_, 114.74, 206.72, 0.00526016
FILLER_0_71_228, 114.74, 206.72, 0.00526016
_11590_, 127.54, 206.72, 0.00520826
_11593_, 127.54, 206.72, 0.00520826
max_cap4, 127.54, 206.72, 0.00520826
FILLER_0_72_265, 127.54, 206.72, 0.00520826
_11591_, 140.34, 206.72, 0.00515423
_11715_, 140.34, 206.72, 0.00515423
_11716_, 140.34, 206.72, 0.00515423
_11718_, 140.34, 206.72, 0.00515423
FILLER_0_72_303, 140.34, 206.72, 0.00515423
_10524_, 153.14, 206.72, 0.00509798
_10628_, 153.14, 206.72, 0.00509798
_11710_, 153.14, 206.72, 0.00509798
_11711_, 153.14, 206.72, 0.00509798
FILLER_0_72_326, 153.14, 206.72, 0.00509798
FILLER_0_73_327, 153.14, 206.72, 0.00509798
_10350_, 165.94, 206.72, 0.00502572
_10351_, 165.94, 206.72, 0.00502572
_10352_, 165.94, 206.72, 0.00502572
_10510_, 165.94, 206.72, 0.00502572
_10511_, 165.94, 206.72, 0.00502572
_10512_, 165.94, 206.72, 0.00502572
_10526_, 165.94, 206.72, 0.00502572
_10624_, 165.94, 206.72, 0.00502572
FILLER_0_72_356, 165.94, 206.72, 0.00502572
_10018_, 191.54, 206.72, 0.00488975
_10198_, 191.54, 206.72, 0.00488975
_10199_, 191.54, 206.72, 0.00488975
FILLER_0_71_393, 191.54, 206.72, 0.00488975
FILLER_0_71_404, 191.54, 206.72, 0.00488975
FILLER_0_72_396, 191.54, 206.72, 0.00488975
FILLER_0_73_415, 191.54, 206.72, 0.00488975
_07920_, 204.34, 206.72, 0.00481772
_09800_, 204.34, 206.72, 0.00481772
_10020_, 204.34, 206.72, 0.00481772
FILLER_0_71_422, 204.34, 206.72, 0.00481772
FILLER_0_72_421, 204.34, 206.72, 0.00481772
FILLER_0_72_432, 204.34, 206.72, 0.00481772
FILLER_0_72_440, 204.34, 206.72, 0.00481772
FILLER_0_73_437, 204.34, 206.72, 0.00481772
FILLER_0_73_445, 204.34, 206.72, 0.00481772
_08077_, 217.14, 206.72, 0.00471453
_08078_, 217.14, 206.72, 0.00471453
_08079_, 217.14, 206.72, 0.00471453
_09633_, 217.14, 206.72, 0.00471453
_09799_, 217.14, 206.72, 0.00471453
FILLER_0_72_466, 217.14, 206.72, 0.00471453
_07919_, 229.94, 206.72, 0.00457954
_08137_, 229.94, 206.72, 0.00457954
_08159_, 229.94, 206.72, 0.00457954
_08160_, 229.94, 206.72, 0.00457954
_08179_, 229.94, 206.72, 0.00457954
FILLER_0_72_499, 229.94, 206.72, 0.00457954
FILLER_0_73_501, 229.94, 206.72, 0.00457954
_06611_, 242.74, 206.72, 0.00443481
_07440_, 242.74, 206.72, 0.00443481
_07441_, 242.74, 206.72, 0.00443481
_07460_, 242.74, 206.72, 0.00443481
_07464_, 242.74, 206.72, 0.00443481
FILLER_0_72_512, 242.74, 206.72, 0.00443481
FILLER_0_72_520, 242.74, 206.72, 0.00443481
_07444_, 255.54, 206.72, 0.00428592
_07447_, 255.54, 206.72, 0.00428592
_07457_, 255.54, 206.72, 0.00428592
_07465_, 255.54, 206.72, 0.00428592
_07466_, 255.54, 206.72, 0.00428592
_07692_, 255.54, 206.72, 0.00428592
FILLER_0_72_542, 255.54, 206.72, 0.00428592
_08082_, 268.34, 206.72, 0.00412854
_08123_, 268.34, 206.72, 0.00412854
FILLER_0_72_581, 268.34, 206.72, 0.00412854
FILLER_0_73_585, 268.34, 206.72, 0.00412854
_07917_, 281.14, 206.72, 0.0039654
FILLER_0_72_613, 281.14, 206.72, 0.0039654
_07913_, 293.94, 206.72, 0.00379946
_07914_, 293.94, 206.72, 0.00379946
_08083_, 293.94, 206.72, 0.00379946
_08121_, 293.94, 206.72, 0.00379946
_08122_, 293.94, 206.72, 0.00379946
FILLER_0_72_635, 293.94, 206.72, 0.00379946
_08086_, 306.74, 206.72, 0.00361879
FILLER_0_72_645, 306.74, 206.72, 0.00361879
FILLER_0_73_665, 306.74, 206.72, 0.00361879
_08088_, 319.54, 206.72, 0.00343588
_08117_, 319.54, 206.72, 0.00343588
_08421_, 319.54, 206.72, 0.00343588
_08427_, 319.54, 206.72, 0.00343588
FILLER_0_71_680, 319.54, 206.72, 0.00343588
FILLER_0_72_691, 319.54, 206.72, 0.00343588
_08698_, 344.33, 206.72, 0.00328502
FILLER_0_73_738, 344.33, 206.72, 0.00328502
_08715_, 356.32, 206.72, 0.00333137
_08718_, 356.32, 206.72, 0.00333137
_08740_, 356.32, 206.72, 0.00333137
_08742_, 356.32, 206.72, 0.00333137
FILLER_0_72_757, 356.32, 206.72, 0.00333137
FILLER_0_72_770, 356.32, 206.72, 0.00333137
_08710_, 368.31, 206.72, 0.00337587
_08745_, 368.31, 206.72, 0.00337587
_08747_, 368.31, 206.72, 0.00337587
_08754_, 368.31, 206.72, 0.00337587
FILLER_0_71_781, 368.31, 206.72, 0.00337587
FILLER_0_72_783, 368.31, 206.72, 0.00337587
_07297_, 380.3, 206.72, 0.0034172
_07298_, 380.3, 206.72, 0.0034172
FILLER_0_71_809, 380.3, 206.72, 0.0034172
FILLER_0_72_805, 380.3, 206.72, 0.0034172
FILLER_0_72_826, 380.3, 206.72, 0.0034172
FILLER_0_73_819, 380.3, 206.72, 0.0034172
_07312_, 392.29, 206.72, 0.00345797
_07327_, 392.29, 206.72, 0.00345797
FILLER_0_71_831, 392.29, 206.72, 0.00345797
FILLER_0_73_841, 392.29, 206.72, 0.00345797
FILLER_0_73_850, 392.29, 206.72, 0.00345797
FILLER_0_71_860, 404.28, 206.72, 0.00349812
FILLER_0_72_859, 404.28, 206.72, 0.00349812
_07712_, 416.27, 206.72, 0.00353826
_07734_, 416.27, 206.72, 0.00353826
_07735_, 416.27, 206.72, 0.00353826
_12775_, 416.27, 206.72, 0.00353826
fanout157, 416.27, 206.72, 0.00353826
FILLER_0_72_890, 416.27, 206.72, 0.00353826
FILLER_0_73_897, 416.27, 206.72, 0.00353826
_12587_, 5.52, 201.28, 0.00542354
PHY_138, 5.52, 201.28, 0.00542354
PHY_140, 5.52, 201.28, 0.00542354
FILLER_0_70_3, 5.52, 201.28, 0.00542354
FILLER_0_71_3, 5.52, 201.28, 0.00542354
PHY_139, 428.26, 201.28, 0.00331764
PHY_141, 428.26, 201.28, 0.00331764
FILLER_0_69_909, 428.26, 201.28, 0.00331764
FILLER_0_70_909, 428.26, 201.28, 0.00331764
_12570_, 15.33, 201.28, 0.00542077
_12585_, 15.33, 201.28, 0.00542077
_12586_, 15.33, 201.28, 0.00542077
_12600_, 15.33, 201.28, 0.00542077
FILLER_0_70_24, 15.33, 201.28, 0.00542077
_12313_, 37.94, 201.28, 0.00537881
_12315_, 37.94, 201.28, 0.00537881
_12372_, 37.94, 201.28, 0.00537881
_12373_, 37.94, 201.28, 0.00537881
_12422_, 37.94, 201.28, 0.00537881
FILLER_0_69_69, 37.94, 201.28, 0.00537881
_12238_, 50.74, 201.28, 0.0053388
_12295_, 50.74, 201.28, 0.0053388
_12314_, 50.74, 201.28, 0.0053388
_12367_, 50.74, 201.28, 0.0053388
_12371_, 50.74, 201.28, 0.0053388
FILLER_0_70_85, 50.74, 201.28, 0.0053388
FILLER_0_70_100, 50.74, 201.28, 0.0053388
FILLER_0_71_99, 50.74, 201.28, 0.0053388
_12236_, 63.54, 201.28, 0.00529451
_12237_, 63.54, 201.28, 0.00529451
FILLER_0_69_126, 63.54, 201.28, 0.00529451
FILLER_0_71_137, 63.54, 201.28, 0.00529451
_11838_, 76.34, 201.28, 0.0052496
_12159_, 76.34, 201.28, 0.0052496
_12298_, 76.34, 201.28, 0.0052496
_12300_, 76.34, 201.28, 0.0052496
FILLER_0_71_164, 76.34, 201.28, 0.0052496
_11833_, 89.14, 201.28, 0.0052005
_11834_, 89.14, 201.28, 0.0052005
_11835_, 89.14, 201.28, 0.0052005
FILLER_0_70_170, 89.14, 201.28, 0.0052005
FILLER_0_70_186, 89.14, 201.28, 0.0052005
FILLER_0_71_193, 89.14, 201.28, 0.0052005
_11723_, 101.94, 201.28, 0.00514398
_11829_, 101.94, 201.28, 0.00514398
_11831_, 101.94, 201.28, 0.00514398
_11922_, 101.94, 201.28, 0.00514398
FILLER_0_70_197, 101.94, 201.28, 0.00514398
FILLER_0_70_216, 101.94, 201.28, 0.00514398
_11580_, 114.74, 201.28, 0.00508155
_11581_, 114.74, 201.28, 0.00508155
_11582_, 114.74, 201.28, 0.00508155
_11583_, 114.74, 201.28, 0.00508155
_11585_, 114.74, 201.28, 0.00508155
_11706_, 114.74, 201.28, 0.00508155
_11707_, 114.74, 201.28, 0.00508155
_11708_, 114.74, 201.28, 0.00508155
FILLER_0_70_227, 114.74, 201.28, 0.00508155
FILLER_0_70_233, 114.74, 201.28, 0.00508155
FILLER_0_70_245, 114.74, 201.28, 0.00508155
_11584_, 127.54, 201.28, 0.00501378
_11719_, 127.54, 201.28, 0.00501378
_11720_, 127.54, 201.28, 0.00501378
_11721_, 127.54, 201.28, 0.00501378
max_cap140, 127.54, 201.28, 0.00501378
FILLER_0_70_270, 127.54, 201.28, 0.00501378
_11712_, 140.34, 201.28, 0.00494285
_11713_, 140.34, 201.28, 0.00494285
_11714_, 140.34, 201.28, 0.00494285
_11717_, 140.34, 201.28, 0.00494285
_11820_, 140.34, 201.28, 0.00494285
_11821_, 140.34, 201.28, 0.00494285
_11823_, 140.34, 201.28, 0.00494285
_11824_, 140.34, 201.28, 0.00494285
FILLER_0_70_284, 140.34, 201.28, 0.00494285
FILLER_0_70_291, 140.34, 201.28, 0.00494285
_11709_, 153.14, 201.28, 0.00486834
_11818_, 153.14, 201.28, 0.00486834
_11819_, 153.14, 201.28, 0.00486834
FILLER_0_70_328, 153.14, 201.28, 0.00486834
FILLER_0_71_332, 153.14, 201.28, 0.00486834
_10509_, 165.94, 201.28, 0.00479232
_10623_, 165.94, 201.28, 0.00479232
_10021_, 191.54, 201.28, 0.00463486
_10196_, 191.54, 201.28, 0.00463486
_10197_, 191.54, 201.28, 0.00463486
FILLER_0_70_412, 191.54, 201.28, 0.00463486
FILLER_0_71_412, 191.54, 201.28, 0.00463486
FILLER_0_70_445, 204.34, 201.28, 0.0045312
_08125_, 217.14, 201.28, 0.00442755
_09548_, 217.14, 201.28, 0.00442755
FILLER_0_70_453, 217.14, 201.28, 0.00442755
FILLER_0_71_468, 217.14, 201.28, 0.00442755
_08178_, 229.94, 201.28, 0.00430158
_09802_, 229.94, 201.28, 0.00430158
FILLER_0_69_487, 229.94, 201.28, 0.00430158
FILLER_0_70_489, 229.94, 201.28, 0.00430158
_07459_, 242.74, 201.28, 0.00417498
_07461_, 242.74, 201.28, 0.00417498
_08820_, 242.74, 201.28, 0.00417498
FILLER_0_69_505, 242.74, 201.28, 0.00417498
FILLER_0_70_502, 242.74, 201.28, 0.00417498
FILLER_0_70_515, 242.74, 201.28, 0.00417498
FILLER_0_70_526, 242.74, 201.28, 0.00417498
FILLER_0_71_527, 242.74, 201.28, 0.00417498
_07456_, 255.54, 201.28, 0.00404653
_07691_, 255.54, 201.28, 0.00404653
_07693_, 255.54, 201.28, 0.00404653
_08819_, 255.54, 201.28, 0.00404653
FILLER_0_70_543, 255.54, 201.28, 0.00404653
FILLER_0_70_549, 255.54, 201.28, 0.00404653
_08124_, 268.34, 201.28, 0.00391236
_08412_, 268.34, 201.28, 0.00391236
_08413_, 268.34, 201.28, 0.00391236
_08414_, 268.34, 201.28, 0.00391236
_09965_, 268.34, 201.28, 0.00391236
FILLER_0_70_567, 268.34, 201.28, 0.00391236
_08410_, 281.14, 201.28, 0.00374411
_08411_, 281.14, 201.28, 0.00374411
_08454_, 281.14, 201.28, 0.00374411
FILLER_0_70_589, 281.14, 201.28, 0.00374411
FILLER_0_71_611, 281.14, 201.28, 0.00374411
_08085_, 293.94, 201.28, 0.00357347
_08417_, 293.94, 201.28, 0.00357347
_08418_, 293.94, 201.28, 0.00357347
_08419_, 293.94, 201.28, 0.00357347
FILLER_0_70_614, 293.94, 201.28, 0.00357347
FILLER_0_70_636, 293.94, 201.28, 0.00357347
_08119_, 306.74, 201.28, 0.00338699
_08120_, 306.74, 201.28, 0.00338699
_08409_, 306.74, 201.28, 0.00338699
_08423_, 306.74, 201.28, 0.00338699
FILLER_0_69_641, 306.74, 201.28, 0.00338699
FILLER_0_70_645, 306.74, 201.28, 0.00338699
FILLER_0_71_655, 306.74, 201.28, 0.00338699
_08422_, 319.54, 201.28, 0.0031788
_08452_, 319.54, 201.28, 0.0031788
FILLER_0_69_673, 319.54, 201.28, 0.0031788
FILLER_0_69_681, 319.54, 201.28, 0.0031788
FILLER_0_70_693, 319.54, 201.28, 0.0031788
_08546_, 344.33, 201.28, 0.00305332
_08547_, 344.33, 201.28, 0.00305332
_08741_, 344.33, 201.28, 0.00305332
_08743_, 344.33, 201.28, 0.00305332
_08765_, 344.33, 201.28, 0.00305332
FILLER_0_70_736, 344.33, 201.28, 0.00305332
_07418_, 356.32, 201.28, 0.00310766
FILLER_0_70_750, 356.32, 201.28, 0.00310766
FILLER_0_70_757, 356.32, 201.28, 0.00310766
FILLER_0_70_773, 356.32, 201.28, 0.00310766
_08748_, 368.31, 201.28, 0.00315789
FILLER_0_69_785, 368.31, 201.28, 0.00315789
_07299_, 380.3, 201.28, 0.00320643
_07316_, 380.3, 201.28, 0.00320643
_07317_, 380.3, 201.28, 0.00320643
_08759_, 380.3, 201.28, 0.00320643
FILLER_0_70_813, 380.3, 201.28, 0.00320643
FILLER_0_71_817, 380.3, 201.28, 0.00320643
_07304_, 392.29, 201.28, 0.00325182
_07313_, 392.29, 201.28, 0.00325182
_07318_, 392.29, 201.28, 0.00325182
_07351_, 392.29, 201.28, 0.00325182
FILLER_0_70_841, 392.29, 201.28, 0.00325182
_07328_, 404.28, 201.28, 0.00329364
_07376_, 404.28, 201.28, 0.00329364
_07402_, 404.28, 201.28, 0.00329364
_07711_, 404.28, 201.28, 0.00329364
_08474_, 416.27, 201.28, 0.00331764
FILLER_0_69_887, 416.27, 201.28, 0.00331764
_12571_, 5.52, 195.84, 0.00533356
PHY_134, 5.52, 195.84, 0.00533356
PHY_136, 5.52, 195.84, 0.00533356
FILLER_0_68_3, 5.52, 195.84, 0.00533356
PHY_135, 428.26, 195.84, 0.00301791
PHY_137, 428.26, 195.84, 0.00301791
output91, 428.26, 195.84, 0.00301791
FILLER_0_67_909, 428.26, 195.84, 0.00301791
FILLER_0_68_913, 428.26, 195.84, 0.00301791
_12568_, 15.33, 195.84, 0.00532656
_12569_, 15.33, 195.84, 0.00532656
_12710_, 15.33, 195.84, 0.00532656
_12370_, 37.94, 195.84, 0.00525658
FILLER_0_67_69, 37.94, 195.84, 0.00525658
FILLER_0_68_80, 37.94, 195.84, 0.00525658
FILLER_0_69_104, 50.74, 195.84, 0.00521679
_11837_, 63.54, 195.84, 0.005177
_11934_, 63.54, 195.84, 0.005177
_11935_, 63.54, 195.84, 0.005177
FILLER_0_68_133, 63.54, 195.84, 0.005177
_11836_, 76.34, 195.84, 0.00512797
_11932_, 76.34, 195.84, 0.00512797
_11933_, 76.34, 195.84, 0.00512797
FILLER_0_67_144, 76.34, 195.84, 0.00512797
FILLER_0_69_162, 76.34, 195.84, 0.00512797
_11832_, 89.14, 195.84, 0.00507406
_11923_, 89.14, 195.84, 0.00507406
_11924_, 89.14, 195.84, 0.00507406
_11925_, 89.14, 195.84, 0.00507406
FILLER_0_68_187, 89.14, 195.84, 0.00507406
FILLER_0_69_188, 89.14, 195.84, 0.00507406
_11828_, 101.94, 195.84, 0.00500951
FILLER_0_67_207, 101.94, 195.84, 0.00500951
FILLER_0_68_216, 101.94, 195.84, 0.00500951
FILLER_0_69_220, 101.94, 195.84, 0.00500951
_11703_, 114.74, 195.84, 0.00494247
_11704_, 114.74, 195.84, 0.00494247
_11705_, 114.74, 195.84, 0.00494247
max_cap142, 114.74, 195.84, 0.00494247
FILLER_0_67_237, 114.74, 195.84, 0.00494247
FILLER_0_68_224, 114.74, 195.84, 0.00494247
FILLER_0_68_230, 114.74, 195.84, 0.00494247
_11825_, 127.54, 195.84, 0.00487349
_11827_, 127.54, 195.84, 0.00487349
FILLER_0_68_272, 127.54, 195.84, 0.00487349
_11822_, 140.34, 195.84, 0.00480123
FILLER_0_69_301, 140.34, 195.84, 0.00480123
_11817_, 153.14, 195.84, 0.00472791
FILLER_0_68_333, 153.14, 195.84, 0.00472791
FILLER_0_69_327, 153.14, 195.84, 0.00472791
_10155_, 165.94, 195.84, 0.00465421
_10168_, 165.94, 195.84, 0.00465421
_10347_, 165.94, 195.84, 0.00465421
_10348_, 165.94, 195.84, 0.00465421
_10349_, 165.94, 195.84, 0.00465421
FILLER_0_67_344, 165.94, 195.84, 0.00465421
FILLER_0_68_359, 165.94, 195.84, 0.00465421
FILLER_0_69_361, 165.94, 195.84, 0.00465421
_09762_, 191.54, 195.84, 0.00446746
_09763_, 191.54, 195.84, 0.00446746
_09765_, 191.54, 195.84, 0.00446746
_09973_, 191.54, 195.84, 0.00446746
_09978_, 191.54, 195.84, 0.00446746
FILLER_0_68_393, 191.54, 195.84, 0.00446746
FILLER_0_69_405, 191.54, 195.84, 0.00446746
_06718_, 204.34, 195.84, 0.00435665
_09583_, 204.34, 195.84, 0.00435665
_09584_, 204.34, 195.84, 0.00435665
_09688_, 204.34, 195.84, 0.00435665
_09761_, 204.34, 195.84, 0.00435665
FILLER_0_67_431, 204.34, 195.84, 0.00435665
FILLER_0_68_426, 204.34, 195.84, 0.00435665
_09875_, 217.14, 195.84, 0.00424205
_09876_, 217.14, 195.84, 0.00424205
FILLER_0_68_472, 217.14, 195.84, 0.00424205
FILLER_0_69_461, 217.14, 195.84, 0.00424205
_08561_, 229.94, 195.84, 0.00412652
_09939_, 229.94, 195.84, 0.00412652
_10077_, 229.94, 195.84, 0.00412652
_10078_, 229.94, 195.84, 0.00412652
FILLER_0_68_489, 229.94, 195.84, 0.00412652
_08821_, 242.74, 195.84, 0.00400824
_08826_, 242.74, 195.84, 0.00400824
_09938_, 242.74, 195.84, 0.00400824
FILLER_0_68_506, 242.74, 195.84, 0.00400824
_07746_, 255.54, 195.84, 0.00388805
_08827_, 255.54, 195.84, 0.00388805
FILLER_0_68_540, 255.54, 195.84, 0.00388805
_08932_, 268.34, 195.84, 0.00376395
_08944_, 268.34, 195.84, 0.00376395
FILLER_0_68_570, 268.34, 195.84, 0.00376395
FILLER_0_68_578, 268.34, 195.84, 0.00376395
FILLER_0_69_580, 268.34, 195.84, 0.00376395
_08415_, 281.14, 195.84, 0.00363054
_08416_, 281.14, 195.84, 0.00363054
_08465_, 281.14, 195.84, 0.00363054
_08588_, 281.14, 195.84, 0.00363054
_08951_, 281.14, 195.84, 0.00363054
_08952_, 281.14, 195.84, 0.00363054
FILLER_0_68_603, 281.14, 195.84, 0.00363054
_08420_, 293.94, 195.84, 0.00346173
_08456_, 293.94, 195.84, 0.00346173
FILLER_0_67_617, 293.94, 195.84, 0.00346173
FILLER_0_68_618, 293.94, 195.84, 0.00346173
_08464_, 306.74, 195.84, 0.00325259
FILLER_0_67_645, 306.74, 195.84, 0.00325259
FILLER_0_67_653, 306.74, 195.84, 0.00325259
FILLER_0_69_663, 306.74, 195.84, 0.00325259
_07707_, 319.54, 195.84, 0.0030372
_08424_, 319.54, 195.84, 0.0030372
_08453_, 319.54, 195.84, 0.0030372
rebuffer14, 319.54, 195.84, 0.0030372
FILLER_0_67_669, 319.54, 195.84, 0.0030372
_08548_, 344.33, 195.84, 0.00287267
_08549_, 344.33, 195.84, 0.00287267
_08763_, 344.33, 195.84, 0.00287267
_08766_, 344.33, 195.84, 0.00287267
_08744_, 356.32, 195.84, 0.00290829
_08753_, 356.32, 195.84, 0.00290829
_08761_, 356.32, 195.84, 0.00290829
_08770_, 356.32, 195.84, 0.00290829
FILLER_0_67_756, 356.32, 195.84, 0.00290829
FILLER_0_68_760, 356.32, 195.84, 0.00290829
_08756_, 368.31, 195.84, 0.00293888
_08758_, 368.31, 195.84, 0.00293888
_08760_, 368.31, 195.84, 0.00293888
_08762_, 368.31, 195.84, 0.00293888
_08772_, 368.31, 195.84, 0.00293888
_07211_, 380.3, 195.84, 0.00296244
_07310_, 380.3, 195.84, 0.00296244
_07314_, 380.3, 195.84, 0.00296244
_08774_, 380.3, 195.84, 0.00296244
FILLER_0_67_811, 380.3, 195.84, 0.00296244
FILLER_0_68_809, 380.3, 195.84, 0.00296244
FILLER_0_68_825, 380.3, 195.84, 0.00296244
_07311_, 392.29, 195.84, 0.00298033
_07329_, 392.29, 195.84, 0.00298033
_07333_, 392.29, 195.84, 0.00298033
_07352_, 392.29, 195.84, 0.00298033
FILLER_0_67_832, 392.29, 195.84, 0.00298033
FILLER_0_68_840, 392.29, 195.84, 0.00298033
FILLER_0_68_848, 392.29, 195.84, 0.00298033
FILLER_0_69_841, 392.29, 195.84, 0.00298033
_07345_, 404.28, 195.84, 0.00299647
_07353_, 404.28, 195.84, 0.00299647
_07401_, 404.28, 195.84, 0.00299647
FILLER_0_68_862, 404.28, 195.84, 0.00299647
FILLER_0_67_891, 416.27, 195.84, 0.00300719
FILLER_0_68_905, 416.27, 195.84, 0.00300719
_12588_, 5.52, 190.4, 0.00520713
PHY_130, 5.52, 190.4, 0.00520713
PHY_132, 5.52, 190.4, 0.00520713
input21, 5.52, 190.4, 0.00520713
FILLER_0_67_6, 5.52, 190.4, 0.00520713
PHY_131, 428.26, 190.4, 0.00243702
PHY_133, 428.26, 190.4, 0.00243702
FILLER_0_65_909, 428.26, 190.4, 0.00243702
FILLER_0_66_906, 428.26, 190.4, 0.00243702
_12572_, 15.33, 190.4, 0.00520643
FILLER_0_66_15, 15.33, 190.4, 0.00520643
FILLER_0_66_29, 15.33, 190.4, 0.00520643
_12709_, 37.94, 190.4, 0.00521128
fanout149, 37.94, 190.4, 0.00521128
FILLER_0_65_69, 37.94, 190.4, 0.00521128
_12195_, 50.74, 190.4, 0.00519129
_12258_, 50.74, 190.4, 0.00519129
_12311_, 50.74, 190.4, 0.00519129
_12312_, 50.74, 190.4, 0.00519129
_12369_, 50.74, 190.4, 0.00519129
FILLER_0_65_92, 50.74, 190.4, 0.00519129
FILLER_0_66_98, 50.74, 190.4, 0.00519129
FILLER_0_66_107, 50.74, 190.4, 0.00519129
FILLER_0_67_102, 50.74, 190.4, 0.00519129
_12014_, 63.54, 190.4, 0.00515937
_12015_, 63.54, 190.4, 0.00515937
_12105_, 63.54, 190.4, 0.00515937
_12106_, 63.54, 190.4, 0.00515937
_12107_, 63.54, 190.4, 0.00515937
_12108_, 63.54, 190.4, 0.00515937
_12193_, 63.54, 190.4, 0.00515937
_12194_, 63.54, 190.4, 0.00515937
FILLER_0_65_122, 63.54, 190.4, 0.00515937
FILLER_0_66_116, 63.54, 190.4, 0.00515937
FILLER_0_66_131, 63.54, 190.4, 0.00515937
_11926_, 76.34, 190.4, 0.005104
_11930_, 76.34, 190.4, 0.005104
_11931_, 76.34, 190.4, 0.005104
_12010_, 76.34, 190.4, 0.005104
_12011_, 76.34, 190.4, 0.005104
_12013_, 76.34, 190.4, 0.005104
FILLER_0_67_160, 76.34, 190.4, 0.005104
_11921_, 89.14, 190.4, 0.0050372
_11999_, 89.14, 190.4, 0.0050372
_12000_, 89.14, 190.4, 0.0050372
_12001_, 89.14, 190.4, 0.0050372
FILLER_0_66_174, 89.14, 190.4, 0.0050372
FILLER_0_66_186, 89.14, 190.4, 0.0050372
FILLER_0_66_192, 89.14, 190.4, 0.0050372
_11815_, 101.94, 190.4, 0.00496262
_11908_, 101.94, 190.4, 0.00496262
_11919_, 101.94, 190.4, 0.00496262
_11920_, 101.94, 190.4, 0.00496262
FILLER_0_67_217, 101.94, 190.4, 0.00496262
_11700_, 114.74, 190.4, 0.00488334
_11701_, 114.74, 190.4, 0.00488334
_11702_, 114.74, 190.4, 0.00488334
_11814_, 114.74, 190.4, 0.00488334
FILLER_0_65_225, 114.74, 190.4, 0.00488334
FILLER_0_65_237, 114.74, 190.4, 0.00488334
FILLER_0_66_241, 114.74, 190.4, 0.00488334
FILLER_0_66_249, 114.74, 190.4, 0.00488334
_11826_, 127.54, 190.4, 0.00480127
_11916_, 127.54, 190.4, 0.00480127
_11917_, 127.54, 190.4, 0.00480127
_11918_, 127.54, 190.4, 0.00480127
FILLER_0_65_252, 127.54, 190.4, 0.00480127
FILLER_0_66_265, 127.54, 190.4, 0.00480127
FILLER_0_67_266, 127.54, 190.4, 0.00480127
FILLER_0_67_277, 127.54, 190.4, 0.00480127
_11698_, 140.34, 190.4, 0.00471455
_11699_, 140.34, 190.4, 0.00471455
_11810_, 140.34, 190.4, 0.00471455
FILLER_0_65_281, 140.34, 190.4, 0.00471455
FILLER_0_66_294, 140.34, 190.4, 0.00471455
_10345_, 153.14, 190.4, 0.00462536
_10505_, 153.14, 190.4, 0.00462536
_11695_, 153.14, 190.4, 0.00462536
_11808_, 153.14, 190.4, 0.00462536
FILLER_0_65_318, 153.14, 190.4, 0.00462536
FILLER_0_66_328, 153.14, 190.4, 0.00462536
FILLER_0_67_329, 153.14, 190.4, 0.00462536
_10167_, 165.94, 190.4, 0.00453368
_10346_, 165.94, 190.4, 0.00453368
_10504_, 165.94, 190.4, 0.00453368
FILLER_0_65_337, 165.94, 190.4, 0.00453368
FILLER_0_65_345, 165.94, 190.4, 0.00453368
FILLER_0_66_357, 165.94, 190.4, 0.00453368
_09764_, 191.54, 190.4, 0.00429507
_09964_, 191.54, 190.4, 0.00429507
_09976_, 191.54, 190.4, 0.00429507
_09977_, 191.54, 190.4, 0.00429507
_09979_, 191.54, 190.4, 0.00429507
FILLER_0_66_405, 191.54, 190.4, 0.00429507
FILLER_0_66_417, 191.54, 190.4, 0.00429507
_07758_, 204.34, 190.4, 0.00414554
_09582_, 204.34, 190.4, 0.00414554
_09689_, 204.34, 190.4, 0.00414554
_09690_, 204.34, 190.4, 0.00414554
_09692_, 204.34, 190.4, 0.00414554
_09893_, 204.34, 190.4, 0.00414554
FILLER_0_66_433, 204.34, 190.4, 0.00414554
FILLER_0_67_442, 204.34, 190.4, 0.00414554
_09874_, 217.14, 190.4, 0.00398761
_09877_, 217.14, 190.4, 0.00398761
_09878_, 217.14, 190.4, 0.00398761
_09879_, 217.14, 190.4, 0.00398761
FILLER_0_66_449, 217.14, 190.4, 0.00398761
FILLER_0_67_461, 217.14, 190.4, 0.00398761
_08822_, 229.94, 190.4, 0.00382823
_10079_, 229.94, 190.4, 0.00382823
_10080_, 229.94, 190.4, 0.00382823
_10136_, 229.94, 190.4, 0.00382823
FILLER_0_66_487, 229.94, 190.4, 0.00382823
FILLER_0_67_501, 229.94, 190.4, 0.00382823
_08823_, 242.74, 190.4, 0.00366693
_08824_, 242.74, 190.4, 0.00366693
_08825_, 242.74, 190.4, 0.00366693
_08829_, 242.74, 190.4, 0.00366693
_08833_, 242.74, 190.4, 0.00366693
_08828_, 255.54, 190.4, 0.00350362
_08841_, 255.54, 190.4, 0.00350362
_08933_, 255.54, 190.4, 0.00350362
_08945_, 255.54, 190.4, 0.00350362
FILLER_0_67_554, 255.54, 190.4, 0.00350362
_08949_, 268.34, 190.4, 0.00333797
_08955_, 268.34, 190.4, 0.00333797
FILLER_0_66_582, 268.34, 190.4, 0.00333797
_08956_, 281.14, 190.4, 0.00316581
_08957_, 281.14, 190.4, 0.00316581
FILLER_0_66_613, 281.14, 190.4, 0.00316581
FILLER_0_67_609, 281.14, 190.4, 0.00316581
_07463_, 293.94, 190.4, 0.00298878
_08455_, 293.94, 190.4, 0.00298878
_08466_, 293.94, 190.4, 0.00298878
_08683_, 293.94, 190.4, 0.00298878
FILLER_0_66_634, 293.94, 190.4, 0.00298878
FILLER_0_67_634, 293.94, 190.4, 0.00298878
_07694_, 306.74, 190.4, 0.00278907
_08469_, 306.74, 190.4, 0.00278907
FILLER_0_65_650, 306.74, 190.4, 0.00278907
_07373_, 319.54, 190.4, 0.00257879
_07403_, 319.54, 190.4, 0.00257879
_07705_, 319.54, 190.4, 0.00257879
_07706_, 319.54, 190.4, 0.00257879
_07737_, 319.54, 190.4, 0.00257879
FILLER_0_65_673, 319.54, 190.4, 0.00257879
FILLER_0_66_669, 319.54, 190.4, 0.00257879
FILLER_0_67_686, 319.54, 190.4, 0.00257879
_06552_, 344.33, 190.4, 0.00236694
_08656_, 344.33, 190.4, 0.00236694
_08769_, 344.33, 190.4, 0.00236694
FILLER_0_65_729, 344.33, 190.4, 0.00236694
FILLER_0_66_736, 344.33, 190.4, 0.00236694
_08764_, 356.32, 190.4, 0.00239471
_08768_, 356.32, 190.4, 0.00239471
_08771_, 356.32, 190.4, 0.00239471
_08773_, 356.32, 190.4, 0.00239471
FILLER_0_65_753, 356.32, 190.4, 0.00239471
FILLER_0_67_774, 356.32, 190.4, 0.00239471
_08775_, 368.31, 190.4, 0.00241269
FILLER_0_65_781, 368.31, 190.4, 0.00241269
FILLER_0_65_785, 368.31, 190.4, 0.00241269
FILLER_0_67_789, 368.31, 190.4, 0.00241269
_07223_, 380.3, 190.4, 0.00242459
_07280_, 380.3, 190.4, 0.00242459
_07334_, 380.3, 190.4, 0.00242459
FILLER_0_65_810, 380.3, 190.4, 0.00242459
FILLER_0_66_804, 380.3, 190.4, 0.00242459
FILLER_0_67_826, 380.3, 190.4, 0.00242459
_07332_, 392.29, 190.4, 0.00243225
_07344_, 392.29, 190.4, 0.00243225
FILLER_0_65_833, 392.29, 190.4, 0.00243225
_07348_, 404.28, 190.4, 0.00243702
_07355_, 404.28, 190.4, 0.00243702
_07375_, 404.28, 190.4, 0.00243702
FILLER_0_65_885, 416.27, 190.4, 0.00243702
_12742_, 5.52, 184.96, 0.00507357
PHY_126, 5.52, 184.96, 0.00507357
PHY_128, 5.52, 184.96, 0.00507357
PHY_127, 428.26, 184.96, 0.00206122
PHY_129, 428.26, 184.96, 0.00206122
FILLER_0_63_911, 428.26, 184.96, 0.00206122
FILLER_0_64_909, 428.26, 184.96, 0.00206122
_12545_, 15.33, 184.96, 0.00506623
FILLER_0_63_17, 15.33, 184.96, 0.00506623
FILLER_0_64_29, 15.33, 184.96, 0.00506623
FILLER_0_65_26, 15.33, 184.96, 0.00506623
fanout150, 37.94, 184.96, 0.00501353
FILLER_0_64_80, 37.94, 184.96, 0.00501353
_12192_, 50.74, 184.96, 0.00496803
_12256_, 50.74, 184.96, 0.00496803
_12257_, 50.74, 184.96, 0.00496803
_12310_, 50.74, 184.96, 0.00496803
_12368_, 50.74, 184.96, 0.00496803
FILLER_0_64_98, 50.74, 184.96, 0.00496803
_12012_, 63.54, 184.96, 0.00491731
_12103_, 63.54, 184.96, 0.00491731
_12104_, 63.54, 184.96, 0.00491731
_12247_, 63.54, 184.96, 0.00491731
FILLER_0_64_119, 63.54, 184.96, 0.00491731
FILLER_0_64_136, 63.54, 184.96, 0.00491731
FILLER_0_65_129, 63.54, 184.96, 0.00491731
_12002_, 76.34, 184.96, 0.00486134
_12003_, 76.34, 184.96, 0.00486134
_12084_, 76.34, 184.96, 0.00486134
_12190_, 76.34, 184.96, 0.00486134
FILLER_0_64_141, 76.34, 184.96, 0.00486134
FILLER_0_64_156, 76.34, 184.96, 0.00486134
FILLER_0_65_163, 76.34, 184.96, 0.00486134
_12075_, 89.14, 184.96, 0.00480078
_12081_, 89.14, 184.96, 0.00480078
_12083_, 89.14, 184.96, 0.00480078
FILLER_0_63_169, 89.14, 184.96, 0.00480078
FILLER_0_64_177, 89.14, 184.96, 0.00480078
FILLER_0_64_185, 89.14, 184.96, 0.00480078
FILLER_0_64_193, 89.14, 184.96, 0.00480078
FILLER_0_65_193, 89.14, 184.96, 0.00480078
_11904_, 101.94, 184.96, 0.0047368
_11907_, 101.94, 184.96, 0.0047368
_11986_, 101.94, 184.96, 0.0047368
_11987_, 101.94, 184.96, 0.0047368
FILLER_0_63_204, 101.94, 184.96, 0.0047368
FILLER_0_65_210, 101.94, 184.96, 0.0047368
FILLER_0_65_221, 101.94, 184.96, 0.0047368
_11811_, 114.74, 184.96, 0.00467054
_11812_, 114.74, 184.96, 0.00467054
_11813_, 114.74, 184.96, 0.00467054
_11902_, 114.74, 184.96, 0.00467054
_11906_, 114.74, 184.96, 0.00467054
FILLER_0_63_225, 114.74, 184.96, 0.00467054
FILLER_0_64_228, 114.74, 184.96, 0.00467054
FILLER_0_64_244, 114.74, 184.96, 0.00467054
_11913_, 127.54, 184.96, 0.00460082
_11914_, 127.54, 184.96, 0.00460082
_11915_, 127.54, 184.96, 0.00460082
_11991_, 127.54, 184.96, 0.00460082
_11992_, 127.54, 184.96, 0.00460082
_11696_, 140.34, 184.96, 0.00452795
_11697_, 140.34, 184.96, 0.00452795
_11809_, 140.34, 184.96, 0.00452795
FILLER_0_63_293, 140.34, 184.96, 0.00452795
FILLER_0_64_295, 140.34, 184.96, 0.00452795
_10340_, 153.14, 184.96, 0.00445406
_10341_, 153.14, 184.96, 0.00445406
_10342_, 153.14, 184.96, 0.00445406
_11805_, 153.14, 184.96, 0.00445406
_11807_, 153.14, 184.96, 0.00445406
FILLER_0_64_314, 153.14, 184.96, 0.00445406
_07748_, 165.94, 184.96, 0.00437764
_10165_, 165.94, 184.96, 0.00437764
_10166_, 165.94, 184.96, 0.00437764
_10344_, 165.94, 184.96, 0.00437764
FILLER_0_63_343, 165.94, 184.96, 0.00437764
FILLER_0_64_358, 165.94, 184.96, 0.00437764
FILLER_0_65_351, 165.94, 184.96, 0.00437764
_09482_, 191.54, 184.96, 0.0041304
_09483_, 191.54, 184.96, 0.0041304
_09484_, 191.54, 184.96, 0.0041304
FILLER_0_64_395, 191.54, 184.96, 0.0041304
FILLER_0_64_413, 191.54, 184.96, 0.0041304
FILLER_0_65_408, 191.54, 184.96, 0.0041304
FILLER_0_65_416, 191.54, 184.96, 0.0041304
_07045_, 204.34, 184.96, 0.0039633
_09449_, 204.34, 184.96, 0.0039633
_09687_, 204.34, 184.96, 0.0039633
_09691_, 204.34, 184.96, 0.0039633
FILLER_0_64_433, 204.34, 184.96, 0.0039633
_09880_, 217.14, 184.96, 0.00379087
_09881_, 217.14, 184.96, 0.00379087
_09882_, 217.14, 184.96, 0.00379087
_09887_, 217.14, 184.96, 0.00379087
_10081_, 217.14, 184.96, 0.00379087
FILLER_0_63_455, 217.14, 184.96, 0.00379087
FILLER_0_64_458, 217.14, 184.96, 0.00379087
FILLER_0_64_468, 217.14, 184.96, 0.00379087
FILLER_0_65_469, 217.14, 184.96, 0.00379087
_07752_, 229.94, 184.96, 0.00361617
_10082_, 229.94, 184.96, 0.00361617
_10138_, 229.94, 184.96, 0.00361617
FILLER_0_65_501, 229.94, 184.96, 0.00361617
_08830_, 242.74, 184.96, 0.0034381
_08831_, 242.74, 184.96, 0.0034381
_08832_, 242.74, 184.96, 0.0034381
_08834_, 242.74, 184.96, 0.0034381
FILLER_0_64_503, 242.74, 184.96, 0.0034381
FILLER_0_64_516, 242.74, 184.96, 0.0034381
FILLER_0_65_517, 242.74, 184.96, 0.0034381
_08839_, 255.54, 184.96, 0.00325802
_08842_, 255.54, 184.96, 0.00325802
_08845_, 255.54, 184.96, 0.00325802
_08946_, 255.54, 184.96, 0.00325802
_08947_, 255.54, 184.96, 0.00325802
_08954_, 255.54, 184.96, 0.00325802
FILLER_0_63_540, 255.54, 184.96, 0.00325802
FILLER_0_64_533, 255.54, 184.96, 0.00325802
FILLER_0_64_541, 255.54, 184.96, 0.00325802
FILLER_0_65_548, 255.54, 184.96, 0.00325802
_08948_, 268.34, 184.96, 0.00307394
_08953_, 268.34, 184.96, 0.00307394
_08959_, 268.34, 184.96, 0.00307394
FILLER_0_63_561, 268.34, 184.96, 0.00307394
FILLER_0_64_568, 268.34, 184.96, 0.00307394
FILLER_0_65_580, 268.34, 184.96, 0.00307394
_08664_, 281.14, 184.96, 0.00288313
_08958_, 281.14, 184.96, 0.00288313
_08978_, 281.14, 184.96, 0.00288313
_08979_, 281.14, 184.96, 0.00288313
FILLER_0_63_596, 281.14, 184.96, 0.00288313
FILLER_0_64_606, 281.14, 184.96, 0.00288313
FILLER_0_65_605, 281.14, 184.96, 0.00288313
FILLER_0_65_613, 281.14, 184.96, 0.00288313
_07462_, 293.94, 184.96, 0.00267814
_07695_, 293.94, 184.96, 0.00267814
_07700_, 293.94, 184.96, 0.00267814
_07753_, 293.94, 184.96, 0.00267814
_08797_, 293.94, 184.96, 0.00267814
_08799_, 293.94, 184.96, 0.00267814
FILLER_0_63_617, 293.94, 184.96, 0.00267814
FILLER_0_64_616, 293.94, 184.96, 0.00267814
_07370_, 306.74, 184.96, 0.00246364
_07405_, 306.74, 184.96, 0.00246364
_07406_, 306.74, 184.96, 0.00246364
_07701_, 306.74, 184.96, 0.00246364
_07702_, 306.74, 184.96, 0.00246364
_07703_, 306.74, 184.96, 0.00246364
ANTENNA_2, 306.74, 184.96, 0.00246364
_07404_, 319.54, 184.96, 0.00222016
_07708_, 319.54, 184.96, 0.00222016
_08470_, 319.54, 184.96, 0.00222016
FILLER_0_63_669, 319.54, 184.96, 0.00222016
FILLER_0_63_673, 319.54, 184.96, 0.00222016
FILLER_0_64_681, 319.54, 184.96, 0.00222016
FILLER_0_64_692, 319.54, 184.96, 0.00222016
FILLER_0_65_686, 319.54, 184.96, 0.00222016
_06589_, 344.33, 184.96, 0.00197572
_08767_, 344.33, 184.96, 0.00197572
_08795_, 344.33, 184.96, 0.00197572
_08800_, 344.33, 184.96, 0.00197572
_08975_, 344.33, 184.96, 0.00197572
FILLER_0_64_729, 344.33, 184.96, 0.00197572
_07216_, 356.32, 184.96, 0.00200015
_07218_, 356.32, 184.96, 0.00200015
_07330_, 356.32, 184.96, 0.00200015
FILLER_0_63_761, 356.32, 184.96, 0.00200015
FILLER_0_64_757, 356.32, 184.96, 0.00200015
_06344_, 368.31, 184.96, 0.00202147
_07215_, 368.31, 184.96, 0.00202147
_07219_, 368.31, 184.96, 0.00202147
_07235_, 368.31, 184.96, 0.00202147
_07237_, 368.31, 184.96, 0.00202147
FILLER_0_64_791, 368.31, 184.96, 0.00202147
_06296_, 380.3, 184.96, 0.00203791
_07214_, 380.3, 184.96, 0.00203791
_07236_, 380.3, 184.96, 0.00203791
_07279_, 380.3, 184.96, 0.00203791
_07281_, 380.3, 184.96, 0.00203791
FILLER_0_63_813, 380.3, 184.96, 0.00203791
FILLER_0_64_808, 380.3, 184.96, 0.00203791
FILLER_0_65_821, 380.3, 184.96, 0.00203791
_07282_, 392.29, 184.96, 0.00204963
_07285_, 392.29, 184.96, 0.00204963
_07346_, 392.29, 184.96, 0.00204963
_07349_, 392.29, 184.96, 0.00204963
FILLER_0_65_853, 392.29, 184.96, 0.00204963
_07287_, 404.28, 184.96, 0.00205951
_07347_, 404.28, 184.96, 0.00205951
_07350_, 404.28, 184.96, 0.00205951
_07354_, 404.28, 184.96, 0.00205951
_07372_, 404.28, 184.96, 0.00205951
FILLER_0_63_863, 404.28, 184.96, 0.00205951
FILLER_0_64_863, 404.28, 184.96, 0.00205951
FILLER_0_64_876, 404.28, 184.96, 0.00205951
rebuffer42, 416.27, 184.96, 0.00206122
FILLER_0_63_889, 416.27, 184.96, 0.00206122
FILLER_0_65_893, 416.27, 184.96, 0.00206122
_12599_, 5.52, 179.52, 0.00502598
PHY_122, 5.52, 179.52, 0.00502598
PHY_124, 5.52, 179.52, 0.00502598
output109, 5.52, 179.52, 0.00502598
FILLER_0_62_9, 5.52, 179.52, 0.00502598
FILLER_0_63_3, 5.52, 179.52, 0.00502598
PHY_123, 428.26, 179.52, 0.00251655
PHY_125, 428.26, 179.52, 0.00251655
output69, 428.26, 179.52, 0.00251655
FILLER_0_62_912, 428.26, 179.52, 0.00251655
_12543_, 15.33, 179.52, 0.00501405
_12597_, 15.33, 179.52, 0.00501405
_12598_, 15.33, 179.52, 0.00501405
_12606_, 15.33, 179.52, 0.00501405
FILLER_0_62_18, 15.33, 179.52, 0.00501405
_12707_, 37.94, 179.52, 0.00498937
_12708_, 37.94, 179.52, 0.00498937
FILLER_0_61_57, 37.94, 179.52, 0.00498937
FILLER_0_62_81, 37.94, 179.52, 0.00498937
_12255_, 50.74, 179.52, 0.0049422
FILLER_0_61_94, 50.74, 179.52, 0.0049422
FILLER_0_63_105, 50.74, 179.52, 0.0049422
_12102_, 63.54, 179.52, 0.00489361
_12254_, 63.54, 179.52, 0.00489361
FILLER_0_61_117, 63.54, 179.52, 0.00489361
FILLER_0_62_133, 63.54, 179.52, 0.00489361
_11929_, 76.34, 179.52, 0.00484356
FILLER_0_61_144, 76.34, 179.52, 0.00484356
FILLER_0_62_165, 76.34, 179.52, 0.00484356
FILLER_0_63_161, 76.34, 179.52, 0.00484356
_11996_, 89.14, 179.52, 0.00479294
_11998_, 89.14, 179.52, 0.00479294
_12080_, 89.14, 179.52, 0.00479294
_12082_, 89.14, 179.52, 0.00479294
_12191_, 89.14, 179.52, 0.00479294
_11903_, 101.94, 179.52, 0.00473888
_11905_, 101.94, 179.52, 0.00473888
_11990_, 101.94, 179.52, 0.00473888
_11997_, 101.94, 179.52, 0.00473888
_12078_, 101.94, 179.52, 0.00473888
FILLER_0_61_205, 101.94, 179.52, 0.00473888
FILLER_0_62_200, 101.94, 179.52, 0.00473888
FILLER_0_62_211, 101.94, 179.52, 0.00473888
FILLER_0_62_222, 101.94, 179.52, 0.00473888
FILLER_0_63_221, 101.94, 179.52, 0.00473888
_11804_, 114.74, 179.52, 0.00468194
_11901_, 114.74, 179.52, 0.00468194
_11988_, 114.74, 179.52, 0.00468194
_11989_, 114.74, 179.52, 0.00468194
FILLER_0_61_230, 114.74, 179.52, 0.00468194
FILLER_0_62_243, 114.74, 179.52, 0.00468194
_11912_, 127.54, 179.52, 0.00462319
_11993_, 127.54, 179.52, 0.00462319
_12077_, 127.54, 179.52, 0.00462319
FILLER_0_61_260, 127.54, 179.52, 0.00462319
FILLER_0_62_265, 127.54, 179.52, 0.00462319
FILLER_0_63_266, 127.54, 179.52, 0.00462319
_10810_, 140.34, 179.52, 0.00456369
_11806_, 140.34, 179.52, 0.00456369
FILLER_0_61_281, 140.34, 179.52, 0.00456369
FILLER_0_62_299, 140.34, 179.52, 0.00456369
_08653_, 153.14, 179.52, 0.0045036
_10584_, 153.14, 179.52, 0.0045036
_10585_, 153.14, 179.52, 0.0045036
_10586_, 153.14, 179.52, 0.0045036
FILLER_0_63_327, 153.14, 179.52, 0.0045036
_08658_, 165.94, 179.52, 0.0044396
_10259_, 165.94, 179.52, 0.0044396
_10343_, 165.94, 179.52, 0.0044396
_10507_, 165.94, 179.52, 0.0044396
_10508_, 165.94, 179.52, 0.0044396
_10622_, 165.94, 179.52, 0.0044396
FILLER_0_61_343, 165.94, 179.52, 0.0044396
FILLER_0_62_358, 165.94, 179.52, 0.0044396
FILLER_0_63_351, 165.94, 179.52, 0.0044396
_09485_, 191.54, 179.52, 0.00426201
_09486_, 191.54, 179.52, 0.00426201
_09638_, 191.54, 179.52, 0.00426201
FILLER_0_62_417, 191.54, 179.52, 0.00426201
FILLER_0_63_417, 191.54, 179.52, 0.00426201
_07207_, 204.34, 179.52, 0.0041463
_09488_, 204.34, 179.52, 0.0041463
_09666_, 204.34, 179.52, 0.0041463
_09693_, 204.34, 179.52, 0.0041463
_09894_, 204.34, 179.52, 0.0041463
FILLER_0_62_430, 204.34, 179.52, 0.0041463
FILLER_0_63_441, 204.34, 179.52, 0.0041463
_09883_, 217.14, 179.52, 0.00399085
_09884_, 217.14, 179.52, 0.00399085
_09885_, 217.14, 179.52, 0.00399085
_09886_, 217.14, 179.52, 0.00399085
_09888_, 217.14, 179.52, 0.00399085
_10083_, 217.14, 179.52, 0.00399085
FILLER_0_61_449, 217.14, 179.52, 0.00399085
FILLER_0_62_454, 217.14, 179.52, 0.00399085
_09941_, 229.94, 179.52, 0.00383221
_10084_, 229.94, 179.52, 0.00383221
_10140_, 229.94, 179.52, 0.00383221
_10277_, 229.94, 179.52, 0.00383221
FILLER_0_61_482, 229.94, 179.52, 0.00383221
FILLER_0_62_482, 229.94, 179.52, 0.00383221
FILLER_0_63_498, 229.94, 179.52, 0.00383221
_07442_, 242.74, 179.52, 0.00367122
_08835_, 242.74, 179.52, 0.00367122
_08840_, 242.74, 179.52, 0.00367122
_09940_, 242.74, 179.52, 0.00367122
_10139_, 242.74, 179.52, 0.00367122
FILLER_0_61_505, 242.74, 179.52, 0.00367122
FILLER_0_62_524, 242.74, 179.52, 0.00367122
FILLER_0_63_517, 242.74, 179.52, 0.00367122
_08843_, 255.54, 179.52, 0.00350755
_08844_, 255.54, 179.52, 0.00350755
_08941_, 255.54, 179.52, 0.00350755
FILLER_0_62_533, 255.54, 179.52, 0.00350755
FILLER_0_63_551, 255.54, 179.52, 0.00350755
_08950_, 268.34, 179.52, 0.003342
_08960_, 268.34, 179.52, 0.003342
_08983_, 268.34, 179.52, 0.003342
FILLER_0_62_567, 268.34, 179.52, 0.003342
FILLER_0_62_584, 268.34, 179.52, 0.003342
_08663_, 281.14, 179.52, 0.00316192
_08980_, 281.14, 179.52, 0.00316192
FILLER_0_62_589, 281.14, 179.52, 0.00316192
FILLER_0_63_611, 281.14, 179.52, 0.00316192
_08798_, 293.94, 179.52, 0.00297859
FILLER_0_62_639, 293.94, 179.52, 0.00297859
FILLER_0_63_640, 293.94, 179.52, 0.00297859
_07704_, 306.74, 179.52, 0.00279495
_07739_, 306.74, 179.52, 0.00279495
ANTENNA_1, 306.74, 179.52, 0.00279495
FILLER_0_62_645, 306.74, 179.52, 0.00279495
FILLER_0_63_661, 306.74, 179.52, 0.00279495
_08468_, 319.54, 179.52, 0.00259508
_08550_, 319.54, 179.52, 0.00259508
_08551_, 319.54, 179.52, 0.00259508
_09430_, 319.54, 179.52, 0.00259508
FILLER_0_61_680, 319.54, 179.52, 0.00259508
FILLER_0_62_671, 319.54, 179.52, 0.00259508
FILLER_0_63_696, 319.54, 179.52, 0.00259508
_08777_, 344.33, 179.52, 0.00233168
_08793_, 344.33, 179.52, 0.00233168
_08796_, 344.33, 179.52, 0.00233168
_08802_, 344.33, 179.52, 0.00233168
_08976_, 344.33, 179.52, 0.00233168
_07220_, 356.32, 179.52, 0.00236492
_07224_, 356.32, 179.52, 0.00236492
_07227_, 356.32, 179.52, 0.00236492
FILLER_0_61_760, 356.32, 179.52, 0.00236492
FILLER_0_62_769, 356.32, 179.52, 0.00236492
_07221_, 368.31, 179.52, 0.00239704
_07234_, 368.31, 179.52, 0.00239704
_07274_, 368.31, 179.52, 0.00239704
_07275_, 368.31, 179.52, 0.00239704
FILLER_0_61_781, 368.31, 179.52, 0.00239704
FILLER_0_62_778, 368.31, 179.52, 0.00239704
FILLER_0_62_786, 368.31, 179.52, 0.00239704
FILLER_0_63_790, 368.31, 179.52, 0.00239704
_07238_, 380.3, 179.52, 0.00242616
_07263_, 380.3, 179.52, 0.00242616
_07283_, 380.3, 179.52, 0.00242616
_07284_, 380.3, 179.52, 0.00242616
FILLER_0_62_808, 380.3, 179.52, 0.00242616
FILLER_0_62_813, 380.3, 179.52, 0.00242616
_07286_, 392.29, 179.52, 0.00245346
_07288_, 392.29, 179.52, 0.00245346
FILLER_0_61_833, 392.29, 179.52, 0.00245346
_07356_, 404.28, 179.52, 0.00247984
FILLER_0_62_865, 404.28, 179.52, 0.00247984
_12662_, 416.27, 179.52, 0.00250421
fanout156, 416.27, 179.52, 0.00250421
FILLER_0_61_892, 416.27, 179.52, 0.00250421
FILLER_0_62_881, 416.27, 179.52, 0.00250421
FILLER_0_62_889, 416.27, 179.52, 0.00250421
FILLER_0_63_897, 416.27, 179.52, 0.00250421
_12595_, 5.52, 174.08, 0.00490691
_12596_, 5.52, 174.08, 0.00490691
_12605_, 5.52, 174.08, 0.00490691
PHY_118, 5.52, 174.08, 0.00490691
PHY_120, 5.52, 174.08, 0.00490691
FILLER_0_60_3, 5.52, 174.08, 0.00490691
PHY_119, 428.26, 174.08, 0.00263857
PHY_121, 428.26, 174.08, 0.00263857
FILLER_0_59_909, 428.26, 174.08, 0.00263857
_12576_, 15.33, 174.08, 0.00490585
_12604_, 15.33, 174.08, 0.00490585
FILLER_0_60_20, 15.33, 174.08, 0.00490585
FILLER_0_60_29, 15.33, 174.08, 0.00490585
_12550_, 37.94, 174.08, 0.00488036
FILLER_0_60_80, 37.94, 174.08, 0.00488036
_12188_, 50.74, 174.08, 0.00485626
_12189_, 50.74, 174.08, 0.00485626
_12249_, 50.74, 174.08, 0.00485626
_12250_, 50.74, 174.08, 0.00485626
_12253_, 50.74, 174.08, 0.00485626
_12304_, 50.74, 174.08, 0.00485626
_12305_, 50.74, 174.08, 0.00485626
_12306_, 50.74, 174.08, 0.00485626
_11802_, 63.54, 174.08, 0.0048258
_12085_, 63.54, 174.08, 0.0048258
_12101_, 63.54, 174.08, 0.0048258
_12186_, 63.54, 174.08, 0.0048258
FILLER_0_60_126, 63.54, 174.08, 0.0048258
_11927_, 76.34, 174.08, 0.0047908
_11928_, 76.34, 174.08, 0.0047908
_12009_, 76.34, 174.08, 0.0047908
_12099_, 76.34, 174.08, 0.0047908
_12307_, 76.34, 174.08, 0.0047908
_12309_, 76.34, 174.08, 0.0047908
FILLER_0_61_158, 76.34, 174.08, 0.0047908
_12251_, 89.14, 174.08, 0.004753
_12252_, 89.14, 174.08, 0.004753
_12308_, 89.14, 174.08, 0.004753
FILLER_0_60_192, 89.14, 174.08, 0.004753
_10705_, 101.94, 174.08, 0.00471353
_10890_, 101.94, 174.08, 0.00471353
_11899_, 101.94, 174.08, 0.00471353
_12076_, 101.94, 174.08, 0.00471353
_12079_, 101.94, 174.08, 0.00471353
FILLER_0_59_197, 101.94, 174.08, 0.00471353
FILLER_0_60_215, 101.94, 174.08, 0.00471353
_11900_, 114.74, 174.08, 0.0046701
_11995_, 114.74, 174.08, 0.0046701
FILLER_0_59_237, 114.74, 174.08, 0.0046701
FILLER_0_60_226, 114.74, 174.08, 0.0046701
FILLER_0_60_243, 114.74, 174.08, 0.0046701
FILLER_0_61_240, 114.74, 174.08, 0.0046701
_11816_, 127.54, 174.08, 0.00462568
_11909_, 127.54, 174.08, 0.00462568
_11910_, 127.54, 174.08, 0.00462568
_11911_, 127.54, 174.08, 0.00462568
_11994_, 127.54, 174.08, 0.00462568
_08631_, 140.34, 174.08, 0.00457902
_10807_, 140.34, 174.08, 0.00457902
_10809_, 140.34, 174.08, 0.00457902
_10811_, 140.34, 174.08, 0.00457902
_10812_, 140.34, 174.08, 0.00457902
_10814_, 140.34, 174.08, 0.00457902
FILLER_0_59_281, 140.34, 174.08, 0.00457902
FILLER_0_60_281, 140.34, 174.08, 0.00457902
_10287_, 153.14, 174.08, 0.00452441
_10583_, 153.14, 174.08, 0.00452441
_10587_, 153.14, 174.08, 0.00452441
FILLER_0_60_309, 153.14, 174.08, 0.00452441
FILLER_0_60_320, 153.14, 174.08, 0.00452441
FILLER_0_60_331, 153.14, 174.08, 0.00452441
FILLER_0_61_330, 153.14, 174.08, 0.00452441
_10506_, 165.94, 174.08, 0.00446598
_10582_, 165.94, 174.08, 0.00446598
FILLER_0_59_337, 165.94, 174.08, 0.00446598
FILLER_0_61_351, 165.94, 174.08, 0.00446598
_09937_, 191.54, 174.08, 0.00428536
_09943_, 191.54, 174.08, 0.00428536
_10142_, 191.54, 174.08, 0.00428536
_10144_, 191.54, 174.08, 0.00428536
FILLER_0_59_393, 191.54, 174.08, 0.00428536
FILLER_0_60_407, 191.54, 174.08, 0.00428536
FILLER_0_60_417, 191.54, 174.08, 0.00428536
FILLER_0_61_417, 191.54, 174.08, 0.00428536
_09487_, 204.34, 174.08, 0.00416161
FILLER_0_60_421, 204.34, 174.08, 0.00416161
FILLER_0_60_443, 204.34, 174.08, 0.00416161
FILLER_0_61_442, 204.34, 174.08, 0.00416161
_09889_, 217.14, 174.08, 0.00403593
_09890_, 217.14, 174.08, 0.00403593
_10085_, 217.14, 174.08, 0.00403593
_10276_, 217.14, 174.08, 0.00403593
FILLER_0_60_469, 217.14, 174.08, 0.00403593
FILLER_0_61_464, 217.14, 174.08, 0.00403593
_09942_, 229.94, 174.08, 0.00390592
_10141_, 229.94, 174.08, 0.00390592
_10451_, 229.94, 174.08, 0.00390592
_10452_, 229.94, 174.08, 0.00390592
FILLER_0_61_498, 229.94, 174.08, 0.00390592
_07421_, 242.74, 174.08, 0.00377269
_07443_, 242.74, 174.08, 0.00377269
_10108_, 242.74, 174.08, 0.00377269
_10458_, 242.74, 174.08, 0.00377269
FILLER_0_59_505, 242.74, 174.08, 0.00377269
FILLER_0_59_514, 242.74, 174.08, 0.00377269
FILLER_0_60_504, 242.74, 174.08, 0.00377269
FILLER_0_61_520, 242.74, 174.08, 0.00377269
_08846_, 255.54, 174.08, 0.00363248
_08934_, 255.54, 174.08, 0.00363248
_08939_, 255.54, 174.08, 0.00363248
_08942_, 255.54, 174.08, 0.00363248
FILLER_0_60_538, 255.54, 174.08, 0.00363248
FILLER_0_61_557, 255.54, 174.08, 0.00363248
_08943_, 268.34, 174.08, 0.00348565
_08973_, 268.34, 174.08, 0.00348565
FILLER_0_59_561, 268.34, 174.08, 0.00348565
FILLER_0_60_579, 268.34, 174.08, 0.00348565
_08665_, 281.14, 174.08, 0.00332533
_08670_, 281.14, 174.08, 0.00332533
_08673_, 281.14, 174.08, 0.00332533
FILLER_0_60_589, 281.14, 174.08, 0.00332533
FILLER_0_60_597, 281.14, 174.08, 0.00332533
FILLER_0_61_610, 281.14, 174.08, 0.00332533
_07699_, 293.94, 174.08, 0.00316333
_07738_, 293.94, 174.08, 0.00316333
_08687_, 293.94, 174.08, 0.00316333
_08789_, 293.94, 174.08, 0.00316333
_08791_, 293.94, 174.08, 0.00316333
FILLER_0_60_617, 293.94, 174.08, 0.00316333
FILLER_0_61_629, 293.94, 174.08, 0.00316333
_07740_, 306.74, 174.08, 0.00296778
_08460_, 306.74, 174.08, 0.00296778
_08461_, 306.74, 174.08, 0.00296778
_08462_, 306.74, 174.08, 0.00296778
_08463_, 306.74, 174.08, 0.00296778
FILLER_0_59_643, 306.74, 174.08, 0.00296778
FILLER_0_61_664, 306.74, 174.08, 0.00296778
_08794_, 319.54, 174.08, 0.00271301
_08982_, 319.54, 174.08, 0.00271301
FILLER_0_59_669, 319.54, 174.08, 0.00271301
FILLER_0_59_673, 319.54, 174.08, 0.00271301
FILLER_0_60_696, 319.54, 174.08, 0.00271301
_08778_, 344.33, 174.08, 0.00249466
_08788_, 344.33, 174.08, 0.00249466
_08792_, 344.33, 174.08, 0.00249466
_08803_, 344.33, 174.08, 0.00249466
FILLER_0_60_737, 344.33, 174.08, 0.00249466
_06610_, 356.32, 174.08, 0.00252732
_07226_, 356.32, 174.08, 0.00252732
_07228_, 356.32, 174.08, 0.00252732
FILLER_0_60_752, 356.32, 174.08, 0.00252732
_09495_, 368.31, 174.08, 0.00255576
FILLER_0_59_781, 368.31, 174.08, 0.00255576
FILLER_0_59_785, 368.31, 174.08, 0.00255576
_07254_, 380.3, 174.08, 0.00258377
_07264_, 380.3, 174.08, 0.00258377
_07265_, 380.3, 174.08, 0.00258377
FILLER_0_59_814, 380.3, 174.08, 0.00258377
FILLER_0_60_807, 380.3, 174.08, 0.00258377
_07277_, 392.29, 174.08, 0.00261057
_07290_, 392.29, 174.08, 0.00261057
_07335_, 392.29, 174.08, 0.00261057
_07340_, 392.29, 174.08, 0.00261057
_07341_, 392.29, 174.08, 0.00261057
FILLER_0_60_842, 392.29, 174.08, 0.00261057
FILLER_0_61_841, 392.29, 174.08, 0.00261057
_07289_, 404.28, 174.08, 0.00263084
_07342_, 404.28, 174.08, 0.00263084
_07357_, 404.28, 174.08, 0.00263084
_07358_, 404.28, 174.08, 0.00263084
_07369_, 404.28, 174.08, 0.00263084
FILLER_0_59_860, 404.28, 174.08, 0.00263084
_12739_, 416.27, 174.08, 0.00263857
FILLER_0_59_891, 416.27, 174.08, 0.00263857
FILLER_0_60_882, 416.27, 174.08, 0.00263857
FILLER_0_60_890, 416.27, 174.08, 0.00263857
PHY_114, 5.52, 168.64, 0.0048483
PHY_116, 5.52, 168.64, 0.0048483
PHY_115, 428.26, 168.64, 0.00276921
PHY_117, 428.26, 168.64, 0.00276921
input18, 428.26, 168.64, 0.00276921
FILLER_0_57_909, 428.26, 168.64, 0.00276921
FILLER_0_58_913, 428.26, 168.64, 0.00276921
_12579_, 15.33, 168.64, 0.0048483
_12591_, 15.33, 168.64, 0.0048483
FILLER_0_58_29, 15.33, 168.64, 0.0048483
_12157_, 37.94, 168.64, 0.00482923
FILLER_0_58_59, 37.94, 168.64, 0.00482923
_12248_, 50.74, 168.64, 0.00480747
FILLER_0_58_85, 50.74, 168.64, 0.00480747
FILLER_0_58_106, 50.74, 168.64, 0.00480747
FILLER_0_59_103, 50.74, 168.64, 0.00480747
_11942_, 63.54, 168.64, 0.00478541
_12004_, 63.54, 168.64, 0.00478541
_12008_, 63.54, 168.64, 0.00478541
_12100_, 63.54, 168.64, 0.00478541
_12187_, 63.54, 168.64, 0.00478541
FILLER_0_58_118, 63.54, 168.64, 0.00478541
FILLER_0_58_126, 63.54, 168.64, 0.00478541
FILLER_0_58_132, 63.54, 168.64, 0.00478541
_12005_, 76.34, 168.64, 0.00476016
_12007_, 76.34, 168.64, 0.00476016
_12178_, 76.34, 168.64, 0.00476016
FILLER_0_59_158, 76.34, 168.64, 0.00476016
_12086_, 89.14, 168.64, 0.00473413
_12098_, 89.14, 168.64, 0.00473413
_12177_, 89.14, 168.64, 0.00473413
_12179_, 89.14, 168.64, 0.00473413
_12183_, 89.14, 168.64, 0.00473413
_12184_, 89.14, 168.64, 0.00473413
_12185_, 89.14, 168.64, 0.00473413
FILLER_0_58_175, 89.14, 168.64, 0.00473413
FILLER_0_58_185, 89.14, 168.64, 0.00473413
FILLER_0_58_193, 89.14, 168.64, 0.00473413
_07458_, 101.94, 168.64, 0.00470353
_12006_, 101.94, 168.64, 0.00470353
_12088_, 101.94, 168.64, 0.00470353
_12089_, 101.94, 168.64, 0.00470353
_12090_, 101.94, 168.64, 0.00470353
FILLER_0_58_197, 101.94, 168.64, 0.00470353
FILLER_0_58_212, 101.94, 168.64, 0.00470353
FILLER_0_59_220, 101.94, 168.64, 0.00470353
_10759_, 114.74, 168.64, 0.00466904
_10956_, 114.74, 168.64, 0.00466904
FILLER_0_57_225, 114.74, 168.64, 0.00466904
FILLER_0_58_249, 114.74, 168.64, 0.00466904
_10957_, 127.54, 168.64, 0.00463195
FILLER_0_59_276, 127.54, 168.64, 0.00463195
_10813_, 140.34, 168.64, 0.00459438
_10815_, 140.34, 168.64, 0.00459438
_10817_, 140.34, 168.64, 0.00459438
FILLER_0_58_301, 140.34, 168.64, 0.00459438
_10486_, 153.14, 168.64, 0.00455462
_10588_, 153.14, 168.64, 0.00455462
_10589_, 153.14, 168.64, 0.00455462
FILLER_0_57_314, 153.14, 168.64, 0.00455462
FILLER_0_58_312, 153.14, 168.64, 0.00455462
FILLER_0_59_326, 153.14, 168.64, 0.00455462
_10322_, 165.94, 168.64, 0.00451393
_10323_, 165.94, 168.64, 0.00451393
_10324_, 165.94, 168.64, 0.00451393
_10480_, 165.94, 168.64, 0.00451393
_10481_, 165.94, 168.64, 0.00451393
_10581_, 165.94, 168.64, 0.00451393
FILLER_0_58_336, 165.94, 168.64, 0.00451393
FILLER_0_59_351, 165.94, 168.64, 0.00451393
_09944_, 191.54, 168.64, 0.0043606
_09945_, 191.54, 168.64, 0.0043606
_09946_, 191.54, 168.64, 0.0043606
_09947_, 191.54, 168.64, 0.0043606
_09949_, 191.54, 168.64, 0.0043606
_10143_, 191.54, 168.64, 0.0043606
FILLER_0_58_399, 191.54, 168.64, 0.0043606
_09891_, 204.34, 168.64, 0.00424766
_09892_, 204.34, 168.64, 0.00424766
_10092_, 204.34, 168.64, 0.00424766
FILLER_0_57_425, 204.34, 168.64, 0.00424766
FILLER_0_58_433, 204.34, 168.64, 0.00424766
FILLER_0_59_433, 204.34, 168.64, 0.00424766
FILLER_0_59_445, 204.34, 168.64, 0.00424766
_10086_, 217.14, 168.64, 0.00412455
_10087_, 217.14, 168.64, 0.00412455
_10091_, 217.14, 168.64, 0.00412455
_10285_, 217.14, 168.64, 0.00412455
FILLER_0_57_458, 217.14, 168.64, 0.00412455
FILLER_0_59_465, 217.14, 168.64, 0.00412455
_10275_, 229.94, 168.64, 0.00399484
_10279_, 229.94, 168.64, 0.00399484
_10448_, 229.94, 168.64, 0.00399484
_10450_, 229.94, 168.64, 0.00399484
FILLER_0_58_477, 229.94, 168.64, 0.00399484
FILLER_0_58_485, 229.94, 168.64, 0.00399484
FILLER_0_58_493, 229.94, 168.64, 0.00399484
FILLER_0_59_495, 229.94, 168.64, 0.00399484
_08836_, 242.74, 168.64, 0.00386277
_08837_, 242.74, 168.64, 0.00386277
_08848_, 242.74, 168.64, 0.00386277
_09013_, 242.74, 168.64, 0.00386277
_10273_, 242.74, 168.64, 0.00386277
_10274_, 242.74, 168.64, 0.00386277
FILLER_0_57_510, 242.74, 168.64, 0.00386277
FILLER_0_58_511, 242.74, 168.64, 0.00386277
_08847_, 255.54, 168.64, 0.00372785
_08849_, 255.54, 168.64, 0.00372785
_08935_, 255.54, 168.64, 0.00372785
_08936_, 255.54, 168.64, 0.00372785
_08937_, 255.54, 168.64, 0.00372785
FILLER_0_58_557, 255.54, 168.64, 0.00372785
FILLER_0_59_556, 255.54, 168.64, 0.00372785
_08938_, 268.34, 168.64, 0.00358888
_08961_, 268.34, 168.64, 0.00358888
_08962_, 268.34, 168.64, 0.00358888
_08963_, 268.34, 168.64, 0.00358888
_08969_, 268.34, 168.64, 0.00358888
FILLER_0_58_565, 268.34, 168.64, 0.00358888
_08671_, 281.14, 168.64, 0.00342681
_08672_, 281.14, 168.64, 0.00342681
_08674_, 281.14, 168.64, 0.00342681
_08686_, 281.14, 168.64, 0.00342681
FILLER_0_58_613, 281.14, 168.64, 0.00342681
_08688_, 293.94, 168.64, 0.00326308
_08790_, 293.94, 168.64, 0.00326308
FILLER_0_58_640, 293.94, 168.64, 0.00326308
_07697_, 306.74, 168.64, 0.00309831
_07698_, 306.74, 168.64, 0.00309831
FILLER_0_57_641, 306.74, 168.64, 0.00309831
FILLER_0_57_649, 306.74, 168.64, 0.00309831
FILLER_0_59_661, 306.74, 168.64, 0.00309831
_08984_, 319.54, 168.64, 0.00291153
_08986_, 319.54, 168.64, 0.00291153
_08987_, 319.54, 168.64, 0.00291153
FILLER_0_58_672, 319.54, 168.64, 0.00291153
FILLER_0_58_696, 319.54, 168.64, 0.00291153
_08804_, 344.33, 168.64, 0.00272968
_08972_, 344.33, 168.64, 0.00272968
_07217_, 356.32, 168.64, 0.00274268
_07231_, 356.32, 168.64, 0.00274268
_09496_, 356.32, 168.64, 0.00274268
FILLER_0_58_751, 356.32, 168.64, 0.00274268
FILLER_0_58_757, 356.32, 168.64, 0.00274268
FILLER_0_59_763, 356.32, 168.64, 0.00274268
FILLER_0_59_771, 356.32, 168.64, 0.00274268
_07244_, 368.31, 168.64, 0.00275391
_07245_, 368.31, 168.64, 0.00275391
_07246_, 368.31, 168.64, 0.00275391
_07248_, 368.31, 168.64, 0.00275391
_07249_, 368.31, 168.64, 0.00275391
FILLER_0_57_778, 368.31, 168.64, 0.00275391
FILLER_0_58_784, 368.31, 168.64, 0.00275391
_07250_, 380.3, 168.64, 0.00276169
_07253_, 380.3, 168.64, 0.00276169
_07255_, 380.3, 168.64, 0.00276169
_07266_, 380.3, 168.64, 0.00276169
_07276_, 380.3, 168.64, 0.00276169
FILLER_0_57_807, 380.3, 168.64, 0.00276169
FILLER_0_58_825, 380.3, 168.64, 0.00276169
_07267_, 392.29, 168.64, 0.00276666
_07278_, 392.29, 168.64, 0.00276666
FILLER_0_57_834, 392.29, 168.64, 0.00276666
rebuffer26, 404.28, 168.64, 0.00276874
FILLER_0_57_857, 404.28, 168.64, 0.00276874
FILLER_0_58_858, 404.28, 168.64, 0.00276874
FILLER_0_57_890, 416.27, 168.64, 0.00276898
FILLER_0_58_905, 416.27, 168.64, 0.00276898
PHY_110, 5.52, 163.2, 0.00484462
PHY_112, 5.52, 163.2, 0.00484462
output68, 5.52, 163.2, 0.00484462
FILLER_0_56_3, 5.52, 163.2, 0.00484462
PHY_111, 428.26, 163.2, 0.00317295
PHY_113, 428.26, 163.2, 0.00317295
FILLER_0_55_909, 428.26, 163.2, 0.00317295
FILLER_0_56_913, 428.26, 163.2, 0.00317295
_12581_, 15.33, 163.2, 0.00483458
_12583_, 15.33, 163.2, 0.00483458
_12584_, 15.33, 163.2, 0.00483458
_12589_, 15.33, 163.2, 0.00483458
FILLER_0_56_17, 15.33, 163.2, 0.00483458
FILLER_0_56_25, 15.33, 163.2, 0.00483458
_12210_, 37.94, 163.2, 0.00481629
_12234_, 37.94, 163.2, 0.00481629
_12292_, 37.94, 163.2, 0.00481629
_12553_, 37.94, 163.2, 0.00481629
_11939_, 50.74, 163.2, 0.00481084
_12153_, 50.74, 163.2, 0.00481084
FILLER_0_56_85, 50.74, 163.2, 0.00481084
FILLER_0_56_107, 50.74, 163.2, 0.00481084
FILLER_0_57_108, 50.74, 163.2, 0.00481084
_11941_, 63.54, 163.2, 0.00480205
_12021_, 63.54, 163.2, 0.00480205
_12022_, 63.54, 163.2, 0.00480205
_12028_, 63.54, 163.2, 0.00480205
_12129_, 63.54, 163.2, 0.00480205
_12131_, 63.54, 163.2, 0.00480205
FILLER_0_55_113, 63.54, 163.2, 0.00480205
FILLER_0_56_123, 63.54, 163.2, 0.00480205
FILLER_0_56_137, 63.54, 163.2, 0.00480205
_12024_, 76.34, 163.2, 0.00478805
_12095_, 76.34, 163.2, 0.00478805
FILLER_0_55_144, 76.34, 163.2, 0.00478805
FILLER_0_56_165, 76.34, 163.2, 0.00478805
FILLER_0_57_162, 76.34, 163.2, 0.00478805
_12092_, 89.14, 163.2, 0.00477365
_12093_, 89.14, 163.2, 0.00477365
_12094_, 89.14, 163.2, 0.00477365
_12096_, 89.14, 163.2, 0.00477365
_12097_, 89.14, 163.2, 0.00477365
_12180_, 89.14, 163.2, 0.00477365
_12181_, 89.14, 163.2, 0.00477365
_12182_, 89.14, 163.2, 0.00477365
FILLER_0_56_176, 89.14, 163.2, 0.00477365
FILLER_0_56_192, 89.14, 163.2, 0.00477365
_12087_, 101.94, 163.2, 0.00475553
_12091_, 101.94, 163.2, 0.00475553
FILLER_0_56_197, 101.94, 163.2, 0.00475553
FILLER_0_57_215, 101.94, 163.2, 0.00475553
_10954_, 114.74, 163.2, 0.00473627
_10955_, 114.74, 163.2, 0.00473627
_10958_, 114.74, 163.2, 0.00473627
_10959_, 114.74, 163.2, 0.00473627
_10960_, 114.74, 163.2, 0.00473627
_11093_, 114.74, 163.2, 0.00473627
_11094_, 114.74, 163.2, 0.00473627
FILLER_0_55_225, 114.74, 163.2, 0.00473627
FILLER_0_56_249, 114.74, 163.2, 0.00473627
_10808_, 127.54, 163.2, 0.00471328
_10818_, 127.54, 163.2, 0.00471328
_10819_, 127.54, 163.2, 0.00471328
_10962_, 127.54, 163.2, 0.00471328
_11095_, 127.54, 163.2, 0.00471328
_11096_, 127.54, 163.2, 0.00471328
FILLER_0_55_260, 127.54, 163.2, 0.00471328
FILLER_0_56_276, 127.54, 163.2, 0.00471328
FILLER_0_57_276, 127.54, 163.2, 0.00471328
_10590_, 140.34, 163.2, 0.00468482
_10591_, 140.34, 163.2, 0.00468482
_10592_, 140.34, 163.2, 0.00468482
_10594_, 140.34, 163.2, 0.00468482
_10595_, 140.34, 163.2, 0.00468482
_10596_, 140.34, 163.2, 0.00468482
_10816_, 140.34, 163.2, 0.00468482
max_cap147, 140.34, 163.2, 0.00468482
FILLER_0_55_281, 140.34, 163.2, 0.00468482
FILLER_0_57_305, 140.34, 163.2, 0.00468482
_10147_, 153.14, 163.2, 0.00465095
_10482_, 153.14, 163.2, 0.00465095
_10484_, 153.14, 163.2, 0.00465095
_10485_, 153.14, 163.2, 0.00465095
_10487_, 153.14, 163.2, 0.00465095
_10488_, 153.14, 163.2, 0.00465095
FILLER_0_55_313, 153.14, 163.2, 0.00465095
FILLER_0_56_312, 153.14, 163.2, 0.00465095
FILLER_0_57_333, 153.14, 163.2, 0.00465095
_09805_, 165.94, 163.2, 0.0046128
_10135_, 165.94, 163.2, 0.0046128
_10311_, 165.94, 163.2, 0.0046128
FILLER_0_55_337, 165.94, 163.2, 0.0046128
FILLER_0_56_351, 165.94, 163.2, 0.0046128
FILLER_0_56_358, 165.94, 163.2, 0.0046128
FILLER_0_57_351, 165.94, 163.2, 0.0046128
_09803_, 191.54, 163.2, 0.00451689
_09948_, 191.54, 163.2, 0.00451689
_09953_, 191.54, 163.2, 0.00451689
FILLER_0_56_398, 191.54, 163.2, 0.00451689
FILLER_0_56_415, 191.54, 163.2, 0.00451689
FILLER_0_57_405, 191.54, 163.2, 0.00451689
_09895_, 204.34, 163.2, 0.00445875
_10090_, 204.34, 163.2, 0.00445875
FILLER_0_56_421, 204.34, 163.2, 0.00445875
_10076_, 217.14, 163.2, 0.00438441
_10088_, 217.14, 163.2, 0.00438441
_10089_, 217.14, 163.2, 0.00438441
_10093_, 217.14, 163.2, 0.00438441
_10281_, 217.14, 163.2, 0.00438441
_10283_, 217.14, 163.2, 0.00438441
_10447_, 217.14, 163.2, 0.00438441
FILLER_0_57_469, 217.14, 163.2, 0.00438441
_10278_, 229.94, 163.2, 0.00429704
_10280_, 229.94, 163.2, 0.00429704
_10453_, 229.94, 163.2, 0.00429704
_10676_, 229.94, 163.2, 0.00429704
_10677_, 229.94, 163.2, 0.00429704
FILLER_0_56_484, 229.94, 163.2, 0.00429704
_09012_, 242.74, 163.2, 0.00420556
_09014_, 242.74, 163.2, 0.00420556
FILLER_0_56_528, 242.74, 163.2, 0.00420556
_08850_, 255.54, 163.2, 0.00411328
_09008_, 255.54, 163.2, 0.00411328
_09009_, 255.54, 163.2, 0.00411328
_09010_, 255.54, 163.2, 0.00411328
FILLER_0_56_533, 255.54, 163.2, 0.00411328
FILLER_0_57_551, 255.54, 163.2, 0.00411328
_08966_, 268.34, 163.2, 0.00401891
FILLER_0_56_562, 268.34, 163.2, 0.00401891
FILLER_0_56_585, 268.34, 163.2, 0.00401891
_08669_, 281.14, 163.2, 0.00391487
_08675_, 281.14, 163.2, 0.00391487
_08676_, 281.14, 163.2, 0.00391487
_08677_, 281.14, 163.2, 0.00391487
_08678_, 281.14, 163.2, 0.00391487
_08684_, 281.14, 163.2, 0.00391487
FILLER_0_55_595, 281.14, 163.2, 0.00391487
FILLER_0_56_589, 281.14, 163.2, 0.00391487
FILLER_0_57_613, 281.14, 163.2, 0.00391487
_08685_, 293.94, 163.2, 0.00380827
_08785_, 293.94, 163.2, 0.00380827
FILLER_0_55_617, 293.94, 163.2, 0.00380827
_07367_, 306.74, 163.2, 0.00370026
_07408_, 306.74, 163.2, 0.00370026
_07696_, 306.74, 163.2, 0.00370026
_08467_, 306.74, 163.2, 0.00370026
_08552_, 306.74, 163.2, 0.00370026
_08553_, 306.74, 163.2, 0.00370026
FILLER_0_55_654, 306.74, 163.2, 0.00370026
FILLER_0_57_655, 306.74, 163.2, 0.00370026
_09426_, 319.54, 163.2, 0.00344504
_09427_, 319.54, 163.2, 0.00344504
FILLER_0_56_694, 319.54, 163.2, 0.00344504
_08779_, 344.33, 163.2, 0.00310795
_08781_, 344.33, 163.2, 0.00310795
_08782_, 344.33, 163.2, 0.00310795
_08784_, 344.33, 163.2, 0.00310795
FILLER_0_55_729, 344.33, 163.2, 0.00310795
_07222_, 356.32, 163.2, 0.00312709
_07229_, 356.32, 163.2, 0.00312709
_09494_, 356.32, 163.2, 0.00312709
_09497_, 356.32, 163.2, 0.00312709
FILLER_0_55_757, 356.32, 163.2, 0.00312709
FILLER_0_56_752, 356.32, 163.2, 0.00312709
FILLER_0_56_757, 356.32, 163.2, 0.00312709
_07233_, 368.31, 163.2, 0.00314348
FILLER_0_55_778, 368.31, 163.2, 0.00314348
FILLER_0_57_793, 368.31, 163.2, 0.00314348
_07251_, 380.3, 163.2, 0.00315886
_07256_, 380.3, 163.2, 0.00315886
_07257_, 380.3, 163.2, 0.00315886
FILLER_0_55_807, 380.3, 163.2, 0.00315886
FILLER_0_56_803, 380.3, 163.2, 0.00315886
_07262_, 392.29, 163.2, 0.00317295
_07337_, 392.29, 163.2, 0.00317295
_07338_, 392.29, 163.2, 0.00317295
_07339_, 392.29, 163.2, 0.00317295
_07366_, 392.29, 163.2, 0.00317295
FILLER_0_55_836, 392.29, 163.2, 0.00317295
FILLER_0_56_837, 392.29, 163.2, 0.00317295
FILLER_0_57_841, 392.29, 163.2, 0.00317295
FILLER_0_56_864, 404.28, 163.2, 0.00317295
FILLER_0_55_888, 416.27, 163.2, 0.00317295
FILLER_0_56_905, 416.27, 163.2, 0.00317295
_12582_, 5.52, 157.76, 0.00474689
PHY_106, 5.52, 157.76, 0.00474689
PHY_108, 5.52, 157.76, 0.00474689
PHY_107, 428.26, 157.76, 0.00330063
PHY_109, 428.26, 157.76, 0.00330063
FILLER_0_53_909, 428.26, 157.76, 0.00330063
FILLER_0_54_913, 428.26, 157.76, 0.00330063
_12561_, 15.33, 157.76, 0.00474564
_12580_, 15.33, 157.76, 0.00474564
FILLER_0_54_29, 15.33, 157.76, 0.00474564
FILLER_0_55_30, 15.33, 157.76, 0.00474564
_12233_, 37.94, 157.76, 0.00474503
_12293_, 37.94, 157.76, 0.00474503
_12521_, 37.94, 157.76, 0.00474503
_12523_, 37.94, 157.76, 0.00474503
_12524_, 37.94, 157.76, 0.00474503
FILLER_0_54_81, 37.94, 157.76, 0.00474503
_12232_, 50.74, 157.76, 0.00474201
FILLER_0_54_85, 50.74, 157.76, 0.00474201
FILLER_0_55_106, 50.74, 157.76, 0.00474201
_12128_, 63.54, 157.76, 0.00473716
_12130_, 63.54, 157.76, 0.00473716
FILLER_0_54_122, 63.54, 157.76, 0.00473716
FILLER_0_54_135, 63.54, 157.76, 0.00473716
_12023_, 76.34, 157.76, 0.00473087
_12115_, 76.34, 157.76, 0.00473087
_12121_, 76.34, 157.76, 0.00473087
_12122_, 76.34, 157.76, 0.00473087
_12123_, 76.34, 157.76, 0.00473087
_12125_, 76.34, 157.76, 0.00473087
_12126_, 76.34, 157.76, 0.00473087
_12127_, 76.34, 157.76, 0.00473087
FILLER_0_54_141, 76.34, 157.76, 0.00473087
FILLER_0_55_164, 76.34, 157.76, 0.00473087
_12118_, 89.14, 157.76, 0.00472125
FILLER_0_53_169, 89.14, 157.76, 0.00472125
FILLER_0_54_191, 89.14, 157.76, 0.00472125
_10803_, 101.94, 157.76, 0.00471135
_10804_, 101.94, 157.76, 0.00471135
_11097_, 101.94, 157.76, 0.00471135
FILLER_0_53_202, 101.94, 157.76, 0.00471135
FILLER_0_54_197, 101.94, 157.76, 0.00471135
FILLER_0_55_217, 101.94, 157.76, 0.00471135
_10963_, 114.74, 157.76, 0.00469696
_11211_, 114.74, 157.76, 0.00469696
FILLER_0_54_247, 114.74, 157.76, 0.00469696
_10961_, 127.54, 157.76, 0.00468083
FILLER_0_55_276, 127.54, 157.76, 0.00468083
_10593_, 140.34, 157.76, 0.00466402
FILLER_0_54_301, 140.34, 157.76, 0.00466402
_10483_, 153.14, 157.76, 0.0046466
FILLER_0_53_317, 153.14, 157.76, 0.0046466
FILLER_0_55_328, 153.14, 157.76, 0.0046466
_10312_, 165.94, 157.76, 0.00462864
_10313_, 165.94, 157.76, 0.00462864
_10598_, 165.94, 157.76, 0.00462864
FILLER_0_54_357, 165.94, 157.76, 0.00462864
FILLER_0_55_350, 165.94, 157.76, 0.00462864
_09806_, 191.54, 157.76, 0.0045345
_09950_, 191.54, 157.76, 0.0045345
_09951_, 191.54, 157.76, 0.0045345
_10822_, 191.54, 157.76, 0.0045345
FILLER_0_53_400, 191.54, 157.76, 0.0045345
FILLER_0_54_417, 191.54, 157.76, 0.0045345
_10022_, 204.34, 157.76, 0.00445615
_10023_, 204.34, 157.76, 0.00445615
_10284_, 204.34, 157.76, 0.00445615
FILLER_0_55_444, 204.34, 157.76, 0.00445615
_09634_, 217.14, 157.76, 0.00436055
_09635_, 217.14, 157.76, 0.00436055
FILLER_0_53_449, 217.14, 157.76, 0.00436055
FILLER_0_54_468, 217.14, 157.76, 0.00436055
_10282_, 229.94, 157.76, 0.0042563
_10286_, 229.94, 157.76, 0.0042563
_10454_, 229.94, 157.76, 0.0042563
_10678_, 229.94, 157.76, 0.0042563
FILLER_0_55_495, 229.94, 157.76, 0.0042563
_08814_, 242.74, 157.76, 0.0041383
FILLER_0_54_514, 242.74, 157.76, 0.0041383
FILLER_0_54_527, 242.74, 157.76, 0.0041383
FILLER_0_55_529, 242.74, 157.76, 0.0041383
_08818_, 255.54, 157.76, 0.00402
_08838_, 255.54, 157.76, 0.00402
_08851_, 255.54, 157.76, 0.00402
FILLER_0_54_545, 255.54, 157.76, 0.00402
_07816_, 268.34, 157.76, 0.00389631
_08666_, 268.34, 157.76, 0.00389631
_09122_, 268.34, 157.76, 0.00389631
FILLER_0_53_567, 268.34, 157.76, 0.00389631
FILLER_0_54_574, 268.34, 157.76, 0.00389631
FILLER_0_54_584, 268.34, 157.76, 0.00389631
FILLER_0_55_573, 268.34, 157.76, 0.00389631
_08668_, 281.14, 157.76, 0.00376951
_08679_, 281.14, 157.76, 0.00376951
_08690_, 281.14, 157.76, 0.00376951
_09003_, 281.14, 157.76, 0.00376951
FILLER_0_53_594, 281.14, 157.76, 0.00376951
FILLER_0_55_613, 281.14, 157.76, 0.00376951
_08689_, 293.94, 157.76, 0.00364077
_08780_, 293.94, 157.76, 0.00364077
_08786_, 293.94, 157.76, 0.00364077
FILLER_0_54_618, 293.94, 157.76, 0.00364077
FILLER_0_54_626, 293.94, 157.76, 0.00364077
FILLER_0_54_635, 293.94, 157.76, 0.00364077
_07407_, 306.74, 157.76, 0.00350784
_08583_, 306.74, 157.76, 0.00350784
_08585_, 306.74, 157.76, 0.00350784
_08964_, 306.74, 157.76, 0.00350784
_09016_, 306.74, 157.76, 0.00350784
FILLER_0_53_648, 306.74, 157.76, 0.00350784
FILLER_0_54_651, 306.74, 157.76, 0.00350784
FILLER_0_55_663, 306.74, 157.76, 0.00350784
_08967_, 319.54, 157.76, 0.00336544
_08993_, 319.54, 157.76, 0.00336544
_06590_, 344.33, 157.76, 0.00324686
_08783_, 344.33, 157.76, 0.00324686
_08806_, 344.33, 157.76, 0.00324686
_08807_, 344.33, 157.76, 0.00324686
_08968_, 344.33, 157.76, 0.00324686
FILLER_0_53_733, 344.33, 157.76, 0.00324686
_09492_, 356.32, 157.76, 0.00326268
_09498_, 356.32, 157.76, 0.00326268
_09696_, 356.32, 157.76, 0.00326268
FILLER_0_55_765, 356.32, 157.76, 0.00326268
_07232_, 368.31, 157.76, 0.00327704
_07271_, 368.31, 157.76, 0.00327704
FILLER_0_53_781, 368.31, 157.76, 0.00327704
FILLER_0_53_785, 368.31, 157.76, 0.00327704
_07247_, 380.3, 157.76, 0.00328976
_07260_, 380.3, 157.76, 0.00328976
_07261_, 380.3, 157.76, 0.00328976
_09508_, 380.3, 157.76, 0.00328976
FILLER_0_54_805, 380.3, 157.76, 0.00328976
FILLER_0_54_813, 380.3, 157.76, 0.00328976
_07268_, 392.29, 157.76, 0.00330063
_07272_, 392.29, 157.76, 0.00330063
_07336_, 392.29, 157.76, 0.00330063
_07359_, 392.29, 157.76, 0.00330063
FILLER_0_53_835, 392.29, 157.76, 0.00330063
FILLER_0_54_836, 392.29, 157.76, 0.00330063
FILLER_0_55_841, 392.29, 157.76, 0.00330063
FILLER_0_54_863, 404.28, 157.76, 0.00330063
FILLER_0_53_890, 416.27, 157.76, 0.00330063
FILLER_0_54_905, 416.27, 157.76, 0.00330063
_12562_, 5.52, 152.32, 0.0047392
PHY_102, 5.52, 152.32, 0.0047392
PHY_104, 5.52, 152.32, 0.0047392
output102, 5.52, 152.32, 0.0047392
PHY_103, 428.26, 152.32, 0.00353139
PHY_105, 428.26, 152.32, 0.00353139
input41, 428.26, 152.32, 0.00353139
FILLER_0_51_909, 428.26, 152.32, 0.00353139
_12567_, 15.33, 152.32, 0.00472816
_12573_, 15.33, 152.32, 0.00472816
_12294_, 37.94, 152.32, 0.00473125
FILLER_0_52_63, 37.94, 152.32, 0.00473125
FILLER_0_52_73, 37.94, 152.32, 0.00473125
FILLER_0_52_81, 37.94, 152.32, 0.00473125
_12152_, 50.74, 152.32, 0.00474813
_12228_, 50.74, 152.32, 0.00474813
_12229_, 50.74, 152.32, 0.00474813
_12231_, 50.74, 152.32, 0.00474813
_12269_, 50.74, 152.32, 0.00474813
_12270_, 50.74, 152.32, 0.00474813
FILLER_0_51_93, 50.74, 152.32, 0.00474813
FILLER_0_52_85, 50.74, 152.32, 0.00474813
FILLER_0_53_107, 50.74, 152.32, 0.00474813
_12226_, 63.54, 152.32, 0.00475932
_12230_, 63.54, 152.32, 0.00475932
FILLER_0_52_137, 63.54, 152.32, 0.00475932
FILLER_0_53_137, 63.54, 152.32, 0.00475932
_12147_, 76.34, 152.32, 0.00476941
_12148_, 76.34, 152.32, 0.00476941
_12149_, 76.34, 152.32, 0.00476941
_12150_, 76.34, 152.32, 0.00476941
_12151_, 76.34, 152.32, 0.00476941
FILLER_0_51_141, 76.34, 152.32, 0.00476941
FILLER_0_51_153, 76.34, 152.32, 0.00476941
FILLER_0_52_153, 76.34, 152.32, 0.00476941
FILLER_0_53_161, 76.34, 152.32, 0.00476941
_10982_, 89.14, 152.32, 0.00477516
_10983_, 89.14, 152.32, 0.00477516
_12116_, 89.14, 152.32, 0.00477516
_12117_, 89.14, 152.32, 0.00477516
_12119_, 89.14, 152.32, 0.00477516
_12120_, 89.14, 152.32, 0.00477516
_12146_, 89.14, 152.32, 0.00477516
FILLER_0_51_169, 89.14, 152.32, 0.00477516
FILLER_0_53_185, 89.14, 152.32, 0.00477516
FILLER_0_53_194, 89.14, 152.32, 0.00477516
_10805_, 101.94, 152.32, 0.00477473
_11115_, 101.94, 152.32, 0.00477473
_11223_, 101.94, 152.32, 0.00477473
_11224_, 101.94, 152.32, 0.00477473
_11226_, 101.94, 152.32, 0.00477473
FILLER_0_51_199, 101.94, 152.32, 0.00477473
FILLER_0_52_221, 101.94, 152.32, 0.00477473
FILLER_0_53_217, 101.94, 152.32, 0.00477473
_11102_, 114.74, 152.32, 0.00476908
_11212_, 114.74, 152.32, 0.00476908
_11213_, 114.74, 152.32, 0.00476908
_11214_, 114.74, 152.32, 0.00476908
FILLER_0_51_225, 114.74, 152.32, 0.00476908
FILLER_0_52_241, 114.74, 152.32, 0.00476908
FILLER_0_52_249, 114.74, 152.32, 0.00476908
_10964_, 127.54, 152.32, 0.00476237
_10965_, 127.54, 152.32, 0.00476237
_10966_, 127.54, 152.32, 0.00476237
_10969_, 127.54, 152.32, 0.00476237
_11098_, 127.54, 152.32, 0.00476237
_11101_, 127.54, 152.32, 0.00476237
FILLER_0_52_253, 127.54, 152.32, 0.00476237
FILLER_0_53_273, 127.54, 152.32, 0.00476237
_10602_, 140.34, 152.32, 0.00475286
_10605_, 140.34, 152.32, 0.00475286
_10826_, 140.34, 152.32, 0.00475286
_10827_, 140.34, 152.32, 0.00475286
_10828_, 140.34, 152.32, 0.00475286
_11100_, 140.34, 152.32, 0.00475286
FILLER_0_52_289, 140.34, 152.32, 0.00475286
_10492_, 153.14, 152.32, 0.00474059
_10597_, 153.14, 152.32, 0.00474059
_10599_, 153.14, 152.32, 0.00474059
_10600_, 153.14, 152.32, 0.00474059
_10601_, 153.14, 152.32, 0.00474059
_10603_, 153.14, 152.32, 0.00474059
_10824_, 153.14, 152.32, 0.00474059
_10825_, 153.14, 152.32, 0.00474059
_10148_, 165.94, 152.32, 0.00472419
_10489_, 165.94, 152.32, 0.00472419
_10493_, 165.94, 152.32, 0.00472419
FILLER_0_52_359, 165.94, 152.32, 0.00472419
FILLER_0_53_359, 165.94, 152.32, 0.00472419
_07749_, 191.54, 152.32, 0.00466554
_08558_, 191.54, 152.32, 0.00466554
_09801_, 191.54, 152.32, 0.00466554
_09952_, 191.54, 152.32, 0.00466554
FILLER_0_51_393, 191.54, 152.32, 0.00466554
FILLER_0_52_395, 191.54, 152.32, 0.00466554
_09807_, 204.34, 152.32, 0.00461955
_09808_, 204.34, 152.32, 0.00461955
_10205_, 204.34, 152.32, 0.00461955
FILLER_0_51_419, 204.34, 152.32, 0.00461955
FILLER_0_52_421, 204.34, 152.32, 0.00461955
FILLER_0_52_440, 204.34, 152.32, 0.00461955
FILLER_0_53_438, 204.34, 152.32, 0.00461955
_08126_, 217.14, 152.32, 0.00454416
_08127_, 217.14, 152.32, 0.00454416
_09642_, 217.14, 152.32, 0.00454416
_09643_, 217.14, 152.32, 0.00454416
_09644_, 217.14, 152.32, 0.00454416
FILLER_0_51_449, 217.14, 152.32, 0.00454416
FILLER_0_52_448, 217.14, 152.32, 0.00454416
FILLER_0_52_462, 217.14, 152.32, 0.00454416
FILLER_0_53_472, 217.14, 152.32, 0.00454416
_08128_, 229.94, 152.32, 0.00444164
_10446_, 229.94, 152.32, 0.00444164
FILLER_0_53_494, 229.94, 152.32, 0.00444164
_07038_, 242.74, 152.32, 0.00432763
_08817_, 242.74, 152.32, 0.00432763
_10099_, 242.74, 152.32, 0.00432763
FILLER_0_51_505, 242.74, 152.32, 0.00432763
FILLER_0_53_517, 242.74, 152.32, 0.00432763
_08641_, 255.54, 152.32, 0.00421072
_09015_, 255.54, 152.32, 0.00421072
_09095_, 255.54, 152.32, 0.00421072
FILLER_0_52_552, 255.54, 152.32, 0.00421072
_07743_, 268.34, 152.32, 0.00409217
_08575_, 268.34, 152.32, 0.00409217
_08667_, 268.34, 152.32, 0.00409217
_08680_, 268.34, 152.32, 0.00409217
_09002_, 268.34, 152.32, 0.00409217
_09004_, 268.34, 152.32, 0.00409217
FILLER_0_51_561, 268.34, 152.32, 0.00409217
FILLER_0_52_565, 268.34, 152.32, 0.00409217
FILLER_0_52_581, 268.34, 152.32, 0.00409217
FILLER_0_53_581, 268.34, 152.32, 0.00409217
_08555_, 281.14, 152.32, 0.00396831
_08681_, 281.14, 152.32, 0.00396831
_08691_, 281.14, 152.32, 0.00396831
_08692_, 281.14, 152.32, 0.00396831
_08693_, 281.14, 152.32, 0.00396831
FILLER_0_52_601, 281.14, 152.32, 0.00396831
FILLER_0_53_611, 281.14, 152.32, 0.00396831
_08682_, 293.94, 152.32, 0.00383982
_08694_, 293.94, 152.32, 0.00383982
_08695_, 293.94, 152.32, 0.00383982
_09000_, 293.94, 152.32, 0.00383982
FILLER_0_52_621, 293.94, 152.32, 0.00383982
_08580_, 306.74, 152.32, 0.00370813
_09017_, 306.74, 152.32, 0.00370813
_09019_, 306.74, 152.32, 0.00370813
_09123_, 306.74, 152.32, 0.00370813
FILLER_0_52_641, 306.74, 152.32, 0.00370813
FILLER_0_52_655, 306.74, 152.32, 0.00370813
FILLER_0_53_666, 306.74, 152.32, 0.00370813
_08808_, 319.54, 152.32, 0.00357407
_08995_, 319.54, 152.32, 0.00357407
FILLER_0_52_691, 319.54, 152.32, 0.00357407
_06616_, 344.33, 152.32, 0.00345689
_08965_, 344.33, 152.32, 0.00345689
_09491_, 344.33, 152.32, 0.00345689
FILLER_0_52_743, 344.33, 152.32, 0.00345689
_07213_, 356.32, 152.32, 0.00347339
_09493_, 356.32, 152.32, 0.00347339
_09501_, 356.32, 152.32, 0.00347339
_09699_, 356.32, 152.32, 0.00347339
_09700_, 356.32, 152.32, 0.00347339
FILLER_0_52_753, 356.32, 152.32, 0.00347339
FILLER_0_52_757, 356.32, 152.32, 0.00347339
FILLER_0_53_773, 356.32, 152.32, 0.00347339
_07239_, 368.31, 152.32, 0.00348799
_09695_, 368.31, 152.32, 0.00348799
FILLER_0_52_800, 368.31, 152.32, 0.00348799
_07252_, 380.3, 152.32, 0.00350174
_09507_, 380.3, 152.32, 0.00350174
_09509_, 380.3, 152.32, 0.00350174
_09510_, 380.3, 152.32, 0.00350174
FILLER_0_53_820, 380.3, 152.32, 0.00350174
_07273_, 392.29, 152.32, 0.00351368
_07291_, 392.29, 152.32, 0.00351368
_07292_, 392.29, 152.32, 0.00351368
FILLER_0_51_834, 392.29, 152.32, 0.00351368
FILLER_0_52_831, 392.29, 152.32, 0.00351368
_12763_, 416.27, 152.32, 0.00353118
FILLER_0_51_889, 416.27, 152.32, 0.00353118
_12564_, 5.52, 146.88, 0.004651
PHY_98, 5.52, 146.88, 0.004651
PHY_100, 5.52, 146.88, 0.004651
FILLER_0_50_3, 5.52, 146.88, 0.004651
FILLER_0_51_3, 5.52, 146.88, 0.004651
PHY_99, 428.26, 146.88, 0.00374506
PHY_101, 428.26, 146.88, 0.00374506
FILLER_0_49_909, 428.26, 146.88, 0.00374506
FILLER_0_50_913, 428.26, 146.88, 0.00374506
_12536_, 15.33, 146.88, 0.00464977
_12565_, 15.33, 146.88, 0.00464977
_12566_, 15.33, 146.88, 0.00464977
FILLER_0_50_22, 15.33, 146.88, 0.00464977
FILLER_0_50_29, 15.33, 146.88, 0.00464977
FILLER_0_51_28, 15.33, 146.88, 0.00464977
_12291_, 37.94, 146.88, 0.00467852
_12362_, 37.94, 146.88, 0.00467852
_12363_, 37.94, 146.88, 0.00467852
_12366_, 37.94, 146.88, 0.00467852
FILLER_0_49_57, 37.94, 146.88, 0.00467852
FILLER_0_50_59, 37.94, 146.88, 0.00467852
_12225_, 50.74, 146.88, 0.00470401
_12227_, 50.74, 146.88, 0.00470401
_12273_, 50.74, 146.88, 0.00470401
_12327_, 50.74, 146.88, 0.00470401
_12328_, 50.74, 146.88, 0.00470401
FILLER_0_49_88, 50.74, 146.88, 0.00470401
FILLER_0_49_96, 50.74, 146.88, 0.00470401
FILLER_0_50_98, 50.74, 146.88, 0.00470401
FILLER_0_50_106, 50.74, 146.88, 0.00470401
FILLER_0_51_105, 50.74, 146.88, 0.00470401
_12027_, 63.54, 146.88, 0.00472665
_12124_, 63.54, 146.88, 0.00472665
_12141_, 63.54, 146.88, 0.00472665
_12271_, 63.54, 146.88, 0.00472665
_12272_, 63.54, 146.88, 0.00472665
FILLER_0_49_125, 63.54, 146.88, 0.00472665
FILLER_0_50_135, 63.54, 146.88, 0.00472665
FILLER_0_51_133, 63.54, 146.88, 0.00472665
_12143_, 76.34, 146.88, 0.00474718
_12144_, 76.34, 146.88, 0.00474718
_12145_, 76.34, 146.88, 0.00474718
_12222_, 76.34, 146.88, 0.00474718
FILLER_0_49_147, 76.34, 146.88, 0.00474718
FILLER_0_51_165, 76.34, 146.88, 0.00474718
FILLER_0_49_181, 89.14, 146.88, 0.00476515
_11113_, 101.94, 146.88, 0.00478312
_11225_, 101.94, 146.88, 0.00478312
_11227_, 101.94, 146.88, 0.00478312
FILLER_0_50_197, 101.94, 146.88, 0.00478312
FILLER_0_50_223, 101.94, 146.88, 0.00478312
FILLER_0_51_220, 101.94, 146.88, 0.00478312
_10968_, 114.74, 146.88, 0.0048001
_11103_, 114.74, 146.88, 0.0048001
_11104_, 114.74, 146.88, 0.0048001
_11215_, 114.74, 146.88, 0.0048001
FILLER_0_49_225, 114.74, 146.88, 0.0048001
FILLER_0_50_243, 114.74, 146.88, 0.0048001
FILLER_0_51_241, 114.74, 146.88, 0.0048001
_10820_, 127.54, 146.88, 0.00481473
_10967_, 127.54, 146.88, 0.00481473
_10970_, 127.54, 146.88, 0.00481473
_10971_, 127.54, 146.88, 0.00481473
_11099_, 127.54, 146.88, 0.00481473
FILLER_0_49_261, 127.54, 146.88, 0.00481473
FILLER_0_50_263, 127.54, 146.88, 0.00481473
_10604_, 140.34, 146.88, 0.00482654
_10606_, 140.34, 146.88, 0.00482654
_10607_, 140.34, 146.88, 0.00482654
_10608_, 140.34, 146.88, 0.00482654
_10609_, 140.34, 146.88, 0.00482654
_10829_, 140.34, 146.88, 0.00482654
FILLER_0_50_281, 140.34, 146.88, 0.00482654
FILLER_0_50_290, 140.34, 146.88, 0.00482654
_10490_, 153.14, 146.88, 0.00483348
_10494_, 153.14, 146.88, 0.00483348
_10495_, 153.14, 146.88, 0.00483348
FILLER_0_50_309, 153.14, 146.88, 0.00483348
FILLER_0_51_326, 153.14, 146.88, 0.00483348
_10149_, 165.94, 146.88, 0.00483814
_10319_, 165.94, 146.88, 0.00483814
_10497_, 165.94, 146.88, 0.00483814
FILLER_0_50_337, 165.94, 146.88, 0.00483814
_09639_, 191.54, 146.88, 0.00489808
_09640_, 191.54, 146.88, 0.00489808
_09641_, 191.54, 146.88, 0.00489808
_10151_, 191.54, 146.88, 0.00489808
FILLER_0_50_396, 191.54, 146.88, 0.00489808
FILLER_0_50_414, 191.54, 146.88, 0.00489808
_09809_, 204.34, 146.88, 0.00495354
_09936_, 204.34, 146.88, 0.00495354
_10024_, 204.34, 146.88, 0.00495354
_10204_, 204.34, 146.88, 0.00495354
_10206_, 204.34, 146.88, 0.00495354
FILLER_0_50_421, 204.34, 146.88, 0.00495354
FILLER_0_50_429, 204.34, 146.88, 0.00495354
FILLER_0_50_439, 204.34, 146.88, 0.00495354
_09810_, 217.14, 146.88, 0.00490741
_09811_, 217.14, 146.88, 0.00490741
_09812_, 217.14, 146.88, 0.00490741
_10203_, 217.14, 146.88, 0.00490741
FILLER_0_50_471, 217.14, 146.88, 0.00490741
_08458_, 229.94, 146.88, 0.00481143
_09909_, 229.94, 146.88, 0.00481143
_09910_, 229.94, 146.88, 0.00481143
FILLER_0_50_489, 229.94, 146.88, 0.00481143
FILLER_0_51_490, 229.94, 146.88, 0.00481143
_09096_, 242.74, 146.88, 0.00468846
_09911_, 242.74, 146.88, 0.00468846
_09912_, 242.74, 146.88, 0.00468846
_09913_, 242.74, 146.88, 0.00468846
_10098_, 242.74, 146.88, 0.00468846
_10100_, 242.74, 146.88, 0.00468846
_10101_, 242.74, 146.88, 0.00468846
_10102_, 242.74, 146.88, 0.00468846
FILLER_0_50_524, 242.74, 146.88, 0.00468846
FILLER_0_51_522, 242.74, 146.88, 0.00468846
_07040_, 255.54, 146.88, 0.00456148
_07744_, 255.54, 146.88, 0.00456148
_08562_, 255.54, 146.88, 0.00456148
_09205_, 255.54, 146.88, 0.00456148
_09206_, 255.54, 146.88, 0.00456148
FILLER_0_50_539, 255.54, 146.88, 0.00456148
FILLER_0_51_554, 255.54, 146.88, 0.00456148
_07760_, 268.34, 146.88, 0.00442734
_09055_, 268.34, 146.88, 0.00442734
_09193_, 268.34, 146.88, 0.00442734
FILLER_0_50_559, 268.34, 146.88, 0.00442734
FILLER_0_50_571, 268.34, 146.88, 0.00442734
_08998_, 281.14, 146.88, 0.00428923
_09192_, 281.14, 146.88, 0.00428923
_09194_, 281.14, 146.88, 0.00428923
FILLER_0_50_607, 281.14, 146.88, 0.00428923
FILLER_0_51_605, 281.14, 146.88, 0.00428923
FILLER_0_51_613, 281.14, 146.88, 0.00428923
_08587_, 293.94, 146.88, 0.00414948
_08696_, 293.94, 146.88, 0.00414948
_08999_, 293.94, 146.88, 0.00414948
_09005_, 293.94, 146.88, 0.00414948
_09121_, 293.94, 146.88, 0.00414948
FILLER_0_50_618, 293.94, 146.88, 0.00414948
_08582_, 306.74, 146.88, 0.00400588
_08586_, 306.74, 146.88, 0.00400588
_08594_, 306.74, 146.88, 0.00400588
_09006_, 306.74, 146.88, 0.00400588
FILLER_0_51_663, 306.74, 146.88, 0.00400588
_08996_, 319.54, 146.88, 0.00386002
_08997_, 319.54, 146.88, 0.00386002
_09018_, 319.54, 146.88, 0.00386002
_09028_, 319.54, 146.88, 0.00386002
_09029_, 319.54, 146.88, 0.00386002
FILLER_0_50_679, 319.54, 146.88, 0.00386002
FILLER_0_50_693, 319.54, 146.88, 0.00386002
_07888_, 344.33, 146.88, 0.00370799
_08657_, 344.33, 146.88, 0.00370799
_09500_, 344.33, 146.88, 0.00370799
FILLER_0_50_737, 344.33, 146.88, 0.00370799
FILLER_0_50_747, 344.33, 146.88, 0.00370799
_07230_, 356.32, 146.88, 0.00372224
_09499_, 356.32, 146.88, 0.00372224
_09697_, 356.32, 146.88, 0.00372224
_09698_, 356.32, 146.88, 0.00372224
FILLER_0_50_757, 356.32, 146.88, 0.00372224
_07240_, 368.31, 146.88, 0.00373321
_09502_, 368.31, 146.88, 0.00373321
_09503_, 368.31, 146.88, 0.00373321
FILLER_0_49_777, 368.31, 146.88, 0.00373321
FILLER_0_50_777, 368.31, 146.88, 0.00373321
FILLER_0_51_797, 368.31, 146.88, 0.00373321
_07258_, 380.3, 146.88, 0.00374036
_09511_, 380.3, 146.88, 0.00374036
_09703_, 380.3, 146.88, 0.00374036
FILLER_0_49_804, 380.3, 146.88, 0.00374036
FILLER_0_50_805, 380.3, 146.88, 0.00374036
_07270_, 392.29, 146.88, 0.00374506
_07293_, 392.29, 146.88, 0.00374506
_07294_, 392.29, 146.88, 0.00374506
FILLER_0_50_831, 392.29, 146.88, 0.00374506
FILLER_0_50_861, 404.28, 146.88, 0.00374506
FILLER_0_50_905, 416.27, 146.88, 0.00374506
PHY_94, 5.52, 141.44, 0.00462566
PHY_96, 5.52, 141.44, 0.00462566
FILLER_0_48_3, 5.52, 141.44, 0.00462566
PHY_95, 428.26, 141.44, 0.00428698
PHY_97, 428.26, 141.44, 0.00428698
FILLER_0_47_909, 428.26, 141.44, 0.00428698
FILLER_0_48_913, 428.26, 141.44, 0.00428698
_12537_, 15.33, 141.44, 0.00462566
_12538_, 15.33, 141.44, 0.00462566
_12539_, 15.33, 141.44, 0.00462566
_12540_, 15.33, 141.44, 0.00462566
_12541_, 15.33, 141.44, 0.00462566
_12542_, 15.33, 141.44, 0.00462566
FILLER_0_47_11, 15.33, 141.44, 0.00462566
FILLER_0_48_25, 15.33, 141.44, 0.00462566
_12361_, 37.94, 141.44, 0.00465837
_12364_, 37.94, 141.44, 0.00465837
_12365_, 37.94, 141.44, 0.00465837
FILLER_0_47_57, 37.94, 141.44, 0.00465837
FILLER_0_48_73, 37.94, 141.44, 0.00465837
FILLER_0_48_81, 37.94, 141.44, 0.00465837
_12220_, 50.74, 141.44, 0.0046958
_12223_, 50.74, 141.44, 0.0046958
_12224_, 50.74, 141.44, 0.0046958
FILLER_0_48_97, 50.74, 141.44, 0.0046958
FILLER_0_49_108, 50.74, 141.44, 0.0046958
_12025_, 63.54, 141.44, 0.00473188
_12217_, 63.54, 141.44, 0.00473188
_12278_, 63.54, 141.44, 0.00473188
FILLER_0_47_113, 63.54, 141.44, 0.00473188
FILLER_0_47_121, 63.54, 141.44, 0.00473188
FILLER_0_48_131, 63.54, 141.44, 0.00473188
_11940_, 76.34, 141.44, 0.00476578
_12329_, 76.34, 141.44, 0.00476578
_12330_, 76.34, 141.44, 0.00476578
FILLER_0_47_149, 76.34, 141.44, 0.00476578
FILLER_0_48_141, 76.34, 141.44, 0.00476578
FILLER_0_49_161, 76.34, 141.44, 0.00476578
_11393_, 89.14, 141.44, 0.00479718
_11394_, 89.14, 141.44, 0.00479718
_11395_, 89.14, 141.44, 0.00479718
FILLER_0_48_182, 89.14, 141.44, 0.00479718
FILLER_0_48_192, 89.14, 141.44, 0.00479718
_11222_, 101.94, 141.44, 0.00482706
_11228_, 101.94, 141.44, 0.00482706
_11229_, 101.94, 141.44, 0.00482706
_11230_, 101.94, 141.44, 0.00482706
FILLER_0_48_197, 101.94, 141.44, 0.00482706
_10973_, 114.74, 141.44, 0.00485551
_11105_, 114.74, 141.44, 0.00485551
_11210_, 114.74, 141.44, 0.00485551
_11216_, 114.74, 141.44, 0.00485551
FILLER_0_48_225, 114.74, 141.44, 0.00485551
_10830_, 127.54, 141.44, 0.00488036
_10831_, 127.54, 141.44, 0.00488036
_10972_, 127.54, 141.44, 0.00488036
FILLER_0_48_253, 127.54, 141.44, 0.00488036
FILLER_0_49_270, 127.54, 141.44, 0.00488036
_10610_, 140.34, 141.44, 0.00490129
_10611_, 140.34, 141.44, 0.00490129
max_cap139, 140.34, 141.44, 0.00490129
wire3, 140.34, 141.44, 0.00490129
FILLER_0_47_281, 140.34, 141.44, 0.00490129
FILLER_0_48_284, 140.34, 141.44, 0.00490129
FILLER_0_48_305, 140.34, 141.44, 0.00490129
_10491_, 153.14, 141.44, 0.00491894
_10496_, 153.14, 141.44, 0.00491894
_10613_, 153.14, 141.44, 0.00491894
FILLER_0_48_309, 153.14, 141.44, 0.00491894
FILLER_0_49_322, 153.14, 141.44, 0.00491894
FILLER_0_49_329, 153.14, 141.44, 0.00491894
_10310_, 165.94, 141.44, 0.00493299
_10499_, 165.94, 141.44, 0.00493299
_10500_, 165.94, 141.44, 0.00493299
FILLER_0_47_337, 165.94, 141.44, 0.00493299
FILLER_0_48_359, 165.94, 141.44, 0.00493299
_10200_, 191.54, 141.44, 0.00505355
_10201_, 191.54, 141.44, 0.00505355
_10202_, 191.54, 141.44, 0.00505355
_10308_, 191.54, 141.44, 0.00505355
_10372_, 191.54, 141.44, 0.00505355
_10373_, 191.54, 141.44, 0.00505355
_10374_, 191.54, 141.44, 0.00505355
_10530_, 191.54, 141.44, 0.00505355
FILLER_0_48_394, 191.54, 141.44, 0.00505355
FILLER_0_48_400, 191.54, 141.44, 0.00505355
FILLER_0_48_412, 191.54, 141.44, 0.00505355
_10025_, 204.34, 141.44, 0.00509283
_10207_, 204.34, 141.44, 0.00509283
FILLER_0_48_433, 204.34, 141.44, 0.00509283
FILLER_0_49_444, 204.34, 141.44, 0.00509283
_07034_, 217.14, 141.44, 0.00502282
_09645_, 217.14, 141.44, 0.00502282
_09646_, 217.14, 141.44, 0.00502282
FILLER_0_47_449, 217.14, 141.44, 0.00502282
FILLER_0_48_458, 217.14, 141.44, 0.00502282
FILLER_0_48_472, 217.14, 141.44, 0.00502282
FILLER_0_49_461, 217.14, 141.44, 0.00502282
FILLER_0_49_473, 217.14, 141.44, 0.00502282
_07031_, 229.94, 141.44, 0.00492445
_08457_, 229.94, 141.44, 0.00492445
_08637_, 229.94, 141.44, 0.00492445
_09717_, 229.94, 141.44, 0.00492445
_09718_, 229.94, 141.44, 0.00492445
FILLER_0_47_477, 229.94, 141.44, 0.00492445
FILLER_0_48_490, 229.94, 141.44, 0.00492445
FILLER_0_49_501, 229.94, 141.44, 0.00492445
_09917_, 242.74, 141.44, 0.0048144
_10103_, 242.74, 141.44, 0.0048144
FILLER_0_47_510, 242.74, 141.44, 0.0048144
FILLER_0_48_527, 242.74, 141.44, 0.0048144
_09054_, 255.54, 141.44, 0.0047034
_09097_, 255.54, 141.44, 0.0047034
_09207_, 255.54, 141.44, 0.0047034
FILLER_0_48_533, 255.54, 141.44, 0.0047034
FILLER_0_48_553, 255.54, 141.44, 0.0047034
FILLER_0_49_545, 255.54, 141.44, 0.0047034
FILLER_0_49_555, 255.54, 141.44, 0.0047034
_08600_, 268.34, 141.44, 0.00459097
_08660_, 268.34, 141.44, 0.00459097
_08661_, 268.34, 141.44, 0.00459097
_09082_, 268.34, 141.44, 0.00459097
FILLER_0_48_561, 268.34, 141.44, 0.00459097
_07751_, 281.14, 141.44, 0.00447522
_08662_, 281.14, 141.44, 0.00447522
_09081_, 281.14, 141.44, 0.00447522
_09120_, 281.14, 141.44, 0.00447522
_09044_, 293.94, 141.44, 0.00435592
FILLER_0_48_635, 293.94, 141.44, 0.00435592
FILLER_0_49_639, 293.94, 141.44, 0.00435592
_08589_, 306.74, 141.44, 0.0042361
_08590_, 306.74, 141.44, 0.0042361
_08595_, 306.74, 141.44, 0.0042361
_09007_, 306.74, 141.44, 0.0042361
_09022_, 306.74, 141.44, 0.0042361
FILLER_0_48_660, 306.74, 141.44, 0.0042361
_09020_, 319.54, 141.44, 0.00411146
_09021_, 319.54, 141.44, 0.00411146
_09060_, 319.54, 141.44, 0.00411146
_09061_, 319.54, 141.44, 0.00411146
_09124_, 319.54, 141.44, 0.00411146
_09163_, 344.33, 141.44, 0.00408657
_09171_, 344.33, 141.44, 0.00408657
_09172_, 344.33, 141.44, 0.00408657
_09173_, 344.33, 141.44, 0.00408657
_09166_, 356.32, 141.44, 0.00416169
_12608_, 356.32, 141.44, 0.00416169
_12609_, 356.32, 141.44, 0.00416169
_12610_, 356.32, 141.44, 0.00416169
FILLER_0_47_760, 356.32, 141.44, 0.00416169
FILLER_0_47_777, 368.31, 141.44, 0.00420366
FILLER_0_47_785, 368.31, 141.44, 0.00420366
_07243_, 380.3, 141.44, 0.00424563
_09513_, 380.3, 141.44, 0.00424563
FILLER_0_48_808, 380.3, 141.44, 0.00424563
FILLER_0_48_825, 380.3, 141.44, 0.00424563
FILLER_0_49_824, 380.3, 141.44, 0.00424563
_07212_, 392.29, 141.44, 0.00428698
_07295_, 392.29, 141.44, 0.00428698
_09519_, 392.29, 141.44, 0.00428698
clkbuf_4_11_0_clk, 392.29, 141.44, 0.00428698
FILLER_0_48_861, 404.28, 141.44, 0.00428698
FILLER_0_47_889, 416.27, 141.44, 0.00428698
FILLER_0_48_905, 416.27, 141.44, 0.00428698
_12706_, 5.52, 136, 0.00454466
PHY_90, 5.52, 136, 0.00454466
PHY_92, 5.52, 136, 0.00454466
FILLER_0_47_3, 5.52, 136, 0.00454466
PHY_91, 428.26, 136, 0.00439615
PHY_93, 428.26, 136, 0.00439615
output74, 428.26, 136, 0.00439615
FILLER_0_45_909, 428.26, 136, 0.00439615
FILLER_0_46_913, 428.26, 136, 0.00439615
_12493_, 15.33, 136, 0.00453559
FILLER_0_45_21, 15.33, 136, 0.00453559
FILLER_0_46_23, 15.33, 136, 0.00453559
FILLER_0_46_29, 15.33, 136, 0.00453559
FILLER_0_47_24, 15.33, 136, 0.00453559
_12386_, 37.94, 136, 0.00458082
FILLER_0_45_69, 37.94, 136, 0.00458082
FILLER_0_46_61, 37.94, 136, 0.00458082
_12156_, 50.74, 136, 0.00463513
_12211_, 50.74, 136, 0.00463513
_12218_, 50.74, 136, 0.00463513
_12219_, 50.74, 136, 0.00463513
_12221_, 50.74, 136, 0.00463513
_12289_, 50.74, 136, 0.00463513
FILLER_0_46_109, 50.74, 136, 0.00463513
FILLER_0_47_102, 50.74, 136, 0.00463513
_12154_, 63.54, 136, 0.00468537
_12155_, 63.54, 136, 0.00468537
_12215_, 63.54, 136, 0.00468537
_12216_, 63.54, 136, 0.00468537
_12274_, 63.54, 136, 0.00468537
FILLER_0_45_121, 63.54, 136, 0.00468537
FILLER_0_46_131, 63.54, 136, 0.00468537
_11515_, 76.34, 136, 0.00473323
_11629_, 76.34, 136, 0.00473323
_12212_, 76.34, 136, 0.00473323
_12213_, 76.34, 136, 0.00473323
_12214_, 76.34, 136, 0.00473323
FILLER_0_46_154, 76.34, 136, 0.00473323
FILLER_0_46_163, 76.34, 136, 0.00473323
FILLER_0_47_156, 76.34, 136, 0.00473323
_11391_, 89.14, 136, 0.00477645
_11392_, 89.14, 136, 0.00477645
_11396_, 89.14, 136, 0.00477645
_11519_, 89.14, 136, 0.00477645
_11520_, 89.14, 136, 0.00477645
_11631_, 89.14, 136, 0.00477645
_11632_, 89.14, 136, 0.00477645
FILLER_0_45_180, 89.14, 136, 0.00477645
FILLER_0_46_184, 89.14, 136, 0.00477645
FILLER_0_47_193, 89.14, 136, 0.00477645
_11217_, 101.94, 136, 0.00481623
_11231_, 101.94, 136, 0.00481623
_11232_, 101.94, 136, 0.00481623
_11233_, 101.94, 136, 0.00481623
_11234_, 101.94, 136, 0.00481623
_11404_, 101.94, 136, 0.00481623
FILLER_0_46_211, 101.94, 136, 0.00481623
FILLER_0_46_219, 101.94, 136, 0.00481623
_11107_, 114.74, 136, 0.00485257
_11218_, 114.74, 136, 0.00485257
_11219_, 114.74, 136, 0.00485257
_11220_, 114.74, 136, 0.00485257
_10974_, 127.54, 136, 0.00488361
_10975_, 127.54, 136, 0.00488361
_10978_, 127.54, 136, 0.00488361
FILLER_0_45_253, 127.54, 136, 0.00488361
FILLER_0_47_269, 127.54, 136, 0.00488361
FILLER_0_47_277, 127.54, 136, 0.00488361
_10833_, 140.34, 136, 0.00490986
_10834_, 140.34, 136, 0.00490986
_10835_, 140.34, 136, 0.00490986
_10977_, 140.34, 136, 0.00490986
FILLER_0_45_290, 140.34, 136, 0.00490986
FILLER_0_46_285, 140.34, 136, 0.00490986
FILLER_0_46_300, 140.34, 136, 0.00490986
_10498_, 153.14, 136, 0.00493105
_10612_, 153.14, 136, 0.00493105
FILLER_0_47_321, 153.14, 136, 0.00493105
FILLER_0_47_333, 153.14, 136, 0.00493105
_10501_, 165.94, 136, 0.00495036
_10502_, 165.94, 136, 0.00495036
_10503_, 165.94, 136, 0.00495036
_10527_, 165.94, 136, 0.00495036
_10616_, 165.94, 136, 0.00495036
_10375_, 191.54, 136, 0.00499935
_10531_, 191.54, 136, 0.00499935
FILLER_0_46_416, 191.54, 136, 0.00499935
_07039_, 204.34, 136, 0.0049601
_09813_, 204.34, 136, 0.0049601
_10059_, 204.34, 136, 0.0049601
FILLER_0_46_421, 204.34, 136, 0.0049601
_07032_, 217.14, 136, 0.00489528
_09729_, 217.14, 136, 0.00489528
_09848_, 217.14, 136, 0.00489528
_09849_, 217.14, 136, 0.00489528
_09851_, 217.14, 136, 0.00489528
FILLER_0_46_447, 217.14, 136, 0.00489528
_07208_, 229.94, 136, 0.00482681
_08556_, 229.94, 136, 0.00482681
_10650_, 229.94, 136, 0.00482681
_10651_, 229.94, 136, 0.00482681
FILLER_0_46_495, 229.94, 136, 0.00482681
FILLER_0_47_493, 229.94, 136, 0.00482681
FILLER_0_47_501, 229.94, 136, 0.00482681
_09209_, 242.74, 136, 0.00475299
_09908_, 242.74, 136, 0.00475299
_09914_, 242.74, 136, 0.00475299
_09915_, 242.74, 136, 0.00475299
_09916_, 242.74, 136, 0.00475299
_09919_, 242.74, 136, 0.00475299
_09920_, 242.74, 136, 0.00475299
_10104_, 242.74, 136, 0.00475299
FILLER_0_46_521, 242.74, 136, 0.00475299
FILLER_0_47_528, 242.74, 136, 0.00475299
_08564_, 255.54, 136, 0.00467517
_09053_, 255.54, 136, 0.00467517
_09098_, 255.54, 136, 0.00467517
_09208_, 255.54, 136, 0.00467517
_09210_, 255.54, 136, 0.00467517
FILLER_0_46_547, 255.54, 136, 0.00467517
_08565_, 268.34, 136, 0.00459464
_08603_, 268.34, 136, 0.00459464
_08604_, 268.34, 136, 0.00459464
FILLER_0_45_568, 268.34, 136, 0.00459464
FILLER_0_46_570, 268.34, 136, 0.00459464
_08592_, 281.14, 136, 0.00451209
_08605_, 281.14, 136, 0.00451209
_09037_, 281.14, 136, 0.00451209
_09083_, 281.14, 136, 0.00451209
FILLER_0_45_587, 281.14, 136, 0.00451209
FILLER_0_46_592, 281.14, 136, 0.00451209
FILLER_0_46_600, 281.14, 136, 0.00451209
_08591_, 293.94, 136, 0.00442586
_08593_, 293.94, 136, 0.00442586
_08601_, 293.94, 136, 0.00442586
_09039_, 293.94, 136, 0.00442586
_09045_, 293.94, 136, 0.00442586
_09046_, 293.94, 136, 0.00442586
FILLER_0_45_627, 293.94, 136, 0.00442586
FILLER_0_46_615, 293.94, 136, 0.00442586
FILLER_0_46_630, 293.94, 136, 0.00442586
_08596_, 306.74, 136, 0.00433476
_08609_, 306.74, 136, 0.00433476
_09125_, 306.74, 136, 0.00433476
FILLER_0_45_641, 306.74, 136, 0.00433476
FILLER_0_46_665, 306.74, 136, 0.00433476
_09023_, 319.54, 136, 0.00424163
_09024_, 319.54, 136, 0.00424163
_09119_, 319.54, 136, 0.00424163
_09126_, 319.54, 136, 0.00424163
_09227_, 319.54, 136, 0.00424163
FILLER_0_46_673, 319.54, 136, 0.00424163
FILLER_0_46_690, 319.54, 136, 0.00424163
_09156_, 344.33, 136, 0.00420576
FILLER_0_45_725, 344.33, 136, 0.00420576
FILLER_0_47_741, 344.33, 136, 0.00420576
_07331_, 356.32, 136, 0.00426276
_09167_, 356.32, 136, 0.00426276
_09174_, 356.32, 136, 0.00426276
_09505_, 356.32, 136, 0.00426276
FILLER_0_46_753, 356.32, 136, 0.00426276
FILLER_0_46_766, 356.32, 136, 0.00426276
_07242_, 368.31, 136, 0.00429564
_09504_, 368.31, 136, 0.00429564
_09506_, 368.31, 136, 0.00429564
_09705_, 368.31, 136, 0.00429564
_09706_, 368.31, 136, 0.00429564
_09707_, 368.31, 136, 0.00429564
_09708_, 368.31, 136, 0.00429564
_09900_, 368.31, 136, 0.00429564
FILLER_0_47_801, 368.31, 136, 0.00429564
_07259_, 380.3, 136, 0.00432171
_07269_, 380.3, 136, 0.00432171
_09512_, 380.3, 136, 0.00432171
_09514_, 380.3, 136, 0.00432171
_09702_, 380.3, 136, 0.00432171
_09704_, 380.3, 136, 0.00432171
FILLER_0_45_804, 380.3, 136, 0.00432171
FILLER_0_47_822, 380.3, 136, 0.00432171
FILLER_0_45_837, 392.29, 136, 0.00434292
FILLER_0_46_861, 404.28, 136, 0.00436412
_12667_, 416.27, 136, 0.00438533
FILLER_0_45_889, 416.27, 136, 0.00438533
PHY_86, 5.52, 130.56, 0.00451617
PHY_88, 5.52, 130.56, 0.00451617
output117, 5.52, 130.56, 0.00451617
PHY_87, 428.26, 130.56, 0.00467329
PHY_89, 428.26, 130.56, 0.00467329
FILLER_0_43_909, 428.26, 130.56, 0.00467329
FILLER_0_44_913, 428.26, 130.56, 0.00467329
_12500_, 15.33, 130.56, 0.00450608
_12501_, 15.33, 130.56, 0.00450608
_12503_, 15.33, 130.56, 0.00450608
FILLER_0_43_15, 15.33, 130.56, 0.00450608
FILLER_0_44_15, 15.33, 130.56, 0.00450608
FILLER_0_44_29, 15.33, 130.56, 0.00450608
_12290_, 37.94, 130.56, 0.00455226
_12416_, 37.94, 130.56, 0.00455226
_12417_, 37.94, 130.56, 0.00455226
_12418_, 37.94, 130.56, 0.00455226
FILLER_0_43_69, 37.94, 130.56, 0.00455226
FILLER_0_44_73, 37.94, 130.56, 0.00455226
FILLER_0_44_81, 37.94, 130.56, 0.00455226
FILLER_0_45_80, 37.94, 130.56, 0.00455226
_12275_, 50.74, 130.56, 0.0046109
FILLER_0_44_97, 50.74, 130.56, 0.0046109
FILLER_0_44_105, 50.74, 130.56, 0.0046109
_12279_, 63.54, 130.56, 0.00466902
_12282_, 63.54, 130.56, 0.00466902
_12283_, 63.54, 130.56, 0.00466902
_12286_, 63.54, 130.56, 0.00466902
FILLER_0_44_113, 63.54, 130.56, 0.00466902
FILLER_0_44_121, 63.54, 130.56, 0.00466902
FILLER_0_44_129, 63.54, 130.56, 0.00466902
FILLER_0_44_137, 63.54, 130.56, 0.00466902
_11630_, 76.34, 130.56, 0.0047248
_12285_, 76.34, 130.56, 0.0047248
_12401_, 76.34, 130.56, 0.0047248
_11390_, 89.14, 130.56, 0.00477988
_11397_, 89.14, 130.56, 0.00477988
_11398_, 89.14, 130.56, 0.00477988
_11400_, 89.14, 130.56, 0.00477988
FILLER_0_44_177, 89.14, 130.56, 0.00477988
FILLER_0_44_189, 89.14, 130.56, 0.00477988
_11112_, 101.94, 130.56, 0.00483107
_11117_, 101.94, 130.56, 0.00483107
_11221_, 101.94, 130.56, 0.00483107
FILLER_0_44_197, 101.94, 130.56, 0.00483107
FILLER_0_44_218, 101.94, 130.56, 0.00483107
FILLER_0_45_220, 101.94, 130.56, 0.00483107
_10976_, 114.74, 130.56, 0.00487946
_11106_, 114.74, 130.56, 0.00487946
_11108_, 114.74, 130.56, 0.00487946
_11109_, 114.74, 130.56, 0.00487946
FILLER_0_43_225, 114.74, 130.56, 0.00487946
FILLER_0_44_226, 114.74, 130.56, 0.00487946
_10832_, 127.54, 130.56, 0.00492145
_10836_, 127.54, 130.56, 0.00492145
_10979_, 127.54, 130.56, 0.00492145
FILLER_0_44_272, 127.54, 130.56, 0.00492145
FILLER_0_45_275, 127.54, 130.56, 0.00492145
_10614_, 140.34, 130.56, 0.00495473
_10615_, 140.34, 130.56, 0.00495473
_10806_, 140.34, 130.56, 0.00495473
_10837_, 140.34, 130.56, 0.00495473
_10838_, 140.34, 130.56, 0.00495473
FILLER_0_44_284, 140.34, 130.56, 0.00495473
FILLER_0_44_292, 140.34, 130.56, 0.00495473
_10617_, 153.14, 130.56, 0.00497947
_10618_, 153.14, 130.56, 0.00497947
_10619_, 153.14, 130.56, 0.00497947
_10627_, 153.14, 130.56, 0.00497947
_10629_, 153.14, 130.56, 0.00497947
_10843_, 153.14, 130.56, 0.00497947
FILLER_0_45_325, 153.14, 130.56, 0.00497947
FILLER_0_45_333, 153.14, 130.56, 0.00497947
_09203_, 165.94, 130.56, 0.00498541
_10528_, 165.94, 130.56, 0.00498541
_10529_, 165.94, 130.56, 0.00498541
_10638_, 165.94, 130.56, 0.00498541
FILLER_0_43_348, 165.94, 130.56, 0.00498541
FILLER_0_44_336, 165.94, 130.56, 0.00498541
FILLER_0_44_356, 165.94, 130.56, 0.00498541
_10653_, 191.54, 130.56, 0.00493137
FILLER_0_44_411, 191.54, 130.56, 0.00493137
_10058_, 204.34, 130.56, 0.00489183
_10062_, 204.34, 130.56, 0.00489183
_10652_, 204.34, 130.56, 0.00489183
_10654_, 204.34, 130.56, 0.00489183
_10773_, 204.34, 130.56, 0.00489183
FILLER_0_43_428, 204.34, 130.56, 0.00489183
FILLER_0_44_426, 204.34, 130.56, 0.00489183
FILLER_0_44_439, 204.34, 130.56, 0.00489183
FILLER_0_45_443, 204.34, 130.56, 0.00489183
_09850_, 217.14, 130.56, 0.00485005
_09852_, 217.14, 130.56, 0.00485005
_10061_, 217.14, 130.56, 0.00485005
FILLER_0_44_448, 217.14, 130.56, 0.00485005
FILLER_0_44_471, 217.14, 130.56, 0.00485005
_08815_, 229.94, 130.56, 0.00480692
_08940_, 229.94, 130.56, 0.00480692
_09527_, 229.94, 130.56, 0.00480692
_09918_, 242.74, 130.56, 0.00475842
_10105_, 242.74, 130.56, 0.00475842
_10291_, 242.74, 130.56, 0.00475842
_10292_, 242.74, 130.56, 0.00475842
FILLER_0_43_505, 242.74, 130.56, 0.00475842
FILLER_0_44_508, 242.74, 130.56, 0.00475842
_08563_, 255.54, 130.56, 0.00470758
_08576_, 255.54, 130.56, 0.00470758
_08638_, 255.54, 130.56, 0.00470758
_09099_, 255.54, 130.56, 0.00470758
_09100_, 255.54, 130.56, 0.00470758
FILLER_0_44_533, 255.54, 130.56, 0.00470758
FILLER_0_45_549, 255.54, 130.56, 0.00470758
_08632_, 268.34, 130.56, 0.00465354
_08635_, 268.34, 130.56, 0.00465354
ANTENNA_8, 268.34, 130.56, 0.00465354
FILLER_0_44_568, 268.34, 130.56, 0.00465354
FILLER_0_44_585, 268.34, 130.56, 0.00465354
_08606_, 281.14, 130.56, 0.0045985
_09038_, 281.14, 130.56, 0.0045985
_09084_, 281.14, 130.56, 0.0045985
_09085_, 281.14, 130.56, 0.0045985
_09195_, 281.14, 130.56, 0.0045985
_09197_, 281.14, 130.56, 0.0045985
FILLER_0_43_588, 281.14, 130.56, 0.0045985
FILLER_0_44_602, 281.14, 130.56, 0.0045985
FILLER_0_45_600, 281.14, 130.56, 0.0045985
_08602_, 293.94, 130.56, 0.00453891
FILLER_0_44_640, 293.94, 130.56, 0.00453891
FILLER_0_45_635, 293.94, 130.56, 0.00453891
_08607_, 306.74, 130.56, 0.00447853
_08610_, 306.74, 130.56, 0.00447853
FILLER_0_44_645, 306.74, 130.56, 0.00447853
FILLER_0_45_666, 306.74, 130.56, 0.00447853
_09127_, 319.54, 130.56, 0.00441618
FILLER_0_44_695, 319.54, 130.56, 0.00441618
_09155_, 344.33, 130.56, 0.00444501
_09160_, 344.33, 130.56, 0.00444501
_09175_, 344.33, 130.56, 0.00444501
FILLER_0_44_737, 344.33, 130.56, 0.00444501
_09162_, 356.32, 130.56, 0.0045138
_09701_, 356.32, 130.56, 0.0045138
_09901_, 356.32, 130.56, 0.0045138
FILLER_0_44_750, 356.32, 130.56, 0.0045138
_09709_, 368.31, 130.56, 0.00457232
FILLER_0_43_785, 368.31, 130.56, 0.00457232
FILLER_0_44_788, 368.31, 130.56, 0.00457232
_09515_, 380.3, 130.56, 0.00463026
clkbuf_4_10_0_clk, 380.3, 130.56, 0.00463026
FILLER_0_44_813, 380.3, 130.56, 0.00463026
FILLER_0_45_815, 380.3, 130.56, 0.00463026
_09517_, 392.29, 130.56, 0.00464642
_09518_, 392.29, 130.56, 0.00464642
FILLER_0_43_836, 392.29, 130.56, 0.00464642
FILLER_0_44_863, 404.28, 130.56, 0.00465985
_12666_, 416.27, 130.56, 0.00467329
FILLER_0_43_889, 416.27, 130.56, 0.00467329
PHY_82, 5.52, 125.12, 0.00439327
PHY_84, 5.52, 125.12, 0.00439327
PHY_83, 428.26, 125.12, 0.00505372
PHY_85, 428.26, 125.12, 0.00505372
output70, 428.26, 125.12, 0.00505372
_12498_, 15.33, 125.12, 0.00439327
_12499_, 15.33, 125.12, 0.00439327
_12502_, 15.33, 125.12, 0.00439327
FILLER_0_42_15, 15.33, 125.12, 0.00439327
FILLER_0_42_29, 15.33, 125.12, 0.00439327
FILLER_0_43_30, 15.33, 125.12, 0.00439327
_12288_, 37.94, 125.12, 0.00446712
_12358_, 37.94, 125.12, 0.00446712
_12360_, 37.94, 125.12, 0.00446712
FILLER_0_41_69, 37.94, 125.12, 0.00446712
FILLER_0_42_62, 37.94, 125.12, 0.00446712
FILLER_0_42_74, 37.94, 125.12, 0.00446712
_12276_, 50.74, 125.12, 0.00454047
_12280_, 50.74, 125.12, 0.00454047
_12359_, 50.74, 125.12, 0.00454047
max_cap136, 50.74, 125.12, 0.00454047
FILLER_0_41_90, 50.74, 125.12, 0.00454047
FILLER_0_42_105, 50.74, 125.12, 0.00454047
FILLER_0_42_112, 50.74, 125.12, 0.00454047
_12281_, 63.54, 125.12, 0.00461002
_12284_, 63.54, 125.12, 0.00461002
_12287_, 63.54, 125.12, 0.00461002
_12351_, 63.54, 125.12, 0.00461002
_12352_, 63.54, 125.12, 0.00461002
_12355_, 63.54, 125.12, 0.00461002
FILLER_0_41_113, 63.54, 125.12, 0.00461002
FILLER_0_42_132, 63.54, 125.12, 0.00461002
FILLER_0_43_139, 63.54, 125.12, 0.00461002
_12343_, 76.34, 125.12, 0.00467502
_12344_, 76.34, 125.12, 0.00467502
_12346_, 76.34, 125.12, 0.00467502
_12347_, 76.34, 125.12, 0.00467502
_12400_, 76.34, 125.12, 0.00467502
_12402_, 76.34, 125.12, 0.00467502
FILLER_0_41_141, 76.34, 125.12, 0.00467502
FILLER_0_42_141, 76.34, 125.12, 0.00467502
FILLER_0_43_161, 76.34, 125.12, 0.00467502
_11116_, 89.14, 125.12, 0.0047371
_11399_, 89.14, 125.12, 0.0047371
_11401_, 89.14, 125.12, 0.0047371
FILLER_0_42_169, 89.14, 125.12, 0.0047371
FILLER_0_42_185, 89.14, 125.12, 0.0047371
FILLER_0_42_193, 89.14, 125.12, 0.0047371
FILLER_0_43_188, 89.14, 125.12, 0.0047371
_10984_, 101.94, 125.12, 0.00479743
_10985_, 101.94, 125.12, 0.00479743
_10986_, 101.94, 125.12, 0.00479743
_11111_, 101.94, 125.12, 0.00479743
_11114_, 101.94, 125.12, 0.00479743
_11235_, 101.94, 125.12, 0.00479743
_11236_, 101.94, 125.12, 0.00479743
_11237_, 101.94, 125.12, 0.00479743
FILLER_0_41_197, 101.94, 125.12, 0.00479743
FILLER_0_42_197, 101.94, 125.12, 0.00479743
FILLER_0_43_214, 101.94, 125.12, 0.00479743
_11110_, 114.74, 125.12, 0.00485462
_11118_, 114.74, 125.12, 0.00485462
_11119_, 114.74, 125.12, 0.00485462
FILLER_0_41_237, 114.74, 125.12, 0.00485462
FILLER_0_42_224, 114.74, 125.12, 0.00485462
FILLER_0_42_242, 114.74, 125.12, 0.00485462
_10839_, 127.54, 125.12, 0.00490608
_10840_, 127.54, 125.12, 0.00490608
_10980_, 127.54, 125.12, 0.00490608
_10981_, 127.54, 125.12, 0.00490608
FILLER_0_41_253, 127.54, 125.12, 0.00490608
FILLER_0_42_261, 127.54, 125.12, 0.00490608
FILLER_0_43_275, 127.54, 125.12, 0.00490608
_10844_, 140.34, 125.12, 0.0049492
_10845_, 140.34, 125.12, 0.0049492
FILLER_0_41_281, 140.34, 125.12, 0.0049492
FILLER_0_42_300, 140.34, 125.12, 0.0049492
FILLER_0_43_303, 140.34, 125.12, 0.0049492
_10630_, 153.14, 125.12, 0.00498831
_10631_, 153.14, 125.12, 0.00498831
_10632_, 153.14, 125.12, 0.00498831
_10847_, 153.14, 125.12, 0.00498831
FILLER_0_41_309, 153.14, 125.12, 0.00498831
FILLER_0_42_309, 153.14, 125.12, 0.00498831
FILLER_0_43_328, 153.14, 125.12, 0.00498831
_10761_, 165.94, 125.12, 0.00500736
_10762_, 165.94, 125.12, 0.00500736
_10763_, 165.94, 125.12, 0.00500736
_10765_, 165.94, 125.12, 0.00500736
FILLER_0_42_345, 165.94, 125.12, 0.00500736
FILLER_0_42_361, 165.94, 125.12, 0.00500736
_09524_, 191.54, 125.12, 0.00500585
_10069_, 191.54, 125.12, 0.00500585
_10774_, 191.54, 125.12, 0.00500585
_10776_, 191.54, 125.12, 0.00500585
_10777_, 191.54, 125.12, 0.00500585
FILLER_0_41_393, 191.54, 125.12, 0.00500585
_10060_, 204.34, 125.12, 0.00498259
_10063_, 204.34, 125.12, 0.00498259
_10775_, 204.34, 125.12, 0.00498259
FILLER_0_42_438, 204.34, 125.12, 0.00498259
FILLER_0_43_441, 204.34, 125.12, 0.00498259
_08809_, 217.14, 125.12, 0.00495714
_09847_, 217.14, 125.12, 0.00495714
_09854_, 217.14, 125.12, 0.00495714
_09855_, 217.14, 125.12, 0.00495714
FILLER_0_42_471, 217.14, 125.12, 0.00495714
FILLER_0_43_466, 217.14, 125.12, 0.00495714
_07209_, 229.94, 125.12, 0.00492834
_09523_, 229.94, 125.12, 0.00492834
_09526_, 229.94, 125.12, 0.00492834
_09923_, 229.94, 125.12, 0.00492834
FILLER_0_43_496, 229.94, 125.12, 0.00492834
_10106_, 242.74, 125.12, 0.00489462
_10459_, 242.74, 125.12, 0.00489462
_10460_, 242.74, 125.12, 0.00489462
_10461_, 242.74, 125.12, 0.00489462
FILLER_0_42_502, 242.74, 125.12, 0.00489462
FILLER_0_42_523, 242.74, 125.12, 0.00489462
FILLER_0_43_527, 242.74, 125.12, 0.00489462
_08570_, 255.54, 125.12, 0.00485854
_08642_, 255.54, 125.12, 0.00485854
_09101_, 255.54, 125.12, 0.00485854
_09102_, 255.54, 125.12, 0.00485854
_09103_, 255.54, 125.12, 0.00485854
_09211_, 255.54, 125.12, 0.00485854
FILLER_0_42_533, 255.54, 125.12, 0.00485854
FILLER_0_42_543, 255.54, 125.12, 0.00485854
FILLER_0_43_552, 255.54, 125.12, 0.00485854
_08639_, 268.34, 125.12, 0.00481902
_09086_, 268.34, 125.12, 0.00481902
_09105_, 268.34, 125.12, 0.00481902
_09196_, 268.34, 125.12, 0.00481902
FILLER_0_41_568, 268.34, 125.12, 0.00481902
FILLER_0_42_577, 268.34, 125.12, 0.00481902
FILLER_0_42_585, 268.34, 125.12, 0.00481902
FILLER_0_43_573, 268.34, 125.12, 0.00481902
_08569_, 281.14, 125.12, 0.0047775
_08633_, 281.14, 125.12, 0.0047775
FILLER_0_41_594, 281.14, 125.12, 0.0047775
FILLER_0_43_613, 281.14, 125.12, 0.0047775
_08571_, 293.94, 125.12, 0.00473496
_08577_, 293.94, 125.12, 0.00473496
_08578_, 293.94, 125.12, 0.00473496
_08608_, 293.94, 125.12, 0.00473496
_08619_, 293.94, 125.12, 0.00473496
_08626_, 293.94, 125.12, 0.00473496
FILLER_0_41_625, 293.94, 125.12, 0.00473496
FILLER_0_42_625, 293.94, 125.12, 0.00473496
_08579_, 306.74, 125.12, 0.00468846
_08597_, 306.74, 125.12, 0.00468846
_08611_, 306.74, 125.12, 0.00468846
_08624_, 306.74, 125.12, 0.00468846
_08628_, 306.74, 125.12, 0.00468846
FILLER_0_42_655, 306.74, 125.12, 0.00468846
FILLER_0_43_664, 306.74, 125.12, 0.00468846
_08612_, 319.54, 125.12, 0.00463853
_08613_, 319.54, 125.12, 0.00463853
_08618_, 319.54, 125.12, 0.00463853
FILLER_0_42_689, 319.54, 125.12, 0.00463853
_09157_, 344.33, 125.12, 0.00475076
_09176_, 344.33, 125.12, 0.00475076
_09177_, 344.33, 125.12, 0.00475076
FILLER_0_41_724, 344.33, 125.12, 0.00475076
FILLER_0_42_730, 344.33, 125.12, 0.00475076
FILLER_0_42_738, 344.33, 125.12, 0.00475076
FILLER_0_43_742, 344.33, 125.12, 0.00475076
_12611_, 356.32, 125.12, 0.00488361
FILLER_0_41_760, 356.32, 125.12, 0.00488361
FILLER_0_42_752, 356.32, 125.12, 0.00488361
_09710_, 368.31, 125.12, 0.00492812
_09711_, 368.31, 125.12, 0.00492812
_09899_, 368.31, 125.12, 0.00492812
_09903_, 368.31, 125.12, 0.00492812
_09904_, 368.31, 125.12, 0.00492812
_10095_, 368.31, 125.12, 0.00492812
_09516_, 380.3, 125.12, 0.00497063
_09520_, 380.3, 125.12, 0.00497063
_09522_, 380.3, 125.12, 0.00497063
FILLER_0_41_806, 380.3, 125.12, 0.00497063
FILLER_0_42_806, 380.3, 125.12, 0.00497063
FILLER_0_42_813, 380.3, 125.12, 0.00497063
FILLER_0_43_815, 380.3, 125.12, 0.00497063
_09713_, 392.29, 125.12, 0.0049961
FILLER_0_41_832, 392.29, 125.12, 0.0049961
FILLER_0_42_859, 404.28, 125.12, 0.00501877
_12663_, 416.27, 125.12, 0.00504143
ANTENNA_11, 416.27, 125.12, 0.00504143
FILLER_0_41_889, 416.27, 125.12, 0.00504143
FILLER_0_42_881, 416.27, 125.12, 0.00504143
FILLER_0_42_889, 416.27, 125.12, 0.00504143
_12658_, 5.52, 119.68, 0.00440953
PHY_78, 5.52, 119.68, 0.00440953
PHY_80, 5.52, 119.68, 0.00440953
output128, 5.52, 119.68, 0.00440953
PHY_79, 428.26, 119.68, 0.00520263
PHY_81, 428.26, 119.68, 0.00520263
FILLER_0_39_909, 428.26, 119.68, 0.00520263
_12490_, 15.33, 119.68, 0.00439338
_12491_, 15.33, 119.68, 0.00439338
_12517_, 15.33, 119.68, 0.00439338
_12518_, 15.33, 119.68, 0.00439338
_12519_, 15.33, 119.68, 0.00439338
_12413_, 37.94, 119.68, 0.00451631
_12415_, 37.94, 119.68, 0.00451631
_12455_, 37.94, 119.68, 0.00451631
clkbuf_4_0_0_clk, 37.94, 119.68, 0.00451631
_12356_, 50.74, 119.68, 0.00462035
_12357_, 50.74, 119.68, 0.00462035
_12412_, 50.74, 119.68, 0.00462035
_12414_, 50.74, 119.68, 0.00462035
wire1, 50.74, 119.68, 0.00462035
FILLER_0_40_104, 50.74, 119.68, 0.00462035
FILLER_0_41_109, 50.74, 119.68, 0.00462035
_12348_, 63.54, 119.68, 0.00471889
_12349_, 63.54, 119.68, 0.00471889
_12350_, 63.54, 119.68, 0.00471889
_12353_, 63.54, 119.68, 0.00471889
_12354_, 63.54, 119.68, 0.00471889
_12345_, 76.34, 119.68, 0.00481538
_12403_, 76.34, 119.68, 0.00481538
_12404_, 76.34, 119.68, 0.00481538
FILLER_0_39_145, 76.34, 119.68, 0.00481538
FILLER_0_40_141, 76.34, 119.68, 0.00481538
FILLER_0_41_165, 76.34, 119.68, 0.00481538
_11402_, 89.14, 119.68, 0.0049106
FILLER_0_40_188, 89.14, 119.68, 0.0049106
_11238_, 101.94, 119.68, 0.00500474
FILLER_0_40_197, 101.94, 119.68, 0.00500474
FILLER_0_40_220, 101.94, 119.68, 0.00500474
FILLER_0_41_214, 101.94, 119.68, 0.00500474
_10987_, 114.74, 119.68, 0.00509785
_10988_, 114.74, 119.68, 0.00509785
_10989_, 114.74, 119.68, 0.00509785
_11120_, 114.74, 119.68, 0.00509785
_11121_, 114.74, 119.68, 0.00509785
FILLER_0_39_225, 114.74, 119.68, 0.00509785
FILLER_0_40_228, 114.74, 119.68, 0.00509785
FILLER_0_40_236, 114.74, 119.68, 0.00509785
FILLER_0_40_244, 114.74, 119.68, 0.00509785
_09011_, 127.54, 119.68, 0.00518012
_10421_, 127.54, 119.68, 0.00518012
_10841_, 127.54, 119.68, 0.00518012
_10842_, 127.54, 119.68, 0.00518012
_10991_, 127.54, 119.68, 0.00518012
_11082_, 127.54, 119.68, 0.00518012
FILLER_0_41_273, 127.54, 119.68, 0.00518012
_10846_, 140.34, 119.68, 0.00524993
_10849_, 140.34, 119.68, 0.00524993
_10993_, 140.34, 119.68, 0.00524993
FILLER_0_39_281, 140.34, 119.68, 0.00524993
FILLER_0_40_299, 140.34, 119.68, 0.00524993
_10532_, 153.14, 119.68, 0.00527826
_10580_, 153.14, 119.68, 0.00527826
_10633_, 153.14, 119.68, 0.00527826
_10848_, 153.14, 119.68, 0.00527826
FILLER_0_40_321, 153.14, 119.68, 0.00527826
_10766_, 165.94, 119.68, 0.00521999
FILLER_0_40_346, 165.94, 119.68, 0.00521999
FILLER_0_40_358, 165.94, 119.68, 0.00521999
_10426_, 191.54, 119.68, 0.00515602
_10644_, 191.54, 119.68, 0.00515602
_10778_, 191.54, 119.68, 0.00515602
ANTENNA_10, 191.54, 119.68, 0.00515602
FILLER_0_39_398, 191.54, 119.68, 0.00515602
FILLER_0_40_399, 191.54, 119.68, 0.00515602
FILLER_0_40_414, 191.54, 119.68, 0.00515602
_09853_, 204.34, 119.68, 0.00514888
_09856_, 204.34, 119.68, 0.00514888
_09857_, 204.34, 119.68, 0.00514888
_09859_, 204.34, 119.68, 0.00514888
_10064_, 204.34, 119.68, 0.00514888
_10422_, 204.34, 119.68, 0.00514888
FILLER_0_39_425, 204.34, 119.68, 0.00514888
FILLER_0_41_438, 204.34, 119.68, 0.00514888
_08816_, 217.14, 119.68, 0.00513894
_09531_, 217.14, 119.68, 0.00513894
_09533_, 217.14, 119.68, 0.00513894
_10065_, 217.14, 119.68, 0.00513894
FILLER_0_40_455, 217.14, 119.68, 0.00513894
_09528_, 229.94, 119.68, 0.00511843
_09529_, 229.94, 119.68, 0.00511843
_09530_, 229.94, 119.68, 0.00511843
_09694_, 229.94, 119.68, 0.00511843
_09716_, 229.94, 119.68, 0.00511843
_09719_, 229.94, 119.68, 0.00511843
_09722_, 229.94, 119.68, 0.00511843
FILLER_0_39_487, 229.94, 119.68, 0.00511843
FILLER_0_41_494, 229.94, 119.68, 0.00511843
_09721_, 242.74, 119.68, 0.00508526
_09922_, 242.74, 119.68, 0.00508526
FILLER_0_40_526, 242.74, 119.68, 0.00508526
FILLER_0_41_529, 242.74, 119.68, 0.00508526
_07413_, 255.54, 119.68, 0.00505048
_08640_, 255.54, 119.68, 0.00505048
_09104_, 255.54, 119.68, 0.00505048
_09212_, 255.54, 119.68, 0.00505048
FILLER_0_40_539, 255.54, 119.68, 0.00505048
FILLER_0_41_552, 255.54, 119.68, 0.00505048
_08636_, 268.34, 119.68, 0.00501202
_08643_, 268.34, 119.68, 0.00501202
_08644_, 268.34, 119.68, 0.00501202
FILLER_0_40_559, 268.34, 119.68, 0.00501202
_08557_, 281.14, 119.68, 0.00497057
_08559_, 281.14, 119.68, 0.00497057
_08560_, 281.14, 119.68, 0.00497057
_09087_, 281.14, 119.68, 0.00497057
_09088_, 281.14, 119.68, 0.00497057
_09089_, 281.14, 119.68, 0.00497057
_09091_, 281.14, 119.68, 0.00497057
FILLER_0_40_589, 281.14, 119.68, 0.00497057
FILLER_0_40_608, 281.14, 119.68, 0.00497057
FILLER_0_41_603, 281.14, 119.68, 0.00497057
_08566_, 293.94, 119.68, 0.00492617
_08567_, 293.94, 119.68, 0.00492617
_08568_, 293.94, 119.68, 0.00492617
_08620_, 293.94, 119.68, 0.00492617
_08627_, 293.94, 119.68, 0.00492617
_08629_, 293.94, 119.68, 0.00492617
_08645_, 293.94, 119.68, 0.00492617
FILLER_0_39_617, 293.94, 119.68, 0.00492617
FILLER_0_40_640, 293.94, 119.68, 0.00492617
_08598_, 306.74, 119.68, 0.00487629
_08599_, 306.74, 119.68, 0.00487629
_08623_, 306.74, 119.68, 0.00487629
_08625_, 306.74, 119.68, 0.00487629
FILLER_0_41_664, 306.74, 119.68, 0.00487629
_08614_, 319.54, 119.68, 0.00482387
_08621_, 319.54, 119.68, 0.00482387
_09032_, 319.54, 119.68, 0.00482387
FILLER_0_39_669, 319.54, 119.68, 0.00482387
FILLER_0_40_696, 319.54, 119.68, 0.00482387
_09147_, 344.33, 119.68, 0.00495866
_09151_, 344.33, 119.68, 0.00495866
_09159_, 344.33, 119.68, 0.00495866
_09178_, 344.33, 119.68, 0.00495866
_12612_, 344.33, 119.68, 0.00495866
FILLER_0_39_729, 344.33, 119.68, 0.00495866
FILLER_0_40_743, 344.33, 119.68, 0.00495866
_09902_, 356.32, 119.68, 0.00506285
_12613_, 356.32, 119.68, 0.00506285
rebuffer2, 356.32, 119.68, 0.00506285
FILLER_0_40_753, 356.32, 119.68, 0.00506285
FILLER_0_40_757, 356.32, 119.68, 0.00506285
FILLER_0_40_767, 356.32, 119.68, 0.00506285
FILLER_0_41_770, 356.32, 119.68, 0.00506285
_09712_, 368.31, 119.68, 0.0051204
_09714_, 368.31, 119.68, 0.0051204
_09898_, 368.31, 119.68, 0.0051204
_09905_, 368.31, 119.68, 0.0051204
_09906_, 368.31, 119.68, 0.0051204
_10094_, 368.31, 119.68, 0.0051204
_10096_, 368.31, 119.68, 0.0051204
FILLER_0_40_789, 368.31, 119.68, 0.0051204
_07360_, 380.3, 119.68, 0.00516577
_09490_, 380.3, 119.68, 0.00516577
_09521_, 380.3, 119.68, 0.00516577
rebuffer15, 380.3, 119.68, 0.00516577
FILLER_0_39_833, 392.29, 119.68, 0.00517806
FILLER_0_40_859, 404.28, 119.68, 0.00519034
_12669_, 416.27, 119.68, 0.00520263
FILLER_0_39_889, 416.27, 119.68, 0.00520263
FILLER_0_40_893, 416.27, 119.68, 0.00520263
PHY_74, 5.52, 114.24, 0.00424381
PHY_76, 5.52, 114.24, 0.00424381
FILLER_0_39_3, 5.52, 114.24, 0.00424381
PHY_75, 428.26, 114.24, 0.00509387
PHY_77, 428.26, 114.24, 0.00509387
FILLER_0_37_909, 428.26, 114.24, 0.00509387
FILLER_0_38_913, 428.26, 114.24, 0.00509387
_12488_, 15.33, 114.24, 0.00424381
_12489_, 15.33, 114.24, 0.00424381
_12516_, 15.33, 114.24, 0.00424381
fanout148, 15.33, 114.24, 0.00424381
FILLER_0_38_15, 15.33, 114.24, 0.00424381
FILLER_0_38_25, 15.33, 114.24, 0.00424381
_12411_, 37.94, 114.24, 0.00434873
_12456_, 37.94, 114.24, 0.00434873
FILLER_0_37_69, 37.94, 114.24, 0.00434873
FILLER_0_38_57, 37.94, 114.24, 0.00434873
FILLER_0_38_73, 37.94, 114.24, 0.00434873
FILLER_0_38_81, 37.94, 114.24, 0.00434873
_12399_, 50.74, 114.24, 0.0044536
_12442_, 50.74, 114.24, 0.0044536
_12444_, 50.74, 114.24, 0.0044536
_12447_, 50.74, 114.24, 0.0044536
_12448_, 50.74, 114.24, 0.0044536
FILLER_0_39_105, 50.74, 114.24, 0.0044536
_12406_, 63.54, 114.24, 0.00455611
_12407_, 63.54, 114.24, 0.00455611
_12408_, 63.54, 114.24, 0.00455611
_12481_, 63.54, 114.24, 0.00455611
_12482_, 63.54, 114.24, 0.00455611
FILLER_0_38_117, 63.54, 114.24, 0.00455611
FILLER_0_38_136, 63.54, 114.24, 0.00455611
FILLER_0_39_137, 63.54, 114.24, 0.00455611
_11516_, 76.34, 114.24, 0.00465534
_11628_, 76.34, 114.24, 0.00465534
_12026_, 76.34, 114.24, 0.00465534
_12142_, 76.34, 114.24, 0.00465534
_12405_, 76.34, 114.24, 0.00465534
FILLER_0_38_147, 76.34, 114.24, 0.00465534
FILLER_0_38_161, 76.34, 114.24, 0.00465534
_11518_, 89.14, 114.24, 0.00474788
_11521_, 89.14, 114.24, 0.00474788
_11522_, 89.14, 114.24, 0.00474788
_11625_, 89.14, 114.24, 0.00474788
_11626_, 89.14, 114.24, 0.00474788
_11627_, 89.14, 114.24, 0.00474788
_11633_, 89.14, 114.24, 0.00474788
FILLER_0_38_189, 89.14, 114.24, 0.00474788
_11239_, 101.94, 114.24, 0.00483655
_11240_, 101.94, 114.24, 0.00483655
_11241_, 101.94, 114.24, 0.00483655
_11403_, 101.94, 114.24, 0.00483655
_11405_, 101.94, 114.24, 0.00483655
FILLER_0_38_204, 101.94, 114.24, 0.00483655
FILLER_0_38_212, 101.94, 114.24, 0.00483655
FILLER_0_39_213, 101.94, 114.24, 0.00483655
FILLER_0_39_221, 101.94, 114.24, 0.00483655
_09539_, 114.74, 114.24, 0.00491835
_10990_, 114.74, 114.24, 0.00491835
_10992_, 114.74, 114.24, 0.00491835
_11122_, 114.74, 114.24, 0.00491835
_11123_, 114.74, 114.24, 0.00491835
_11242_, 114.74, 114.24, 0.00491835
_11243_, 114.74, 114.24, 0.00491835
_11244_, 114.74, 114.24, 0.00491835
FILLER_0_38_233, 114.74, 114.24, 0.00491835
FILLER_0_38_242, 114.74, 114.24, 0.00491835
_10756_, 127.54, 114.24, 0.00496936
FILLER_0_39_276, 127.54, 114.24, 0.00496936
_10760_, 140.34, 114.24, 0.00501857
_10915_, 140.34, 114.24, 0.00501857
_10917_, 140.34, 114.24, 0.00501857
_11261_, 140.34, 114.24, 0.00501857
FILLER_0_37_291, 140.34, 114.24, 0.00501857
FILLER_0_38_289, 140.34, 114.24, 0.00501857
_11061_, 153.14, 114.24, 0.00506641
_11062_, 153.14, 114.24, 0.00506641
FILLER_0_37_319, 153.14, 114.24, 0.00506641
FILLER_0_38_332, 153.14, 114.24, 0.00506641
FILLER_0_39_332, 153.14, 114.24, 0.00506641
_08654_, 165.94, 114.24, 0.00511353
_10647_, 165.94, 114.24, 0.00511353
_10767_, 165.94, 114.24, 0.00511353
_10768_, 165.94, 114.24, 0.00511353
_10769_, 165.94, 114.24, 0.00511353
FILLER_0_38_343, 165.94, 114.24, 0.00511353
FILLER_0_38_351, 165.94, 114.24, 0.00511353
FILLER_0_39_358, 165.94, 114.24, 0.00511353
_08810_, 191.54, 114.24, 0.00516439
_09720_, 191.54, 114.24, 0.00516439
_10252_, 191.54, 114.24, 0.00516439
_10253_, 191.54, 114.24, 0.00516439
_10254_, 191.54, 114.24, 0.00516439
_10432_, 191.54, 114.24, 0.00516439
FILLER_0_38_407, 191.54, 114.24, 0.00516439
FILLER_0_39_409, 191.54, 114.24, 0.00516439
_09732_, 204.34, 114.24, 0.00516783
_09858_, 204.34, 114.24, 0.00516783
_10066_, 204.34, 114.24, 0.00516783
_10263_, 204.34, 114.24, 0.00516783
_10423_, 204.34, 114.24, 0.00516783
FILLER_0_37_424, 204.34, 114.24, 0.00516783
FILLER_0_39_438, 204.34, 114.24, 0.00516783
FILLER_0_39_444, 204.34, 114.24, 0.00516783
_07037_, 217.14, 114.24, 0.00516759
_09532_, 217.14, 114.24, 0.00516759
_09541_, 217.14, 114.24, 0.00516759
_09730_, 217.14, 114.24, 0.00516759
FILLER_0_37_449, 217.14, 114.24, 0.00516759
FILLER_0_38_472, 217.14, 114.24, 0.00516759
FILLER_0_39_470, 217.14, 114.24, 0.00516759
_07210_, 229.94, 114.24, 0.00516105
_07361_, 229.94, 114.24, 0.00516105
_09489_, 229.94, 114.24, 0.00516105
_09921_, 229.94, 114.24, 0.00516105
FILLER_0_38_484, 229.94, 114.24, 0.00516105
FILLER_0_38_497, 229.94, 114.24, 0.00516105
_09248_, 242.74, 114.24, 0.00514776
_09924_, 242.74, 114.24, 0.00514776
_10288_, 242.74, 114.24, 0.00514776
_10289_, 242.74, 114.24, 0.00514776
FILLER_0_37_505, 242.74, 114.24, 0.00514776
FILLER_0_38_518, 242.74, 114.24, 0.00514776
_09204_, 255.54, 114.24, 0.00513218
_09213_, 255.54, 114.24, 0.00513218
_09247_, 255.54, 114.24, 0.00513218
_09250_, 255.54, 114.24, 0.00513218
_09293_, 255.54, 114.24, 0.00513218
FILLER_0_38_543, 255.54, 114.24, 0.00513218
FILLER_0_38_551, 255.54, 114.24, 0.00513218
_08634_, 268.34, 114.24, 0.00511359
_09106_, 268.34, 114.24, 0.00511359
_09107_, 268.34, 114.24, 0.00511359
_09108_, 268.34, 114.24, 0.00511359
FILLER_0_37_561, 268.34, 114.24, 0.00511359
FILLER_0_38_579, 268.34, 114.24, 0.00511359
FILLER_0_39_578, 268.34, 114.24, 0.00511359
_09090_, 281.14, 114.24, 0.00509232
_09198_, 281.14, 114.24, 0.00509232
_09199_, 281.14, 114.24, 0.00509232
FILLER_0_37_595, 281.14, 114.24, 0.00509232
_08572_, 293.94, 114.24, 0.00506927
_08573_, 293.94, 114.24, 0.00506927
_08574_, 293.94, 114.24, 0.00506927
_08646_, 293.94, 114.24, 0.00506927
_08647_, 293.94, 114.24, 0.00506927
FILLER_0_38_618, 293.94, 114.24, 0.00506927
FILLER_0_38_640, 293.94, 114.24, 0.00506927
clkbuf_4_8_0_clk, 306.74, 114.24, 0.00504353
ANTENNA_182, 306.74, 114.24, 0.00504353
FILLER_0_38_645, 306.74, 114.24, 0.00504353
FILLER_0_38_667, 306.74, 114.24, 0.00504353
FILLER_0_39_661, 306.74, 114.24, 0.00504353
_08615_, 319.54, 114.24, 0.00498023
_08616_, 319.54, 114.24, 0.00498023
FILLER_0_37_673, 319.54, 114.24, 0.00498023
_09150_, 344.33, 114.24, 0.00504772
_09152_, 344.33, 114.24, 0.00504772
_09180_, 344.33, 114.24, 0.00504772
_12615_, 344.33, 114.24, 0.00504772
wire133, 344.33, 114.24, 0.00504772
FILLER_0_37_729, 344.33, 114.24, 0.00504772
FILLER_0_38_731, 344.33, 114.24, 0.00504772
_09907_, 356.32, 114.24, 0.00507844
_12617_, 356.32, 114.24, 0.00507844
FILLER_0_38_769, 356.32, 114.24, 0.00507844
_09715_, 368.31, 114.24, 0.00509387
FILLER_0_37_777, 368.31, 114.24, 0.00509387
FILLER_0_39_800, 368.31, 114.24, 0.00509387
FILLER_0_37_833, 392.29, 114.24, 0.00509387
FILLER_0_38_861, 404.28, 114.24, 0.00509387
FILLER_0_37_889, 416.27, 114.24, 0.00509387
FILLER_0_38_905, 416.27, 114.24, 0.00509387
_12668_, 5.52, 108.8, 0.00418338
PHY_70, 5.52, 108.8, 0.00418338
PHY_72, 5.52, 108.8, 0.00418338
FILLER_0_37_3, 5.52, 108.8, 0.00418338
PHY_71, 428.26, 108.8, 0.00538486
PHY_73, 428.26, 108.8, 0.00538486
input7, 428.26, 108.8, 0.00538486
FILLER_0_35_909, 428.26, 108.8, 0.00538486
_12508_, 15.33, 108.8, 0.0041742
_12563_, 15.33, 108.8, 0.0041742
ANTENNA_70, 15.33, 108.8, 0.0041742
_12410_, 37.94, 108.8, 0.00429503
_12451_, 37.94, 108.8, 0.00429503
_12453_, 37.94, 108.8, 0.00429503
_12480_, 37.94, 108.8, 0.00429503
_12510_, 37.94, 108.8, 0.00429503
FILLER_0_36_64, 37.94, 108.8, 0.00429503
_12443_, 50.74, 108.8, 0.00442215
_12445_, 50.74, 108.8, 0.00442215
_12446_, 50.74, 108.8, 0.00442215
_12449_, 50.74, 108.8, 0.00442215
_12450_, 50.74, 108.8, 0.00442215
FILLER_0_36_98, 50.74, 108.8, 0.00442215
_11758_, 63.54, 108.8, 0.00454603
_11760_, 63.54, 108.8, 0.00454603
_12409_, 63.54, 108.8, 0.00454603
_11517_, 76.34, 108.8, 0.00466481
_11747_, 76.34, 108.8, 0.00466481
_11751_, 76.34, 108.8, 0.00466481
FILLER_0_37_156, 76.34, 108.8, 0.00466481
_11523_, 89.14, 108.8, 0.0047471
FILLER_0_37_182, 89.14, 108.8, 0.0047471
_11406_, 101.94, 108.8, 0.00482806
_11407_, 101.94, 108.8, 0.00482806
_11408_, 101.94, 108.8, 0.00482806
_11514_, 101.94, 108.8, 0.00482806
_11524_, 101.94, 108.8, 0.00482806
_11525_, 101.94, 108.8, 0.00482806
FILLER_0_36_201, 101.94, 108.8, 0.00482806
FILLER_0_35_237, 114.74, 108.8, 0.00489727
FILLER_0_36_244, 114.74, 108.8, 0.00489727
_11080_, 127.54, 108.8, 0.00496648
_11259_, 127.54, 108.8, 0.00496648
_11260_, 127.54, 108.8, 0.00496648
_11262_, 127.54, 108.8, 0.00496648
_11263_, 127.54, 108.8, 0.00496648
_11264_, 127.54, 108.8, 0.00496648
_11267_, 127.54, 108.8, 0.00496648
FILLER_0_35_264, 127.54, 108.8, 0.00496648
_10914_, 140.34, 108.8, 0.00503254
_10916_, 140.34, 108.8, 0.00503254
_10919_, 140.34, 108.8, 0.00503254
_10770_, 153.14, 108.8, 0.00509735
_10771_, 153.14, 108.8, 0.00509735
_10918_, 153.14, 108.8, 0.00509735
_10920_, 153.14, 108.8, 0.00509735
_10921_, 153.14, 108.8, 0.00509735
_10922_, 153.14, 108.8, 0.00509735
_11059_, 153.14, 108.8, 0.00509735
_11060_, 153.14, 108.8, 0.00509735
_10649_, 165.94, 108.8, 0.00515438
max_cap146, 165.94, 108.8, 0.00515438
FILLER_0_37_349, 165.94, 108.8, 0.00515438
_10070_, 191.54, 108.8, 0.00522375
_10260_, 191.54, 108.8, 0.00522375
_10261_, 191.54, 108.8, 0.00522375
FILLER_0_36_396, 191.54, 108.8, 0.00522375
FILLER_0_36_415, 191.54, 108.8, 0.00522375
_09860_, 204.34, 108.8, 0.00523695
_09861_, 204.34, 108.8, 0.00523695
_09862_, 204.34, 108.8, 0.00523695
_10056_, 204.34, 108.8, 0.00523695
_10057_, 204.34, 108.8, 0.00523695
FILLER_0_36_421, 204.34, 108.8, 0.00523695
FILLER_0_36_427, 204.34, 108.8, 0.00523695
_09540_, 217.14, 108.8, 0.00524668
_09542_, 217.14, 108.8, 0.00524668
_09728_, 217.14, 108.8, 0.00524668
_09733_, 217.14, 108.8, 0.00524668
FILLER_0_35_449, 217.14, 108.8, 0.00524668
FILLER_0_36_469, 217.14, 108.8, 0.00524668
_07362_, 229.94, 108.8, 0.00525431
_09723_, 229.94, 108.8, 0.00525431
_09724_, 229.94, 108.8, 0.00525431
_09896_, 229.94, 108.8, 0.00525431
FILLER_0_37_499, 229.94, 108.8, 0.00525431
_09525_, 242.74, 108.8, 0.00524837
_10107_, 242.74, 108.8, 0.00524837
_10109_, 242.74, 108.8, 0.00524837
_10290_, 242.74, 108.8, 0.00524837
FILLER_0_36_514, 242.74, 108.8, 0.00524837
FILLER_0_36_527, 242.74, 108.8, 0.00524837
_09214_, 255.54, 108.8, 0.00523801
_09254_, 255.54, 108.8, 0.00523801
_09292_, 255.54, 108.8, 0.00523801
FILLER_0_36_545, 255.54, 108.8, 0.00523801
FILLER_0_37_553, 255.54, 108.8, 0.00523801
_09190_, 268.34, 108.8, 0.00522534
FILLER_0_36_562, 268.34, 108.8, 0.00522534
FILLER_0_36_583, 268.34, 108.8, 0.00522534
_09092_, 281.14, 108.8, 0.00521105
_09093_, 281.14, 108.8, 0.00521105
_09200_, 281.14, 108.8, 0.00521105
_09240_, 281.14, 108.8, 0.00521105
_09286_, 281.14, 108.8, 0.00521105
FILLER_0_36_592, 281.14, 108.8, 0.00521105
FILLER_0_37_611, 281.14, 108.8, 0.00521105
_08648_, 293.94, 108.8, 0.00519403
_09094_, 293.94, 108.8, 0.00519403
_09109_, 293.94, 108.8, 0.00519403
_09111_, 293.94, 108.8, 0.00519403
_09219_, 293.94, 108.8, 0.00519403
FILLER_0_36_620, 293.94, 108.8, 0.00519403
FILLER_0_36_633, 293.94, 108.8, 0.00519403
_08630_, 306.74, 108.8, 0.00516958
_09080_, 306.74, 108.8, 0.00516958
_09112_, 306.74, 108.8, 0.00516958
_09113_, 306.74, 108.8, 0.00516958
FILLER_0_36_641, 306.74, 108.8, 0.00516958
FILLER_0_36_650, 306.74, 108.8, 0.00516958
FILLER_0_37_666, 306.74, 108.8, 0.00516958
_08617_, 319.54, 108.8, 0.00514167
_08622_, 319.54, 108.8, 0.00514167
_08650_, 319.54, 108.8, 0.00514167
_08651_, 319.54, 108.8, 0.00514167
_09026_, 319.54, 108.8, 0.00514167
_09079_, 319.54, 108.8, 0.00514167
FILLER_0_35_681, 319.54, 108.8, 0.00514167
FILLER_0_36_679, 319.54, 108.8, 0.00514167
FILLER_0_36_692, 319.54, 108.8, 0.00514167
_09146_, 344.33, 108.8, 0.00532309
_09179_, 344.33, 108.8, 0.00532309
_12614_, 344.33, 108.8, 0.00532309
_12616_, 344.33, 108.8, 0.00532309
clkbuf_4_9_0_clk, 344.33, 108.8, 0.00532309
FILLER_0_36_740, 344.33, 108.8, 0.00532309
_09141_, 356.32, 108.8, 0.00538218
_12618_, 356.32, 108.8, 0.00538218
_12729_, 356.32, 108.8, 0.00538218
FILLER_0_36_764, 356.32, 108.8, 0.00538218
FILLER_0_36_772, 356.32, 108.8, 0.00538218
FILLER_0_35_781, 368.31, 108.8, 0.00538263
FILLER_0_35_833, 392.29, 108.8, 0.00538352
FILLER_0_36_861, 404.28, 108.8, 0.00538397
FILLER_0_35_889, 416.27, 108.8, 0.00538441
FILLER_0_36_905, 416.27, 108.8, 0.00538441
PHY_66, 5.52, 103.36, 0.00409589
PHY_68, 5.52, 103.36, 0.00409589
output75, 5.52, 103.36, 0.00409589
PHY_67, 428.26, 103.36, 0.00556422
PHY_69, 428.26, 103.36, 0.00556422
FILLER_0_33_909, 428.26, 103.36, 0.00556422
FILLER_0_34_913, 428.26, 103.36, 0.00556422
_12484_, 15.33, 103.36, 0.00408578
_12486_, 15.33, 103.36, 0.00408578
_12513_, 15.33, 103.36, 0.00408578
_12515_, 15.33, 103.36, 0.00408578
_12479_, 37.94, 103.36, 0.00422637
FILLER_0_34_78, 37.94, 103.36, 0.00422637
FILLER_0_35_75, 37.94, 103.36, 0.00422637
FILLER_0_35_102, 50.74, 103.36, 0.00437854
_11748_, 63.54, 103.36, 0.00453071
_12277_, 63.54, 103.36, 0.00453071
clkbuf_4_3_0_clk, 63.54, 103.36, 0.00453071
ANTENNA_181, 63.54, 103.36, 0.00453071
FILLER_0_34_137, 63.54, 103.36, 0.00453071
_11077_, 76.34, 103.36, 0.0046483
_11634_, 76.34, 103.36, 0.0046483
_11759_, 76.34, 103.36, 0.0046483
FILLER_0_33_153, 76.34, 103.36, 0.0046483
_11526_, 89.14, 103.36, 0.00476294
_11616_, 89.14, 103.36, 0.00476294
_11635_, 89.14, 103.36, 0.00476294
_11636_, 89.14, 103.36, 0.00476294
_11746_, 89.14, 103.36, 0.00476294
FILLER_0_33_180, 89.14, 103.36, 0.00476294
FILLER_0_34_186, 89.14, 103.36, 0.00476294
FILLER_0_35_193, 89.14, 103.36, 0.00476294
_11618_, 101.94, 103.36, 0.00487072
FILLER_0_33_196, 101.94, 103.36, 0.00487072
FILLER_0_35_214, 101.94, 103.36, 0.00487072
_11265_, 114.74, 103.36, 0.00497836
_11266_, 114.74, 103.36, 0.00497836
_11268_, 114.74, 103.36, 0.00497836
_11373_, 114.74, 103.36, 0.00497836
_11505_, 114.74, 103.36, 0.00497836
clkbuf_4_2_0_clk, 114.74, 103.36, 0.00497836
FILLER_0_34_233, 114.74, 103.36, 0.00497836
FILLER_0_35_245, 114.74, 103.36, 0.00497836
_11269_, 127.54, 103.36, 0.00504459
_11271_, 127.54, 103.36, 0.00504459
_11369_, 127.54, 103.36, 0.00504459
_11370_, 127.54, 103.36, 0.00504459
_11371_, 127.54, 103.36, 0.00504459
_11372_, 127.54, 103.36, 0.00504459
_11248_, 140.34, 103.36, 0.0051075
_11367_, 140.34, 103.36, 0.0051075
FILLER_0_33_287, 140.34, 103.36, 0.0051075
FILLER_0_34_290, 140.34, 103.36, 0.0051075
FILLER_0_34_304, 140.34, 103.36, 0.0051075
FILLER_0_35_305, 140.34, 103.36, 0.0051075
_10923_, 153.14, 103.36, 0.00516989
FILLER_0_34_309, 153.14, 103.36, 0.00516989
FILLER_0_34_333, 153.14, 103.36, 0.00516989
FILLER_0_35_329, 153.14, 103.36, 0.00516989
_10772_, 165.94, 103.36, 0.005231
_10924_, 165.94, 103.36, 0.005231
_10925_, 165.94, 103.36, 0.005231
_11067_, 165.94, 103.36, 0.005231
FILLER_0_33_337, 165.94, 103.36, 0.005231
FILLER_0_34_356, 165.94, 103.36, 0.005231
_10262_, 191.54, 103.36, 0.00532599
_10424_, 191.54, 103.36, 0.00532599
_10438_, 191.54, 103.36, 0.00532599
FILLER_0_33_393, 191.54, 103.36, 0.00532599
FILLER_0_34_410, 191.54, 103.36, 0.00532599
FILLER_0_35_405, 191.54, 103.36, 0.00532599
_10264_, 204.34, 103.36, 0.00535878
_10265_, 204.34, 103.36, 0.00535878
_10266_, 204.34, 103.36, 0.00535878
_10419_, 204.34, 103.36, 0.00535878
_10420_, 204.34, 103.36, 0.00535878
FILLER_0_34_421, 204.34, 103.36, 0.00535878
FILLER_0_35_439, 204.34, 103.36, 0.00535878
_07363_, 217.14, 103.36, 0.00538801
_09931_, 217.14, 103.36, 0.00538801
FILLER_0_33_449, 217.14, 103.36, 0.00538801
FILLER_0_35_461, 217.14, 103.36, 0.00538801
_07364_, 229.94, 103.36, 0.00539859
_09448_, 229.94, 103.36, 0.00539859
_09897_, 229.94, 103.36, 0.00539859
FILLER_0_35_498, 229.94, 103.36, 0.00539859
_10110_, 242.74, 103.36, 0.00538954
_10293_, 242.74, 103.36, 0.00538954
_10294_, 242.74, 103.36, 0.00538954
_10456_, 242.74, 103.36, 0.00538954
FILLER_0_34_507, 242.74, 103.36, 0.00538954
FILLER_0_34_529, 242.74, 103.36, 0.00538954
_09249_, 255.54, 103.36, 0.00537815
_09252_, 255.54, 103.36, 0.00537815
FILLER_0_33_534, 255.54, 103.36, 0.00537815
FILLER_0_34_533, 255.54, 103.36, 0.00537815
_09191_, 268.34, 103.36, 0.0053659
_09215_, 268.34, 103.36, 0.0053659
_09237_, 268.34, 103.36, 0.0053659
_09238_, 268.34, 103.36, 0.0053659
_09255_, 268.34, 103.36, 0.0053659
_09287_, 268.34, 103.36, 0.0053659
FILLER_0_34_568, 268.34, 103.36, 0.0053659
FILLER_0_34_584, 268.34, 103.36, 0.0053659
FILLER_0_35_573, 268.34, 103.36, 0.0053659
_09201_, 281.14, 103.36, 0.00534971
_09241_, 281.14, 103.36, 0.00534971
_09242_, 281.14, 103.36, 0.00534971
_09244_, 281.14, 103.36, 0.00534971
FILLER_0_35_607, 281.14, 103.36, 0.00534971
_09110_, 293.94, 103.36, 0.00533037
_09202_, 293.94, 103.36, 0.00533037
FILLER_0_34_639, 293.94, 103.36, 0.00533037
FILLER_0_35_629, 293.94, 103.36, 0.00533037
_08649_, 306.74, 103.36, 0.0053091
_09114_, 306.74, 103.36, 0.0053091
_09115_, 306.74, 103.36, 0.0053091
FILLER_0_35_660, 306.74, 103.36, 0.0053091
_08652_, 319.54, 103.36, 0.00528382
_09077_, 319.54, 103.36, 0.00528382
_09117_, 319.54, 103.36, 0.00528382
_09118_, 319.54, 103.36, 0.00528382
FILLER_0_33_682, 319.54, 103.36, 0.00528382
FILLER_0_34_696, 319.54, 103.36, 0.00528382
FILLER_0_35_689, 319.54, 103.36, 0.00528382
_09140_, 344.33, 103.36, 0.0054577
_09183_, 344.33, 103.36, 0.0054577
_09184_, 344.33, 103.36, 0.0054577
_12619_, 344.33, 103.36, 0.0054577
_12620_, 344.33, 103.36, 0.0054577
_12623_, 344.33, 103.36, 0.0054577
ANTENNA_185, 344.33, 103.36, 0.0054577
ANTENNA_186, 344.33, 103.36, 0.0054577
ANTENNA_196, 344.33, 103.36, 0.0054577
FILLER_0_33_729, 344.33, 103.36, 0.0054577
FILLER_0_35_743, 344.33, 103.36, 0.0054577
_12621_, 356.32, 103.36, 0.00556422
ANTENNA_197, 356.32, 103.36, 0.00556422
FILLER_0_33_776, 368.31, 103.36, 0.00556422
FILLER_0_33_833, 392.29, 103.36, 0.00556422
FILLER_0_34_861, 404.28, 103.36, 0.00556422
FILLER_0_33_889, 416.27, 103.36, 0.00556422
FILLER_0_34_905, 416.27, 103.36, 0.00556422
_12757_, 5.52, 97.92, 0.00395581
PHY_62, 5.52, 97.92, 0.00395581
PHY_64, 5.52, 97.92, 0.00395581
PHY_63, 428.26, 97.92, 0.00581363
PHY_65, 428.26, 97.92, 0.00581363
output94, 428.26, 97.92, 0.00581363
FILLER_0_32_913, 428.26, 97.92, 0.00581363
FILLER_0_32_29, 15.33, 97.92, 0.00394881
_12398_, 37.94, 97.92, 0.00407874
_12433_, 37.94, 97.92, 0.00407874
_12434_, 37.94, 97.92, 0.00407874
_12475_, 37.94, 97.92, 0.00407874
FILLER_0_32_78, 37.94, 97.92, 0.00407874
FILLER_0_33_81, 37.94, 97.92, 0.00407874
_12340_, 50.74, 97.92, 0.00421211
_12341_, 50.74, 97.92, 0.00421211
_12342_, 50.74, 97.92, 0.00421211
_12387_, 50.74, 97.92, 0.00421211
_12432_, 50.74, 97.92, 0.00421211
_12476_, 50.74, 97.92, 0.00421211
FILLER_0_31_92, 50.74, 97.92, 0.00421211
FILLER_0_32_112, 50.74, 97.92, 0.00421211
FILLER_0_33_103, 50.74, 97.92, 0.00421211
_11499_, 63.54, 97.92, 0.00434183
_12334_, 63.54, 97.92, 0.00434183
_12335_, 63.54, 97.92, 0.00434183
_12337_, 63.54, 97.92, 0.00434183
_12339_, 63.54, 97.92, 0.00434183
_12389_, 63.54, 97.92, 0.00434183
FILLER_0_31_126, 63.54, 97.92, 0.00434183
_11500_, 76.34, 97.92, 0.00446783
_11615_, 76.34, 97.92, 0.00446783
_11637_, 76.34, 97.92, 0.00446783
_12331_, 76.34, 97.92, 0.00446783
_12332_, 76.34, 97.92, 0.00446783
_12391_, 76.34, 97.92, 0.00446783
FILLER_0_31_151, 76.34, 97.92, 0.00446783
FILLER_0_32_160, 76.34, 97.92, 0.00446783
_11501_, 89.14, 97.92, 0.00458454
_11502_, 89.14, 97.92, 0.00458454
_11617_, 89.14, 97.92, 0.00458454
_11619_, 89.14, 97.92, 0.00458454
_11503_, 101.94, 97.92, 0.00470005
_11504_, 101.94, 97.92, 0.00470005
_11614_, 101.94, 97.92, 0.00470005
FILLER_0_31_199, 101.94, 97.92, 0.00470005
_11270_, 114.74, 97.92, 0.00481395
_11374_, 114.74, 97.92, 0.00481395
_11375_, 114.74, 97.92, 0.00481395
_11376_, 114.74, 97.92, 0.00481395
_11377_, 114.74, 97.92, 0.00481395
_11378_, 114.74, 97.92, 0.00481395
FILLER_0_32_232, 114.74, 97.92, 0.00481395
FILLER_0_32_244, 114.74, 97.92, 0.00481395
_11083_, 127.54, 97.92, 0.00492354
_11368_, 127.54, 97.92, 0.00492354
FILLER_0_32_277, 127.54, 97.92, 0.00492354
FILLER_0_33_267, 127.54, 97.92, 0.00492354
_09367_, 140.34, 97.92, 0.00503215
_11063_, 140.34, 97.92, 0.00503215
_11250_, 140.34, 97.92, 0.00503215
_11251_, 140.34, 97.92, 0.00503215
FILLER_0_31_293, 140.34, 97.92, 0.00503215
FILLER_0_32_288, 140.34, 97.92, 0.00503215
_10926_, 153.14, 97.92, 0.00513769
_11249_, 153.14, 97.92, 0.00513769
FILLER_0_33_325, 153.14, 97.92, 0.00513769
_10781_, 165.94, 97.92, 0.00524232
_10927_, 165.94, 97.92, 0.00524232
_10928_, 165.94, 97.92, 0.00524232
_11066_, 165.94, 97.92, 0.00524232
FILLER_0_32_339, 165.94, 97.92, 0.00524232
FILLER_0_32_349, 165.94, 97.92, 0.00524232
_10255_, 191.54, 97.92, 0.00540657
_10256_, 191.54, 97.92, 0.00540657
_10634_, 191.54, 97.92, 0.00540657
_10635_, 191.54, 97.92, 0.00540657
FILLER_0_31_393, 191.54, 97.92, 0.00540657
FILLER_0_32_413, 191.54, 97.92, 0.00540657
FILLER_0_33_418, 191.54, 97.92, 0.00540657
_10067_, 204.34, 97.92, 0.00546786
_10267_, 204.34, 97.92, 0.00546786
_10268_, 204.34, 97.92, 0.00546786
FILLER_0_32_421, 204.34, 97.92, 0.00546786
FILLER_0_32_438, 204.34, 97.92, 0.00546786
FILLER_0_33_443, 204.34, 97.92, 0.00546786
_09534_, 217.14, 97.92, 0.00552613
_09725_, 217.14, 97.92, 0.00552613
_09726_, 217.14, 97.92, 0.00552613
_09727_, 217.14, 97.92, 0.00552613
_09930_, 217.14, 97.92, 0.00552613
FILLER_0_31_449, 217.14, 97.92, 0.00552613
FILLER_0_33_472, 217.14, 97.92, 0.00552613
_07409_, 229.94, 97.92, 0.00554603
_09535_, 229.94, 97.92, 0.00554603
_09536_, 229.94, 97.92, 0.00554603
FILLER_0_32_477, 229.94, 97.92, 0.00554603
FILLER_0_32_499, 229.94, 97.92, 0.00554603
FILLER_0_33_497, 229.94, 97.92, 0.00554603
_09925_, 242.74, 97.92, 0.00554928
_09926_, 242.74, 97.92, 0.00554928
_10097_, 242.74, 97.92, 0.00554928
_10295_, 242.74, 97.92, 0.00554928
_10296_, 242.74, 97.92, 0.00554928
_10457_, 242.74, 97.92, 0.00554928
FILLER_0_32_513, 242.74, 97.92, 0.00554928
FILLER_0_32_526, 242.74, 97.92, 0.00554928
FILLER_0_33_517, 242.74, 97.92, 0.00554928
_09251_, 255.54, 97.92, 0.00554611
_09253_, 255.54, 97.92, 0.00554611
_09289_, 255.54, 97.92, 0.00554611
_09290_, 255.54, 97.92, 0.00554611
_09291_, 255.54, 97.92, 0.00554611
FILLER_0_32_545, 255.54, 97.92, 0.00554611
_09239_, 268.34, 97.92, 0.00554014
FILLER_0_32_580, 268.34, 97.92, 0.00554014
FILLER_0_33_576, 268.34, 97.92, 0.00554014
FILLER_0_33_585, 268.34, 97.92, 0.00554014
_09243_, 281.14, 97.92, 0.00553351
_09245_, 281.14, 97.92, 0.00553351
_09283_, 281.14, 97.92, 0.00553351
_09284_, 281.14, 97.92, 0.00553351
_09285_, 281.14, 97.92, 0.00553351
FILLER_0_31_598, 281.14, 97.92, 0.00553351
FILLER_0_32_589, 281.14, 97.92, 0.00553351
_09216_, 293.94, 97.92, 0.00552422
_09217_, 293.94, 97.92, 0.00552422
_09218_, 293.94, 97.92, 0.00552422
_09258_, 293.94, 97.92, 0.00552422
FILLER_0_32_639, 293.94, 97.92, 0.00552422
_09116_, 306.74, 97.92, 0.00551025
_09220_, 306.74, 97.92, 0.00551025
_09221_, 306.74, 97.92, 0.00551025
_09222_, 306.74, 97.92, 0.00551025
FILLER_0_32_652, 306.74, 97.92, 0.00551025
FILLER_0_33_660, 306.74, 97.92, 0.00551025
_09128_, 319.54, 97.92, 0.00548701
_09129_, 319.54, 97.92, 0.00548701
_09344_, 319.54, 97.92, 0.00548701
FILLER_0_31_669, 319.54, 97.92, 0.00548701
FILLER_0_32_681, 319.54, 97.92, 0.00548701
FILLER_0_32_696, 319.54, 97.92, 0.00548701
FILLER_0_33_692, 319.54, 97.92, 0.00548701
_09181_, 344.33, 97.92, 0.00572769
_09182_, 344.33, 97.92, 0.00572769
_09185_, 344.33, 97.92, 0.00572769
_12624_, 344.33, 97.92, 0.00572769
FILLER_0_31_729, 344.33, 97.92, 0.00572769
FILLER_0_32_749, 344.33, 97.92, 0.00572769
FILLER_0_31_779, 368.31, 97.92, 0.00575224
FILLER_0_32_805, 380.3, 97.92, 0.00576452
FILLER_0_31_833, 392.29, 97.92, 0.0057768
FILLER_0_32_861, 404.28, 97.92, 0.00578907
FILLER_0_31_889, 416.27, 97.92, 0.00580135
FILLER_0_32_905, 416.27, 97.92, 0.00580135
PHY_58, 5.52, 92.48, 0.00384239
PHY_60, 5.52, 92.48, 0.00384239
input35, 5.52, 92.48, 0.00384239
PHY_59, 428.26, 92.48, 0.00551399
PHY_61, 428.26, 92.48, 0.00551399
FILLER_0_29_909, 428.26, 92.48, 0.00551399
FILLER_0_30_913, 428.26, 92.48, 0.00551399
_12435_, 37.94, 92.48, 0.00401353
_12436_, 37.94, 92.48, 0.00401353
_12438_, 37.94, 92.48, 0.00401353
_12440_, 37.94, 92.48, 0.00401353
_12474_, 37.94, 92.48, 0.00401353
_12477_, 37.94, 92.48, 0.00401353
FILLER_0_31_73, 37.94, 92.48, 0.00401353
_12336_, 50.74, 92.48, 0.00418071
_12338_, 50.74, 92.48, 0.00418071
_12394_, 50.74, 92.48, 0.00418071
_12396_, 50.74, 92.48, 0.00418071
_12397_, 50.74, 92.48, 0.00418071
_12439_, 50.74, 92.48, 0.00418071
max_cap137, 50.74, 92.48, 0.00418071
FILLER_0_30_98, 50.74, 92.48, 0.00418071
_12388_, 63.54, 92.48, 0.00434215
_12390_, 63.54, 92.48, 0.00434215
_12392_, 63.54, 92.48, 0.00434215
_12393_, 63.54, 92.48, 0.00434215
_12395_, 63.54, 92.48, 0.00434215
FILLER_0_30_121, 63.54, 92.48, 0.00434215
FILLER_0_30_130, 63.54, 92.48, 0.00434215
_10757_, 76.34, 92.48, 0.00450057
_11638_, 76.34, 92.48, 0.00450057
_11750_, 76.34, 92.48, 0.00450057
_12333_, 76.34, 92.48, 0.00450057
FILLER_0_31_164, 76.34, 92.48, 0.00450057
_11620_, 89.14, 92.48, 0.00462493
_11743_, 89.14, 92.48, 0.00462493
_11745_, 89.14, 92.48, 0.00462493
FILLER_0_30_179, 89.14, 92.48, 0.00462493
FILLER_0_30_190, 89.14, 92.48, 0.00462493
_11379_, 101.94, 92.48, 0.00474684
_11506_, 101.94, 92.48, 0.00474684
_11508_, 101.94, 92.48, 0.00474684
_11612_, 101.94, 92.48, 0.00474684
_11613_, 101.94, 92.48, 0.00474684
FILLER_0_30_197, 101.94, 92.48, 0.00474684
_08655_, 114.74, 92.48, 0.00486397
_11273_, 114.74, 92.48, 0.00486397
_11274_, 114.74, 92.48, 0.00486397
_11507_, 114.74, 92.48, 0.00486397
FILLER_0_29_225, 114.74, 92.48, 0.00486397
FILLER_0_29_233, 114.74, 92.48, 0.00486397
FILLER_0_30_244, 114.74, 92.48, 0.00486397
FILLER_0_31_240, 114.74, 92.48, 0.00486397
_10942_, 127.54, 92.48, 0.00497618
_10944_, 127.54, 92.48, 0.00497618
_11078_, 127.54, 92.48, 0.00497618
_11079_, 127.54, 92.48, 0.00497618
_11081_, 127.54, 92.48, 0.00497618
_11084_, 127.54, 92.48, 0.00497618
_11272_, 127.54, 92.48, 0.00497618
FILLER_0_31_276, 127.54, 92.48, 0.00497618
_10943_, 140.34, 92.48, 0.00508545
_11068_, 140.34, 92.48, 0.00508545
_11070_, 140.34, 92.48, 0.00508545
_11252_, 140.34, 92.48, 0.00508545
FILLER_0_29_293, 140.34, 92.48, 0.00508545
FILLER_0_30_286, 140.34, 92.48, 0.00508545
FILLER_0_30_298, 140.34, 92.48, 0.00508545
_10929_, 153.14, 92.48, 0.00519338
_10930_, 153.14, 92.48, 0.00519338
_11064_, 153.14, 92.48, 0.00519338
_11065_, 153.14, 92.48, 0.00519338
FILLER_0_30_321, 153.14, 92.48, 0.00519338
_10782_, 165.94, 92.48, 0.00529901
_10931_, 165.94, 92.48, 0.00529901
_10932_, 165.94, 92.48, 0.00529901
FILLER_0_30_336, 165.94, 92.48, 0.00529901
FILLER_0_30_353, 165.94, 92.48, 0.00529901
FILLER_0_30_361, 165.94, 92.48, 0.00529901
_10071_, 191.54, 92.48, 0.00545423
_10248_, 191.54, 92.48, 0.00545423
_10257_, 191.54, 92.48, 0.00545423
_10258_, 191.54, 92.48, 0.00545423
FILLER_0_31_417, 191.54, 92.48, 0.00545423
_10068_, 204.34, 92.48, 0.00550275
_10269_, 204.34, 92.48, 0.00550275
_09544_, 217.14, 92.48, 0.0055464
_09929_, 217.14, 92.48, 0.0055464
FILLER_0_30_465, 217.14, 92.48, 0.0055464
FILLER_0_30_473, 217.14, 92.48, 0.0055464
_09543_, 229.94, 92.48, 0.0055696
_09928_, 229.94, 92.48, 0.0055696
_10113_, 229.94, 92.48, 0.0055696
FILLER_0_31_498, 229.94, 92.48, 0.0055696
_09927_, 242.74, 92.48, 0.00557368
_10111_, 242.74, 92.48, 0.00557368
_10112_, 242.74, 92.48, 0.00557368
_10297_, 242.74, 92.48, 0.00557368
_10298_, 242.74, 92.48, 0.00557368
_10300_, 242.74, 92.48, 0.00557368
FILLER_0_29_505, 242.74, 92.48, 0.00557368
_09256_, 255.54, 92.48, 0.00556501
_09265_, 255.54, 92.48, 0.00556501
_10299_, 255.54, 92.48, 0.00556501
FILLER_0_30_551, 255.54, 92.48, 0.00556501
FILLER_0_31_544, 255.54, 92.48, 0.00556501
_09189_, 268.34, 92.48, 0.0055524
_09294_, 268.34, 92.48, 0.0055524
_09315_, 268.34, 92.48, 0.0055524
_09316_, 268.34, 92.48, 0.0055524
_09317_, 268.34, 92.48, 0.0055524
FILLER_0_29_561, 268.34, 92.48, 0.0055524
FILLER_0_30_571, 268.34, 92.48, 0.0055524
FILLER_0_30_583, 268.34, 92.48, 0.0055524
FILLER_0_31_573, 268.34, 92.48, 0.0055524
_09246_, 281.14, 92.48, 0.00553636
_09288_, 281.14, 92.48, 0.00553636
FILLER_0_30_608, 281.14, 92.48, 0.00553636
FILLER_0_31_611, 281.14, 92.48, 0.00553636
_09236_, 293.94, 92.48, 0.00551871
_09257_, 293.94, 92.48, 0.00551871
_09259_, 293.94, 92.48, 0.00551871
_09260_, 293.94, 92.48, 0.00551871
_09261_, 293.94, 92.48, 0.00551871
FILLER_0_30_619, 293.94, 92.48, 0.00551871
FILLER_0_30_626, 293.94, 92.48, 0.00551871
FILLER_0_31_634, 293.94, 92.48, 0.00551871
_09223_, 306.74, 92.48, 0.00549336
_09224_, 306.74, 92.48, 0.00549336
_09225_, 306.74, 92.48, 0.00549336
_09226_, 306.74, 92.48, 0.00549336
FILLER_0_30_641, 306.74, 92.48, 0.00549336
FILLER_0_31_661, 306.74, 92.48, 0.00549336
_09187_, 319.54, 92.48, 0.00545989
_09228_, 319.54, 92.48, 0.00545989
_09230_, 319.54, 92.48, 0.00545989
_09231_, 319.54, 92.48, 0.00545989
_09276_, 319.54, 92.48, 0.00545989
FILLER_0_29_673, 319.54, 92.48, 0.00545989
FILLER_0_30_670, 319.54, 92.48, 0.00545989
FILLER_0_30_683, 319.54, 92.48, 0.00545989
FILLER_0_30_694, 319.54, 92.48, 0.00545989
FILLER_0_31_685, 319.54, 92.48, 0.00545989
_09233_, 344.33, 92.48, 0.00551399
_09234_, 344.33, 92.48, 0.00551399
_09235_, 344.33, 92.48, 0.00551399
_09281_, 344.33, 92.48, 0.00551399
_12625_, 344.33, 92.48, 0.00551399
_12627_, 344.33, 92.48, 0.00551399
FILLER_0_30_752, 356.32, 92.48, 0.00551399
FILLER_0_30_805, 380.3, 92.48, 0.00551399
FILLER_0_29_833, 392.29, 92.48, 0.00551399
FILLER_0_30_861, 404.28, 92.48, 0.00551399
FILLER_0_29_889, 416.27, 92.48, 0.00551399
FILLER_0_30_905, 416.27, 92.48, 0.00551399
PHY_54, 5.52, 87.04, 0.00371531
PHY_56, 5.52, 87.04, 0.00371531
PHY_55, 428.26, 87.04, 0.00566779
PHY_57, 428.26, 87.04, 0.00566779
FILLER_0_27_909, 428.26, 87.04, 0.00566779
FILLER_0_28_77, 37.94, 87.04, 0.00389081
FILLER_0_29_104, 50.74, 87.04, 0.00406631
FILLER_0_28_133, 63.54, 87.04, 0.00424181
FILLER_0_29_137, 63.54, 87.04, 0.00424181
_11624_, 76.34, 87.04, 0.00441732
_11639_, 76.34, 87.04, 0.00441732
_11527_, 89.14, 87.04, 0.00456994
_11528_, 89.14, 87.04, 0.00456994
_11622_, 89.14, 87.04, 0.00456994
_11744_, 89.14, 87.04, 0.00456994
FILLER_0_27_169, 89.14, 87.04, 0.00456994
_11409_, 101.94, 87.04, 0.00471734
_11410_, 101.94, 87.04, 0.00471734
_11511_, 101.94, 87.04, 0.00471734
_11621_, 101.94, 87.04, 0.00471734
FILLER_0_29_217, 101.94, 87.04, 0.00471734
_08659_, 114.74, 87.04, 0.0048574
_11275_, 114.74, 87.04, 0.0048574
_11381_, 114.74, 87.04, 0.0048574
_11389_, 114.74, 87.04, 0.0048574
_11498_, 114.74, 87.04, 0.0048574
FILLER_0_28_224, 114.74, 87.04, 0.0048574
FILLER_0_28_245, 114.74, 87.04, 0.0048574
_11276_, 127.54, 87.04, 0.00498876
_11277_, 127.54, 87.04, 0.00498876
FILLER_0_28_277, 127.54, 87.04, 0.00498876
FILLER_0_29_276, 127.54, 87.04, 0.00498876
_11069_, 140.34, 87.04, 0.00511767
_11071_, 140.34, 87.04, 0.00511767
_11253_, 140.34, 87.04, 0.00511767
_11254_, 140.34, 87.04, 0.00511767
_11255_, 140.34, 87.04, 0.00511767
_11256_, 140.34, 87.04, 0.00511767
_11257_, 140.34, 87.04, 0.00511767
_11380_, 140.34, 87.04, 0.00511767
FILLER_0_28_305, 140.34, 87.04, 0.00511767
_10783_, 153.14, 87.04, 0.0052403
_10933_, 153.14, 87.04, 0.0052403
_10934_, 153.14, 87.04, 0.0052403
FILLER_0_28_309, 153.14, 87.04, 0.0052403
FILLER_0_28_317, 153.14, 87.04, 0.0052403
FILLER_0_28_327, 153.14, 87.04, 0.0052403
FILLER_0_29_332, 153.14, 87.04, 0.0052403
_10663_, 165.94, 87.04, 0.00535908
_10664_, 165.94, 87.04, 0.00535908
max_cap141, 165.94, 87.04, 0.00535908
FILLER_0_28_350, 165.94, 87.04, 0.00535908
FILLER_0_28_361, 165.94, 87.04, 0.00535908
_10247_, 191.54, 87.04, 0.00554255
_10270_, 191.54, 87.04, 0.00554255
FILLER_0_27_393, 191.54, 87.04, 0.00554255
FILLER_0_27_401, 191.54, 87.04, 0.00554255
FILLER_0_28_411, 191.54, 87.04, 0.00554255
_09932_, 204.34, 87.04, 0.00560646
_10072_, 204.34, 87.04, 0.00560646
FILLER_0_29_443, 204.34, 87.04, 0.00560646
_10116_, 217.14, 87.04, 0.00564739
_10118_, 217.14, 87.04, 0.00564739
_10119_, 217.14, 87.04, 0.00564739
FILLER_0_28_461, 217.14, 87.04, 0.00564739
_10114_, 229.94, 87.04, 0.00567064
_10115_, 229.94, 87.04, 0.00567064
_10117_, 229.94, 87.04, 0.00567064
_10272_, 229.94, 87.04, 0.00567064
FILLER_0_27_487, 229.94, 87.04, 0.00567064
FILLER_0_29_489, 229.94, 87.04, 0.00567064
FILLER_0_29_500, 229.94, 87.04, 0.00567064
_10301_, 242.74, 87.04, 0.00566493
FILLER_0_27_505, 242.74, 87.04, 0.00566493
_09303_, 255.54, 87.04, 0.00565701
_09323_, 255.54, 87.04, 0.00565701
_09324_, 255.54, 87.04, 0.00565701
_09369_, 255.54, 87.04, 0.00565701
FILLER_0_28_533, 255.54, 87.04, 0.00565701
_09001_, 268.34, 87.04, 0.00564756
_09304_, 268.34, 87.04, 0.00564756
_09314_, 268.34, 87.04, 0.00564756
FILLER_0_27_561, 268.34, 87.04, 0.00564756
FILLER_0_28_568, 268.34, 87.04, 0.00564756
FILLER_0_28_579, 268.34, 87.04, 0.00564756
FILLER_0_29_572, 268.34, 87.04, 0.00564756
_09295_, 281.14, 87.04, 0.00563461
_09296_, 281.14, 87.04, 0.00563461
_09297_, 281.14, 87.04, 0.00563461
_09318_, 281.14, 87.04, 0.00563461
FILLER_0_28_607, 281.14, 87.04, 0.00563461
FILLER_0_28_613, 281.14, 87.04, 0.00563461
FILLER_0_29_609, 281.14, 87.04, 0.00563461
_09262_, 293.94, 87.04, 0.00561959
_09298_, 293.94, 87.04, 0.00561959
_09299_, 293.94, 87.04, 0.00561959
_09300_, 293.94, 87.04, 0.00561959
_09319_, 293.94, 87.04, 0.00561959
FILLER_0_28_633, 293.94, 87.04, 0.00561959
FILLER_0_29_629, 293.94, 87.04, 0.00561959
_09188_, 306.74, 87.04, 0.00559606
_09263_, 306.74, 87.04, 0.00559606
_09264_, 306.74, 87.04, 0.00559606
_09270_, 306.74, 87.04, 0.00559606
_09272_, 306.74, 87.04, 0.00559606
_09273_, 306.74, 87.04, 0.00559606
_09282_, 306.74, 87.04, 0.00559606
FILLER_0_28_641, 306.74, 87.04, 0.00559606
FILLER_0_28_656, 306.74, 87.04, 0.00559606
FILLER_0_29_662, 306.74, 87.04, 0.00559606
_09229_, 319.54, 87.04, 0.00556166
_09275_, 319.54, 87.04, 0.00556166
_09277_, 319.54, 87.04, 0.00556166
_09345_, 319.54, 87.04, 0.00556166
_09354_, 319.54, 87.04, 0.00556166
FILLER_0_27_669, 319.54, 87.04, 0.00556166
FILLER_0_28_676, 319.54, 87.04, 0.00556166
FILLER_0_28_684, 319.54, 87.04, 0.00556166
FILLER_0_28_693, 319.54, 87.04, 0.00556166
_09362_, 344.33, 87.04, 0.00557218
_09363_, 344.33, 87.04, 0.00557218
_12626_, 344.33, 87.04, 0.00557218
_12628_, 344.33, 87.04, 0.00557218
FILLER_0_28_748, 344.33, 87.04, 0.00557218
FILLER_0_29_774, 356.32, 87.04, 0.00558812
FILLER_0_27_776, 368.31, 87.04, 0.00560405
FILLER_0_28_805, 380.3, 87.04, 0.00561998
FILLER_0_27_833, 392.29, 87.04, 0.00563592
FILLER_0_28_861, 404.28, 87.04, 0.00565185
_12685_, 416.27, 87.04, 0.00566779
FILLER_0_27_889, 416.27, 87.04, 0.00566779
FILLER_0_28_893, 416.27, 87.04, 0.00566779
_12651_, 5.52, 81.6, 0.00369945
PHY_50, 5.52, 81.6, 0.00369945
PHY_52, 5.52, 81.6, 0.00369945
output77, 5.52, 81.6, 0.00369945
PHY_51, 428.26, 81.6, 0.0059768
PHY_53, 428.26, 81.6, 0.0059768
output76, 428.26, 81.6, 0.0059768
FILLER_0_25_909, 428.26, 81.6, 0.0059768
ANTENNA_20, 15.33, 81.6, 0.00369216
ANTENNA_21, 15.33, 81.6, 0.00369216
FILLER_0_26_21, 15.33, 81.6, 0.00369216
FILLER_0_26_77, 37.94, 81.6, 0.0039873
FILLER_0_27_105, 50.74, 81.6, 0.00428972
_11642_, 63.54, 81.6, 0.00459214
FILLER_0_26_133, 63.54, 81.6, 0.00459214
_11497_, 76.34, 81.6, 0.00483543
_11749_, 76.34, 81.6, 0.00483543
max_cap130, 76.34, 81.6, 0.00483543
FILLER_0_25_149, 76.34, 81.6, 0.00483543
FILLER_0_26_141, 76.34, 81.6, 0.00483543
FILLER_0_26_152, 76.34, 81.6, 0.00483543
FILLER_0_27_160, 76.34, 81.6, 0.00483543
_09267_, 89.14, 81.6, 0.00504104
_11513_, 89.14, 81.6, 0.00504104
_11529_, 89.14, 81.6, 0.00504104
_11530_, 89.14, 81.6, 0.00504104
_11623_, 89.14, 81.6, 0.00504104
_11641_, 89.14, 81.6, 0.00504104
FILLER_0_27_195, 89.14, 81.6, 0.00504104
_11388_, 101.94, 81.6, 0.00516248
_11411_, 101.94, 81.6, 0.00516248
_11509_, 101.94, 81.6, 0.00516248
_11510_, 101.94, 81.6, 0.00516248
_11512_, 101.94, 81.6, 0.00516248
FILLER_0_25_204, 101.94, 81.6, 0.00516248
FILLER_0_26_220, 101.94, 81.6, 0.00516248
_11382_, 114.74, 81.6, 0.00526481
_11383_, 114.74, 81.6, 0.00526481
_11384_, 114.74, 81.6, 0.00526481
_11385_, 114.74, 81.6, 0.00526481
FILLER_0_26_245, 114.74, 81.6, 0.00526481
_11085_, 127.54, 81.6, 0.00535739
_11086_, 127.54, 81.6, 0.00535739
_11087_, 127.54, 81.6, 0.00535739
_11258_, 127.54, 81.6, 0.00535739
_11278_, 127.54, 81.6, 0.00535739
_11280_, 127.54, 81.6, 0.00535739
FILLER_0_26_256, 127.54, 81.6, 0.00535739
FILLER_0_27_274, 127.54, 81.6, 0.00535739
_11073_, 140.34, 81.6, 0.00543765
_11075_, 140.34, 81.6, 0.00543765
_11076_, 140.34, 81.6, 0.00543765
_11247_, 140.34, 81.6, 0.00543765
_10935_, 153.14, 81.6, 0.00551168
_10936_, 153.14, 81.6, 0.00551168
_10939_, 153.14, 81.6, 0.00551168
_11072_, 153.14, 81.6, 0.00551168
_11074_, 153.14, 81.6, 0.00551168
FILLER_0_27_328, 153.14, 81.6, 0.00551168
_10667_, 165.94, 81.6, 0.00557601
_10784_, 165.94, 81.6, 0.00557601
_10786_, 165.94, 81.6, 0.00557601
_10937_, 165.94, 81.6, 0.00557601
FILLER_0_27_349, 165.94, 81.6, 0.00557601
_10271_, 191.54, 81.6, 0.00574897
_10442_, 191.54, 81.6, 0.00574897
_10444_, 191.54, 81.6, 0.00574897
_10669_, 191.54, 81.6, 0.00574897
FILLER_0_26_401, 191.54, 81.6, 0.00574897
_09863_, 204.34, 81.6, 0.00585665
_09933_, 204.34, 81.6, 0.00585665
_10121_, 204.34, 81.6, 0.00585665
_10122_, 204.34, 81.6, 0.00585665
_10125_, 204.34, 81.6, 0.00585665
_10443_, 204.34, 81.6, 0.00585665
FILLER_0_27_433, 204.34, 81.6, 0.00585665
FILLER_0_27_444, 204.34, 81.6, 0.00585665
_09734_, 217.14, 81.6, 0.00593182
_09735_, 217.14, 81.6, 0.00593182
_10120_, 217.14, 81.6, 0.00593182
_10124_, 217.14, 81.6, 0.00593182
_10126_, 217.14, 81.6, 0.00593182
FILLER_0_26_470, 217.14, 81.6, 0.00593182
FILLER_0_27_461, 217.14, 81.6, 0.00593182
_10302_, 229.94, 81.6, 0.0059706
_10303_, 229.94, 81.6, 0.0059706
_10304_, 229.94, 81.6, 0.0059706
_10305_, 229.94, 81.6, 0.0059706
_10465_, 229.94, 81.6, 0.0059706
FILLER_0_26_489, 229.94, 81.6, 0.0059706
_10455_, 242.74, 81.6, 0.00596466
_10462_, 242.74, 81.6, 0.00596466
FILLER_0_25_505, 242.74, 81.6, 0.00596466
FILLER_0_26_527, 242.74, 81.6, 0.00596466
_09325_, 255.54, 81.6, 0.00595603
_09326_, 255.54, 81.6, 0.00595603
_09368_, 255.54, 81.6, 0.00595603
FILLER_0_25_532, 255.54, 81.6, 0.00595603
FILLER_0_25_542, 255.54, 81.6, 0.00595603
FILLER_0_26_533, 255.54, 81.6, 0.00595603
FILLER_0_27_553, 255.54, 81.6, 0.00595603
_09305_, 268.34, 81.6, 0.0059459
_09306_, 268.34, 81.6, 0.0059459
_09330_, 268.34, 81.6, 0.0059459
FILLER_0_26_560, 268.34, 81.6, 0.0059459
FILLER_0_26_566, 268.34, 81.6, 0.0059459
FILLER_0_26_583, 268.34, 81.6, 0.0059459
_09266_, 281.14, 81.6, 0.00593486
_09268_, 281.14, 81.6, 0.00593486
_09269_, 281.14, 81.6, 0.00593486
_09320_, 281.14, 81.6, 0.00593486
_09334_, 281.14, 81.6, 0.00593486
FILLER_0_26_589, 281.14, 81.6, 0.00593486
FILLER_0_26_608, 281.14, 81.6, 0.00593486
_09301_, 293.94, 81.6, 0.00592146
_09302_, 293.94, 81.6, 0.00592146
_09321_, 293.94, 81.6, 0.00592146
_09381_, 293.94, 81.6, 0.00592146
_09382_, 293.94, 81.6, 0.00592146
FILLER_0_25_625, 293.94, 81.6, 0.00592146
FILLER_0_27_640, 293.94, 81.6, 0.00592146
_09271_, 306.74, 81.6, 0.00590229
_09274_, 306.74, 81.6, 0.00590229
_09311_, 306.74, 81.6, 0.00590229
_09312_, 306.74, 81.6, 0.00590229
_09313_, 306.74, 81.6, 0.00590229
_09347_, 306.74, 81.6, 0.00590229
FILLER_0_25_652, 306.74, 81.6, 0.00590229
FILLER_0_27_663, 306.74, 81.6, 0.00590229
_09346_, 319.54, 81.6, 0.0058717
_09349_, 319.54, 81.6, 0.0058717
_09355_, 319.54, 81.6, 0.0058717
FILLER_0_25_673, 319.54, 81.6, 0.0058717
FILLER_0_26_680, 319.54, 81.6, 0.0058717
_09364_, 344.33, 81.6, 0.00590141
ANTENNA_73, 344.33, 81.6, 0.00590141
ANTENNA_74, 344.33, 81.6, 0.00590141
ANTENNA_75, 344.33, 81.6, 0.00590141
FILLER_0_26_805, 380.3, 81.6, 0.00593372
FILLER_0_25_833, 392.29, 81.6, 0.00594449
FILLER_0_26_861, 404.28, 81.6, 0.00595526
FILLER_0_25_889, 416.27, 81.6, 0.00596603
FILLER_0_26_905, 416.27, 81.6, 0.00596603
PHY_46, 5.52, 76.16, 0.00351943
PHY_48, 5.52, 76.16, 0.00351943
PHY_47, 428.26, 76.16, 0.00576018
PHY_49, 428.26, 76.16, 0.00576018
FILLER_0_23_909, 428.26, 76.16, 0.00576018
FILLER_0_24_913, 428.26, 76.16, 0.00576018
FILLER_0_24_77, 37.94, 76.16, 0.00381416
FILLER_0_25_105, 50.74, 76.16, 0.00410889
FILLER_0_24_133, 63.54, 76.16, 0.00440362
_11531_, 76.34, 76.16, 0.00469835
_11532_, 76.34, 76.16, 0.00469835
_11640_, 76.34, 76.16, 0.00469835
FILLER_0_24_153, 76.34, 76.16, 0.00469835
FILLER_0_25_157, 76.34, 76.16, 0.00469835
_11412_, 89.14, 76.16, 0.00486447
_11495_, 89.14, 76.16, 0.00486447
FILLER_0_24_179, 89.14, 76.16, 0.00486447
FILLER_0_25_183, 89.14, 76.16, 0.00486447
_11285_, 101.94, 76.16, 0.00501389
_11386_, 101.94, 76.16, 0.00501389
_11387_, 101.94, 76.16, 0.00501389
FILLER_0_23_206, 101.94, 76.16, 0.00501389
FILLER_0_24_209, 101.94, 76.16, 0.00501389
FILLER_0_25_214, 101.94, 76.16, 0.00501389
_11245_, 114.74, 76.16, 0.00514759
_11279_, 114.74, 76.16, 0.00514759
_11366_, 114.74, 76.16, 0.00514759
FILLER_0_25_241, 114.74, 76.16, 0.00514759
_11088_, 127.54, 76.16, 0.00527252
_11090_, 127.54, 76.16, 0.00527252
_11281_, 127.54, 76.16, 0.00527252
FILLER_0_23_262, 127.54, 76.16, 0.00527252
_10792_, 140.34, 76.16, 0.00538413
_10793_, 140.34, 76.16, 0.00538413
_10794_, 140.34, 76.16, 0.00538413
_10945_, 140.34, 76.16, 0.00538413
_10946_, 140.34, 76.16, 0.00538413
_10947_, 140.34, 76.16, 0.00538413
_10948_, 140.34, 76.16, 0.00538413
_10949_, 140.34, 76.16, 0.00538413
FILLER_0_24_280, 140.34, 76.16, 0.00538413
FILLER_0_24_301, 140.34, 76.16, 0.00538413
FILLER_0_25_301, 140.34, 76.16, 0.00538413
_10791_, 153.14, 76.16, 0.0054816
_10938_, 153.14, 76.16, 0.0054816
_10940_, 153.14, 76.16, 0.0054816
_10941_, 153.14, 76.16, 0.0054816
FILLER_0_24_309, 153.14, 76.16, 0.0054816
FILLER_0_24_323, 153.14, 76.16, 0.0054816
_10787_, 165.94, 76.16, 0.00556799
_10788_, 165.94, 76.16, 0.00556799
_10789_, 165.94, 76.16, 0.00556799
_10790_, 165.94, 76.16, 0.00556799
FILLER_0_23_337, 165.94, 76.16, 0.00556799
FILLER_0_25_353, 165.94, 76.16, 0.00556799
_10445_, 191.54, 76.16, 0.00571556
FILLER_0_23_400, 191.54, 76.16, 0.00571556
FILLER_0_25_418, 191.54, 76.16, 0.00571556
_10123_, 204.34, 76.16, 0.00578123
_10127_, 204.34, 76.16, 0.00578123
FILLER_0_24_445, 204.34, 76.16, 0.00578123
FILLER_0_25_433, 204.34, 76.16, 0.00578123
FILLER_0_25_444, 204.34, 76.16, 0.00578123
_09736_, 217.14, 76.16, 0.00582632
_10128_, 217.14, 76.16, 0.00582632
FILLER_0_23_449, 217.14, 76.16, 0.00582632
FILLER_0_24_469, 217.14, 76.16, 0.00582632
_07410_, 229.94, 76.16, 0.00585061
_07411_, 229.94, 76.16, 0.00585061
_09545_, 229.94, 76.16, 0.00585061
FILLER_0_24_477, 229.94, 76.16, 0.00585061
FILLER_0_24_500, 229.94, 76.16, 0.00585061
FILLER_0_25_500, 229.94, 76.16, 0.00585061
_10463_, 242.74, 76.16, 0.005854
_10674_, 242.74, 76.16, 0.005854
_10675_, 242.74, 76.16, 0.005854
_10679_, 242.74, 76.16, 0.005854
_10680_, 242.74, 76.16, 0.005854
FILLER_0_23_505, 242.74, 76.16, 0.005854
FILLER_0_24_525, 242.74, 76.16, 0.005854
_09327_, 255.54, 76.16, 0.0058531
_09328_, 255.54, 76.16, 0.0058531
_09329_, 255.54, 76.16, 0.0058531
_09370_, 255.54, 76.16, 0.0058531
FILLER_0_23_536, 255.54, 76.16, 0.0058531
FILLER_0_24_533, 255.54, 76.16, 0.0058531
FILLER_0_24_545, 255.54, 76.16, 0.0058531
FILLER_0_24_553, 255.54, 76.16, 0.0058531
FILLER_0_25_557, 255.54, 76.16, 0.0058531
_09307_, 268.34, 76.16, 0.00585049
_09308_, 268.34, 76.16, 0.00585049
_09331_, 268.34, 76.16, 0.00585049
_09332_, 268.34, 76.16, 0.00585049
_09333_, 268.34, 76.16, 0.00585049
FILLER_0_25_573, 268.34, 76.16, 0.00585049
_09335_, 281.14, 76.16, 0.00584502
_09336_, 281.14, 76.16, 0.00584502
_09337_, 281.14, 76.16, 0.00584502
FILLER_0_25_613, 281.14, 76.16, 0.00584502
_09309_, 293.94, 76.16, 0.00583716
_09310_, 293.94, 76.16, 0.00583716
_09322_, 293.94, 76.16, 0.00583716
FILLER_0_24_615, 293.94, 76.16, 0.00583716
FILLER_0_25_634, 293.94, 76.16, 0.00583716
_09338_, 306.74, 76.16, 0.0058247
_09340_, 306.74, 76.16, 0.0058247
_09341_, 306.74, 76.16, 0.0058247
_09342_, 306.74, 76.16, 0.0058247
_09343_, 306.74, 76.16, 0.0058247
_09348_, 306.74, 76.16, 0.0058247
_09365_, 306.74, 76.16, 0.0058247
FILLER_0_24_641, 306.74, 76.16, 0.0058247
FILLER_0_24_645, 306.74, 76.16, 0.0058247
FILLER_0_25_660, 306.74, 76.16, 0.0058247
FILLER_0_25_666, 306.74, 76.16, 0.0058247
_09350_, 319.54, 76.16, 0.00578109
_09400_, 319.54, 76.16, 0.00578109
_09401_, 319.54, 76.16, 0.00578109
FILLER_0_23_673, 319.54, 76.16, 0.00578109
FILLER_0_24_674, 319.54, 76.16, 0.00578109
_12630_, 344.33, 76.16, 0.00576018
_12631_, 344.33, 76.16, 0.00576018
_12632_, 344.33, 76.16, 0.00576018
FILLER_0_24_753, 356.32, 76.16, 0.00576018
FILLER_0_25_774, 356.32, 76.16, 0.00576018
FILLER_0_23_777, 368.31, 76.16, 0.00576018
FILLER_0_23_809, 380.3, 76.16, 0.00576018
FILLER_0_24_805, 380.3, 76.16, 0.00576018
FILLER_0_24_861, 404.28, 76.16, 0.00576018
FILLER_0_23_889, 416.27, 76.16, 0.00576018
FILLER_0_24_905, 416.27, 76.16, 0.00576018
_12730_, 5.52, 70.72, 0.00345463
PHY_42, 5.52, 70.72, 0.00345463
PHY_44, 5.52, 70.72, 0.00345463
PHY_43, 428.26, 70.72, 0.00583556
PHY_45, 428.26, 70.72, 0.00583556
output115, 428.26, 70.72, 0.00583556
fanout155, 428.26, 70.72, 0.00583556
FILLER_0_21_912, 428.26, 70.72, 0.00583556
FILLER_0_22_77, 37.94, 70.72, 0.00383712
FILLER_0_23_105, 50.74, 70.72, 0.0042339
FILLER_0_22_133, 63.54, 70.72, 0.00463068
_11415_, 76.34, 70.72, 0.00502746
_11416_, 76.34, 70.72, 0.00502746
FILLER_0_22_153, 76.34, 70.72, 0.00502746
FILLER_0_23_161, 76.34, 70.72, 0.00502746
_11287_, 89.14, 70.72, 0.00533192
_11288_, 89.14, 70.72, 0.00533192
_11414_, 89.14, 70.72, 0.00533192
FILLER_0_23_193, 89.14, 70.72, 0.00533192
_09366_, 101.94, 70.72, 0.00554689
_11208_, 101.94, 70.72, 0.00554689
_11282_, 101.94, 70.72, 0.00554689
_11283_, 101.94, 70.72, 0.00554689
_11284_, 101.94, 70.72, 0.00554689
_11286_, 101.94, 70.72, 0.00554689
_11413_, 101.94, 70.72, 0.00554689
_11496_, 101.94, 70.72, 0.00554689
FILLER_0_23_219, 101.94, 70.72, 0.00554689
_11092_, 114.74, 70.72, 0.00562762
_11124_, 114.74, 70.72, 0.00562762
_11209_, 114.74, 70.72, 0.00562762
FILLER_0_21_225, 114.74, 70.72, 0.00562762
FILLER_0_22_228, 114.74, 70.72, 0.00562762
FILLER_0_22_235, 114.74, 70.72, 0.00562762
FILLER_0_22_241, 114.74, 70.72, 0.00562762
FILLER_0_22_249, 114.74, 70.72, 0.00562762
_10994_, 127.54, 70.72, 0.00569554
_11089_, 127.54, 70.72, 0.00569554
FILLER_0_22_277, 127.54, 70.72, 0.00569554
FILLER_0_23_277, 127.54, 70.72, 0.00569554
_10795_, 140.34, 70.72, 0.00575422
_10950_, 140.34, 70.72, 0.00575422
_10951_, 140.34, 70.72, 0.00575422
_10952_, 140.34, 70.72, 0.00575422
FILLER_0_21_281, 140.34, 70.72, 0.00575422
FILLER_0_22_304, 140.34, 70.72, 0.00575422
_10797_, 153.14, 70.72, 0.00579513
_10798_, 153.14, 70.72, 0.00579513
_10801_, 153.14, 70.72, 0.00579513
FILLER_0_23_331, 153.14, 70.72, 0.00579513
FILLER_0_22_353, 165.94, 70.72, 0.00582599
FILLER_0_22_361, 165.94, 70.72, 0.00582599
_10306_, 191.54, 70.72, 0.00602579
_10467_, 191.54, 70.72, 0.00602579
_10468_, 191.54, 70.72, 0.00602579
_10470_, 191.54, 70.72, 0.00602579
_10471_, 191.54, 70.72, 0.00602579
FILLER_0_22_416, 191.54, 70.72, 0.00602579
_09935_, 204.34, 70.72, 0.00615521
_10133_, 204.34, 70.72, 0.00615521
_10246_, 204.34, 70.72, 0.00615521
_10472_, 204.34, 70.72, 0.00615521
FILLER_0_22_436, 204.34, 70.72, 0.00615521
FILLER_0_23_440, 204.34, 70.72, 0.00615521
_09737_, 217.14, 70.72, 0.00620517
_09738_, 217.14, 70.72, 0.00620517
_09739_, 217.14, 70.72, 0.00620517
_09934_, 217.14, 70.72, 0.00620517
_10129_, 217.14, 70.72, 0.00620517
_10131_, 217.14, 70.72, 0.00620517
FILLER_0_23_468, 217.14, 70.72, 0.00620517
_07412_, 229.94, 70.72, 0.00620312
_07741_, 229.94, 70.72, 0.00620312
_09546_, 229.94, 70.72, 0.00620312
_10130_, 229.94, 70.72, 0.00620312
_10132_, 229.94, 70.72, 0.00620312
FILLER_0_21_480, 229.94, 70.72, 0.00620312
FILLER_0_22_493, 229.94, 70.72, 0.00620312
FILLER_0_22_501, 229.94, 70.72, 0.00620312
FILLER_0_23_493, 229.94, 70.72, 0.00620312
FILLER_0_23_501, 229.94, 70.72, 0.00620312
_10681_, 242.74, 70.72, 0.00616685
_10684_, 242.74, 70.72, 0.00616685
_10685_, 242.74, 70.72, 0.00616685
_10796_, 242.74, 70.72, 0.00616685
FILLER_0_22_529, 242.74, 70.72, 0.00616685
_09371_, 255.54, 70.72, 0.00611093
_09372_, 255.54, 70.72, 0.00611093
_09373_, 255.54, 70.72, 0.00611093
_09374_, 255.54, 70.72, 0.00611093
_09389_, 255.54, 70.72, 0.00611093
_09416_, 255.54, 70.72, 0.00611093
_09417_, 255.54, 70.72, 0.00611093
FILLER_0_23_554, 255.54, 70.72, 0.00611093
_09375_, 268.34, 70.72, 0.00605186
_09376_, 268.34, 70.72, 0.00605186
_09378_, 268.34, 70.72, 0.00605186
_09386_, 268.34, 70.72, 0.00605186
FILLER_0_22_583, 268.34, 70.72, 0.00605186
_09379_, 281.14, 70.72, 0.00599027
_09380_, 281.14, 70.72, 0.00599027
_09392_, 281.14, 70.72, 0.00599027
_09413_, 281.14, 70.72, 0.00599027
_09339_, 293.94, 70.72, 0.00592563
_09383_, 293.94, 70.72, 0.00592563
_09384_, 293.94, 70.72, 0.00592563
FILLER_0_22_637, 293.94, 70.72, 0.00592563
FILLER_0_23_629, 293.94, 70.72, 0.00592563
_09385_, 306.74, 70.72, 0.00585778
_09397_, 306.74, 70.72, 0.00585778
_09398_, 306.74, 70.72, 0.00585778
_09399_, 306.74, 70.72, 0.00585778
FILLER_0_21_642, 306.74, 70.72, 0.00585778
FILLER_0_23_663, 306.74, 70.72, 0.00585778
_09402_, 319.54, 70.72, 0.005778
_09404_, 319.54, 70.72, 0.005778
_09422_, 319.54, 70.72, 0.005778
FILLER_0_21_669, 319.54, 70.72, 0.005778
FILLER_0_22_749, 344.33, 70.72, 0.00569344
FILLER_0_21_777, 368.31, 70.72, 0.00574988
_12676_, 380.3, 70.72, 0.0057781
FILLER_0_22_805, 380.3, 70.72, 0.0057781
FILLER_0_23_817, 380.3, 70.72, 0.0057781
FILLER_0_21_833, 392.29, 70.72, 0.00579247
FILLER_0_22_861, 404.28, 70.72, 0.00580683
FILLER_0_21_889, 416.27, 70.72, 0.0058212
FILLER_0_22_905, 416.27, 70.72, 0.0058212
_12692_, 5.52, 65.28, 0.00335083
PHY_38, 5.52, 65.28, 0.00335083
PHY_40, 5.52, 65.28, 0.00335083
input8, 5.52, 65.28, 0.00335083
FILLER_0_20_3, 5.52, 65.28, 0.00335083
PHY_39, 428.26, 65.28, 0.00592897
PHY_41, 428.26, 65.28, 0.00592897
FILLER_0_19_909, 428.26, 65.28, 0.00592897
FILLER_0_20_77, 37.94, 65.28, 0.0037803
FILLER_0_21_105, 50.74, 65.28, 0.00424374
FILLER_0_20_133, 63.54, 65.28, 0.00470718
_11130_, 76.34, 65.28, 0.00517061
_11131_, 76.34, 65.28, 0.00517061
_11132_, 76.34, 65.28, 0.00517061
FILLER_0_20_153, 76.34, 65.28, 0.00517061
FILLER_0_20_161, 76.34, 65.28, 0.00517061
_11129_, 89.14, 65.28, 0.00556261
_11289_, 89.14, 65.28, 0.00556261
_11295_, 89.14, 65.28, 0.00556261
_11296_, 89.14, 65.28, 0.00556261
FILLER_0_21_188, 89.14, 65.28, 0.00556261
FILLER_0_21_221, 101.94, 65.28, 0.0058305
_11091_, 114.74, 65.28, 0.00609839
_11206_, 114.74, 65.28, 0.00609839
_11246_, 114.74, 65.28, 0.00609839
FILLER_0_20_246, 114.74, 65.28, 0.00609839
FILLER_0_21_243, 114.74, 65.28, 0.00609839
_10996_, 127.54, 65.28, 0.0063401
_11207_, 127.54, 65.28, 0.0063401
FILLER_0_20_269, 127.54, 65.28, 0.0063401
FILLER_0_20_277, 127.54, 65.28, 0.0063401
FILLER_0_21_272, 127.54, 65.28, 0.0063401
_10799_, 140.34, 65.28, 0.0065248
_10800_, 140.34, 65.28, 0.0065248
_10802_, 140.34, 65.28, 0.0065248
_10851_, 140.34, 65.28, 0.0065248
_10953_, 140.34, 65.28, 0.0065248
FILLER_0_20_297, 140.34, 65.28, 0.0065248
FILLER_0_21_296, 140.34, 65.28, 0.0065248
_10579_, 153.14, 65.28, 0.00666416
_10691_, 153.14, 65.28, 0.00666416
_10850_, 153.14, 65.28, 0.00666416
_10854_, 153.14, 65.28, 0.00666416
_10912_, 153.14, 65.28, 0.00666416
FILLER_0_20_316, 153.14, 65.28, 0.00666416
FILLER_0_21_332, 153.14, 65.28, 0.00666416
_10533_, 165.94, 65.28, 0.00651374
_10578_, 165.94, 65.28, 0.00651374
_10690_, 165.94, 65.28, 0.00651374
_10692_, 165.94, 65.28, 0.00651374
_10693_, 165.94, 65.28, 0.00651374
_10754_, 165.94, 65.28, 0.00651374
_10853_, 165.94, 65.28, 0.00651374
FILLER_0_20_353, 165.94, 65.28, 0.00651374
FILLER_0_21_349, 165.94, 65.28, 0.00651374
_10307_, 191.54, 65.28, 0.00647302
_10376_, 191.54, 65.28, 0.00647302
_10377_, 191.54, 65.28, 0.00647302
_10535_, 191.54, 65.28, 0.00647302
FILLER_0_20_409, 191.54, 65.28, 0.00647302
FILLER_0_20_417, 191.54, 65.28, 0.00647302
FILLER_0_21_411, 191.54, 65.28, 0.00647302
_10134_, 204.34, 65.28, 0.00650971
_10208_, 204.34, 65.28, 0.00650971
_10209_, 204.34, 65.28, 0.00650971
FILLER_0_21_440, 204.34, 65.28, 0.00650971
_09547_, 217.14, 65.28, 0.00650237
_09814_, 217.14, 65.28, 0.00650237
_09815_, 217.14, 65.28, 0.00650237
FILLER_0_19_449, 217.14, 65.28, 0.00650237
FILLER_0_20_465, 217.14, 65.28, 0.00650237
FILLER_0_21_468, 217.14, 65.28, 0.00650237
_07742_, 229.94, 65.28, 0.00646384
_10466_, 229.94, 65.28, 0.00646384
FILLER_0_20_477, 229.94, 65.28, 0.00646384
FILLER_0_20_496, 229.94, 65.28, 0.00646384
FILLER_0_21_501, 229.94, 65.28, 0.00646384
_10464_, 242.74, 65.28, 0.00639365
_10682_, 242.74, 65.28, 0.00639365
_10683_, 242.74, 65.28, 0.00639365
FILLER_0_20_508, 242.74, 65.28, 0.00639365
_09390_, 255.54, 65.28, 0.00631898
_09415_, 255.54, 65.28, 0.00631898
FILLER_0_21_556, 255.54, 65.28, 0.00631898
_09377_, 268.34, 65.28, 0.00624317
_09387_, 268.34, 65.28, 0.00624317
_09388_, 268.34, 65.28, 0.00624317
_09412_, 268.34, 65.28, 0.00624317
FILLER_0_20_560, 268.34, 65.28, 0.00624317
FILLER_0_20_574, 268.34, 65.28, 0.00624317
_09391_, 281.14, 65.28, 0.00616506
_09393_, 281.14, 65.28, 0.00616506
_09414_, 281.14, 65.28, 0.00616506
FILLER_0_20_611, 281.14, 65.28, 0.00616506
FILLER_0_21_606, 281.14, 65.28, 0.00616506
_09394_, 293.94, 65.28, 0.00608366
_09418_, 293.94, 65.28, 0.00608366
_09421_, 293.94, 65.28, 0.00608366
_09423_, 293.94, 65.28, 0.00608366
_09424_, 293.94, 65.28, 0.00608366
FILLER_0_20_632, 293.94, 65.28, 0.00608366
_09395_, 306.74, 65.28, 0.00599666
_09396_, 306.74, 65.28, 0.00599666
_09407_, 306.74, 65.28, 0.00599666
_09420_, 306.74, 65.28, 0.00599666
FILLER_0_20_658, 306.74, 65.28, 0.00599666
_09406_, 319.54, 65.28, 0.00589832
_09425_, 319.54, 65.28, 0.00589832
_09429_, 319.54, 65.28, 0.00589832
FILLER_0_20_672, 319.54, 65.28, 0.00589832
FILLER_0_20_689, 319.54, 65.28, 0.00589832
FILLER_0_19_724, 344.33, 65.28, 0.00580155
FILLER_0_20_751, 356.32, 65.28, 0.00582279
FILLER_0_19_777, 368.31, 65.28, 0.00584403
FILLER_0_20_805, 380.3, 65.28, 0.00586526
FILLER_0_19_833, 392.29, 65.28, 0.0058865
FILLER_0_20_861, 404.28, 65.28, 0.00590773
_12681_, 416.27, 65.28, 0.00592897
ANTENNA_166, 416.27, 65.28, 0.00592897
FILLER_0_19_889, 416.27, 65.28, 0.00592897
FILLER_0_21_897, 416.27, 65.28, 0.00592897
_12691_, 5.52, 59.84, 0.00372603
_12769_, 5.52, 59.84, 0.00372603
PHY_34, 5.52, 59.84, 0.00372603
PHY_36, 5.52, 59.84, 0.00372603
PHY_35, 428.26, 59.84, 0.0059842
PHY_37, 428.26, 59.84, 0.0059842
FILLER_0_17_909, 428.26, 59.84, 0.0059842
FILLER_0_18_913, 428.26, 59.84, 0.0059842
FILLER_0_18_77, 37.94, 59.84, 0.00485197
FILLER_0_19_105, 50.74, 59.84, 0.00602924
FILLER_0_18_133, 63.54, 59.84, 0.0072065
_11133_, 76.34, 59.84, 0.00838377
_11290_, 76.34, 59.84, 0.00838377
FILLER_0_18_153, 76.34, 59.84, 0.00838377
FILLER_0_18_161, 76.34, 59.84, 0.00838377
FILLER_0_19_161, 76.34, 59.84, 0.00838377
_11139_, 89.14, 59.84, 0.00948856
_11293_, 89.14, 59.84, 0.00948856
_11297_, 89.14, 59.84, 0.00948856
FILLER_0_17_169, 89.14, 59.84, 0.00948856
_10862_, 101.94, 59.84, 0.0100602
_11001_, 101.94, 59.84, 0.0100602
_11002_, 101.94, 59.84, 0.0100602
_11134_, 101.94, 59.84, 0.0100602
_11137_, 101.94, 59.84, 0.0100602
FILLER_0_18_197, 101.94, 59.84, 0.0100602
FILLER_0_18_205, 101.94, 59.84, 0.0100602
FILLER_0_19_217, 101.94, 59.84, 0.0100602
_10857_, 114.74, 59.84, 0.0099384
_11125_, 114.74, 59.84, 0.0099384
_11128_, 114.74, 59.84, 0.0099384
FILLER_0_18_249, 114.74, 59.84, 0.0099384
_10913_, 127.54, 59.84, 0.0096463
_10995_, 127.54, 59.84, 0.0096463
_10998_, 127.54, 59.84, 0.0096463
_11000_, 127.54, 59.84, 0.0096463
_11126_, 127.54, 59.84, 0.0096463
_11127_, 127.54, 59.84, 0.0096463
FILLER_0_18_253, 127.54, 59.84, 0.0096463
FILLER_0_19_274, 127.54, 59.84, 0.0096463
_10852_, 140.34, 59.84, 0.00915272
_10997_, 140.34, 59.84, 0.00915272
_10999_, 140.34, 59.84, 0.00915272
_11058_, 140.34, 59.84, 0.00915272
FILLER_0_18_302, 140.34, 59.84, 0.00915272
_10694_, 153.14, 59.84, 0.00854402
_10855_, 153.14, 59.84, 0.00854402
_10701_, 165.94, 59.84, 0.00775056
FILLER_0_17_337, 165.94, 59.84, 0.00775056
_10245_, 191.54, 59.84, 0.00739856
_10378_, 191.54, 59.84, 0.00739856
_10379_, 191.54, 59.84, 0.00739856
_10381_, 191.54, 59.84, 0.00739856
_10536_, 191.54, 59.84, 0.00739856
FILLER_0_18_414, 191.54, 59.84, 0.00739856
FILLER_0_19_418, 191.54, 59.84, 0.00739856
_10026_, 204.34, 59.84, 0.00771884
_10054_, 204.34, 59.84, 0.00771884
_10210_, 204.34, 59.84, 0.00771884
_10211_, 204.34, 59.84, 0.00771884
_10212_, 204.34, 59.84, 0.00771884
_10213_, 204.34, 59.84, 0.00771884
FILLER_0_18_421, 204.34, 59.84, 0.00771884
FILLER_0_18_429, 204.34, 59.84, 0.00771884
FILLER_0_19_443, 204.34, 59.84, 0.00771884
_09816_, 217.14, 59.84, 0.00769765
_09846_, 217.14, 59.84, 0.00769765
_10053_, 217.14, 59.84, 0.00769765
FILLER_0_17_449, 217.14, 59.84, 0.00769765
FILLER_0_18_467, 217.14, 59.84, 0.00769765
_08459_, 229.94, 59.84, 0.00758497
_09446_, 229.94, 59.84, 0.00758497
_09647_, 229.94, 59.84, 0.00758497
_09649_, 229.94, 59.84, 0.00758497
FILLER_0_17_483, 229.94, 59.84, 0.00758497
FILLER_0_18_477, 229.94, 59.84, 0.00758497
FILLER_0_18_485, 229.94, 59.84, 0.00758497
FILLER_0_19_497, 229.94, 59.84, 0.00758497
FILLER_0_19_553, 255.54, 59.84, 0.007213
FILLER_0_18_581, 268.34, 59.84, 0.00702702
FILLER_0_19_609, 281.14, 59.84, 0.00684103
_09419_, 293.94, 59.84, 0.00665505
FILLER_0_18_637, 293.94, 59.84, 0.00665505
FILLER_0_19_629, 293.94, 59.84, 0.00665505
FILLER_0_19_665, 306.74, 59.84, 0.00646887
_09405_, 319.54, 59.84, 0.00628269
_09409_, 319.54, 59.84, 0.00628269
_09411_, 319.54, 59.84, 0.00628269
_09434_, 319.54, 59.84, 0.00628269
_09435_, 319.54, 59.84, 0.00628269
_09437_, 319.54, 59.84, 0.00628269
_09438_, 319.54, 59.84, 0.00628269
max_cap131, 319.54, 59.84, 0.00628269
FILLER_0_18_669, 319.54, 59.84, 0.00628269
FILLER_0_18_681, 319.54, 59.84, 0.00628269
FILLER_0_18_692, 319.54, 59.84, 0.00628269
FILLER_0_19_685, 319.54, 59.84, 0.00628269
_12674_, 356.32, 59.84, 0.0059842
FILLER_0_17_753, 356.32, 59.84, 0.0059842
FILLER_0_18_753, 356.32, 59.84, 0.0059842
FILLER_0_17_776, 368.31, 59.84, 0.0059842
FILLER_0_18_805, 380.3, 59.84, 0.0059842
FILLER_0_17_833, 392.29, 59.84, 0.0059842
FILLER_0_18_861, 404.28, 59.84, 0.0059842
FILLER_0_17_889, 416.27, 59.84, 0.0059842
FILLER_0_18_905, 416.27, 59.84, 0.0059842
PHY_30, 5.52, 54.4, 0.00300965
PHY_32, 5.52, 54.4, 0.00300965
input48, 5.52, 54.4, 0.00300965
PHY_31, 428.26, 54.4, 0.00630995
PHY_33, 428.26, 54.4, 0.00630995
output82, 428.26, 54.4, 0.00630995
FILLER_0_15_909, 428.26, 54.4, 0.00630995
FILLER_0_16_18, 15.33, 54.4, 0.00300948
FILLER_0_16_77, 37.94, 54.4, 0.00371001
FILLER_0_17_105, 50.74, 54.4, 0.0044107
FILLER_0_16_133, 63.54, 54.4, 0.00511138
FILLER_0_16_165, 76.34, 54.4, 0.00581207
FILLER_0_17_161, 76.34, 54.4, 0.00581207
_11138_, 89.14, 54.4, 0.00651276
_11291_, 89.14, 54.4, 0.00651276
_11292_, 89.14, 54.4, 0.00651276
_11294_, 89.14, 54.4, 0.00651276
FILLER_0_15_169, 89.14, 54.4, 0.00651276
FILLER_0_16_179, 89.14, 54.4, 0.00651276
FILLER_0_16_187, 89.14, 54.4, 0.00651276
FILLER_0_17_192, 89.14, 54.4, 0.00651276
_11003_, 101.94, 54.4, 0.00696283
_11004_, 101.94, 54.4, 0.00696283
_11136_, 101.94, 54.4, 0.00696283
FILLER_0_15_204, 101.94, 54.4, 0.00696283
FILLER_0_16_197, 101.94, 54.4, 0.00696283
FILLER_0_16_277, 127.54, 54.4, 0.00740657
FILLER_0_17_271, 127.54, 54.4, 0.00740657
_10856_, 140.34, 54.4, 0.00762845
_10911_, 140.34, 54.4, 0.00762845
FILLER_0_15_281, 140.34, 54.4, 0.00762845
_10695_, 153.14, 54.4, 0.00768596
_10697_, 153.14, 54.4, 0.00768596
FILLER_0_15_316, 153.14, 54.4, 0.00768596
FILLER_0_17_332, 153.14, 54.4, 0.00768596
_10538_, 165.94, 54.4, 0.00768103
_10539_, 165.94, 54.4, 0.00768103
_10702_, 165.94, 54.4, 0.00768103
FILLER_0_15_337, 165.94, 54.4, 0.00768103
FILLER_0_16_338, 165.94, 54.4, 0.00768103
FILLER_0_17_357, 165.94, 54.4, 0.00768103
_10028_, 191.54, 54.4, 0.00763249
_10029_, 191.54, 54.4, 0.00763249
_10380_, 191.54, 54.4, 0.00763249
FILLER_0_16_417, 191.54, 54.4, 0.00763249
FILLER_0_17_410, 191.54, 54.4, 0.00763249
_09441_, 204.34, 54.4, 0.00804876
_10027_, 204.34, 54.4, 0.00804876
wire132, 204.34, 54.4, 0.00804876
FILLER_0_17_445, 204.34, 54.4, 0.00804876
_09818_, 217.14, 54.4, 0.00819108
_09819_, 217.14, 54.4, 0.00819108
_10055_, 217.14, 54.4, 0.00819108
split14, 217.14, 54.4, 0.00819108
FILLER_0_15_453, 217.14, 54.4, 0.00819108
FILLER_0_16_459, 217.14, 54.4, 0.00819108
FILLER_0_16_473, 217.14, 54.4, 0.00819108
FILLER_0_17_472, 217.14, 54.4, 0.00819108
_09447_, 229.94, 54.4, 0.00808675
_09648_, 229.94, 54.4, 0.00808675
_09650_, 229.94, 54.4, 0.00808675
_09651_, 229.94, 54.4, 0.00808675
_09817_, 229.94, 54.4, 0.00808675
FILLER_0_16_477, 229.94, 54.4, 0.00808675
FILLER_0_17_500, 229.94, 54.4, 0.00808675
FILLER_0_16_524, 242.74, 54.4, 0.00787905
FILLER_0_17_553, 255.54, 54.4, 0.00767135
FILLER_0_16_581, 268.34, 54.4, 0.00746364
_12719_, 281.14, 54.4, 0.00725594
FILLER_0_17_609, 281.14, 54.4, 0.00725594
FILLER_0_16_636, 293.94, 54.4, 0.00703986
_09410_, 306.74, 54.4, 0.00682377
_09439_, 319.54, 54.4, 0.00659923
_09440_, 319.54, 54.4, 0.00659923
_12636_, 319.54, 54.4, 0.00659923
_12637_, 319.54, 54.4, 0.00659923
_12638_, 319.54, 54.4, 0.00659923
FILLER_0_15_673, 319.54, 54.4, 0.00659923
FILLER_0_16_669, 319.54, 54.4, 0.00659923
FILLER_0_15_777, 368.31, 54.4, 0.00618513
FILLER_0_16_805, 380.3, 54.4, 0.00621364
FILLER_0_15_833, 392.29, 54.4, 0.00624216
FILLER_0_16_861, 404.28, 54.4, 0.00627067
_12682_, 416.27, 54.4, 0.00629918
FILLER_0_15_889, 416.27, 54.4, 0.00629918
FILLER_0_16_893, 416.27, 54.4, 0.00629918
PHY_26, 5.52, 48.96, 0.0024993
PHY_28, 5.52, 48.96, 0.0024993
PHY_27, 428.26, 48.96, 0.00609277
PHY_29, 428.26, 48.96, 0.00609277
FILLER_0_13_909, 428.26, 48.96, 0.00609277
FILLER_0_14_77, 37.94, 48.96, 0.00293212
_12679_, 50.74, 48.96, 0.00336495
FILLER_0_15_105, 50.74, 48.96, 0.00336495
FILLER_0_14_133, 63.54, 48.96, 0.00378228
FILLER_0_15_161, 76.34, 48.96, 0.00419961
FILLER_0_14_189, 89.14, 48.96, 0.00461694
_11135_, 101.94, 48.96, 0.00503428
FILLER_0_15_212, 101.94, 48.96, 0.00503428
FILLER_0_15_220, 101.94, 48.96, 0.00503428
FILLER_0_14_245, 114.74, 48.96, 0.00543532
FILLER_0_15_273, 127.54, 48.96, 0.00583636
_10696_, 140.34, 48.96, 0.0062374
FILLER_0_14_301, 140.34, 48.96, 0.0062374
_10698_, 153.14, 48.96, 0.00663391
_10699_, 153.14, 48.96, 0.00663391
FILLER_0_14_333, 153.14, 48.96, 0.00663391
_10700_, 165.94, 48.96, 0.00696267
_10858_, 165.94, 48.96, 0.00696267
_10860_, 165.94, 48.96, 0.00696267
_10861_, 165.94, 48.96, 0.00696267
FILLER_0_13_337, 165.94, 48.96, 0.00696267
FILLER_0_14_361, 165.94, 48.96, 0.00696267
_09821_, 191.54, 48.96, 0.0072129
_10030_, 191.54, 48.96, 0.0072129
_10032_, 191.54, 48.96, 0.0072129
_10033_, 191.54, 48.96, 0.0072129
_10216_, 191.54, 48.96, 0.0072129
FILLER_0_15_407, 191.54, 48.96, 0.0072129
FILLER_0_15_415, 191.54, 48.96, 0.0072129
_09652_, 204.34, 48.96, 0.00740565
_09820_, 204.34, 48.96, 0.00740565
_09822_, 204.34, 48.96, 0.00740565
FILLER_0_14_434, 204.34, 48.96, 0.00740565
FILLER_0_15_439, 204.34, 48.96, 0.00740565
_09442_, 217.14, 48.96, 0.00742162
_09443_, 217.14, 48.96, 0.00742162
_09653_, 217.14, 48.96, 0.00742162
FILLER_0_14_468, 217.14, 48.96, 0.00742162
FILLER_0_15_473, 217.14, 48.96, 0.00742162
_08554_, 229.94, 48.96, 0.00733971
FILLER_0_14_525, 242.74, 48.96, 0.00719815
FILLER_0_15_553, 255.54, 48.96, 0.0070566
FILLER_0_14_581, 268.34, 48.96, 0.00691505
FILLER_0_15_609, 281.14, 48.96, 0.00677349
FILLER_0_14_637, 293.94, 48.96, 0.00663194
FILLER_0_15_665, 306.74, 48.96, 0.00649038
_12635_, 319.54, 48.96, 0.00634883
_12639_, 319.54, 48.96, 0.00634883
FILLER_0_14_669, 319.54, 48.96, 0.00634883
FILLER_0_15_685, 319.54, 48.96, 0.00634883
FILLER_0_14_749, 344.33, 48.96, 0.00595968
FILLER_0_13_777, 368.31, 48.96, 0.00600405
FILLER_0_14_805, 380.3, 48.96, 0.00602623
FILLER_0_13_833, 392.29, 48.96, 0.00604841
FILLER_0_14_861, 404.28, 48.96, 0.00607059
_12687_, 416.27, 48.96, 0.00609277
FILLER_0_13_889, 416.27, 48.96, 0.00609277
PHY_22, 5.52, 43.52, 0.00211315
PHY_24, 5.52, 43.52, 0.00211315
PHY_23, 428.26, 43.52, 0.00575343
PHY_25, 428.26, 43.52, 0.00575343
input54, 428.26, 43.52, 0.00575343
FILLER_0_12_913, 428.26, 43.52, 0.00575343
FILLER_0_12_77, 37.94, 43.52, 0.00246296
FILLER_0_13_81, 37.94, 43.52, 0.00246296
FILLER_0_13_108, 50.74, 43.52, 0.00281278
FILLER_0_12_133, 63.54, 43.52, 0.00316259
FILLER_0_13_161, 76.34, 43.52, 0.00351241
FILLER_0_12_189, 89.14, 43.52, 0.00386223
FILLER_0_13_217, 101.94, 43.52, 0.00421204
FILLER_0_12_245, 114.74, 43.52, 0.00456186
FILLER_0_13_273, 127.54, 43.52, 0.00491167
FILLER_0_12_301, 140.34, 43.52, 0.00526149
FILLER_0_13_329, 153.14, 43.52, 0.00561131
_10542_, 165.94, 43.52, 0.00596112
_10859_, 165.94, 43.52, 0.00596112
FILLER_0_12_345, 165.94, 43.52, 0.00596112
FILLER_0_12_353, 165.94, 43.52, 0.00596112
_09830_, 191.54, 43.52, 0.00689602
_10217_, 191.54, 43.52, 0.00689602
_10218_, 191.54, 43.52, 0.00689602
_09663_, 204.34, 43.52, 0.00732283
_09831_, 204.34, 43.52, 0.00732283
_09832_, 204.34, 43.52, 0.00732283
ANTENNA_4, 204.34, 43.52, 0.00732283
FILLER_0_13_445, 204.34, 43.52, 0.00732283
_09444_, 217.14, 43.52, 0.00732994
_09445_, 217.14, 43.52, 0.00732994
_09664_, 217.14, 43.52, 0.00732994
_09665_, 217.14, 43.52, 0.00732994
FILLER_0_12_467, 217.14, 43.52, 0.00732994
FILLER_0_13_493, 229.94, 43.52, 0.00715091
FILLER_0_13_501, 229.94, 43.52, 0.00715091
FILLER_0_12_525, 242.74, 43.52, 0.00697188
FILLER_0_13_553, 255.54, 43.52, 0.00679285
FILLER_0_12_581, 268.34, 43.52, 0.00661383
FILLER_0_13_609, 281.14, 43.52, 0.0064348
FILLER_0_12_637, 293.94, 43.52, 0.00625577
FILLER_0_13_665, 306.74, 43.52, 0.00607674
FILLER_0_12_693, 319.54, 43.52, 0.00589771
_12675_, 344.33, 43.52, 0.00574606
FILLER_0_12_748, 344.33, 43.52, 0.00574606
FILLER_0_11_777, 368.31, 43.52, 0.00574816
FILLER_0_12_805, 380.3, 43.52, 0.00574922
FILLER_0_11_833, 392.29, 43.52, 0.00575027
FILLER_0_12_861, 404.28, 43.52, 0.00575132
FILLER_0_11_889, 416.27, 43.52, 0.00575237
FILLER_0_12_905, 416.27, 43.52, 0.00575237
PHY_18, 5.52, 38.08, 0.00180475
PHY_20, 5.52, 38.08, 0.00180475
output83, 5.52, 38.08, 0.00180475
PHY_19, 428.26, 38.08, 0.00553648
PHY_21, 428.26, 38.08, 0.00553648
FILLER_0_9_909, 428.26, 38.08, 0.00553648
FILLER_0_10_913, 428.26, 38.08, 0.00553648
FILLER_0_10_77, 37.94, 38.08, 0.00213391
FILLER_0_11_105, 50.74, 38.08, 0.00248305
FILLER_0_10_133, 63.54, 38.08, 0.0028322
FILLER_0_11_161, 76.34, 38.08, 0.00318134
FILLER_0_10_189, 89.14, 38.08, 0.00353049
FILLER_0_11_217, 101.94, 38.08, 0.00387963
FILLER_0_10_245, 114.74, 38.08, 0.00422878
FILLER_0_11_273, 127.54, 38.08, 0.00457792
FILLER_0_10_301, 140.34, 38.08, 0.00492707
FILLER_0_11_329, 153.14, 38.08, 0.00527621
_10703_, 165.94, 38.08, 0.00562536
FILLER_0_10_357, 165.94, 38.08, 0.00562536
_10031_, 191.54, 38.08, 0.00597413
_10034_, 191.54, 38.08, 0.00597413
FILLER_0_10_392, 191.54, 38.08, 0.00597413
FILLER_0_10_417, 191.54, 38.08, 0.00597413
FILLER_0_11_405, 191.54, 38.08, 0.00597413
_09662_, 204.34, 38.08, 0.00594769
ANTENNA_3, 204.34, 38.08, 0.00594769
FILLER_0_11_445, 204.34, 38.08, 0.00594769
FILLER_0_10_469, 217.14, 38.08, 0.00590657
FILLER_0_11_498, 229.94, 38.08, 0.00586545
FILLER_0_10_525, 242.74, 38.08, 0.00582433
FILLER_0_11_553, 255.54, 38.08, 0.00578321
FILLER_0_10_581, 268.34, 38.08, 0.00574209
FILLER_0_11_609, 281.14, 38.08, 0.00570096
FILLER_0_10_637, 293.94, 38.08, 0.00565984
FILLER_0_11_665, 306.74, 38.08, 0.00561872
FILLER_0_10_693, 319.54, 38.08, 0.0055776
FILLER_0_10_749, 344.33, 38.08, 0.00553648
FILLER_0_9_777, 368.31, 38.08, 0.00553648
FILLER_0_10_805, 380.3, 38.08, 0.00553648
FILLER_0_9_833, 392.29, 38.08, 0.00553648
FILLER_0_10_861, 404.28, 38.08, 0.00553648
FILLER_0_9_889, 416.27, 38.08, 0.00553648
FILLER_0_10_905, 416.27, 38.08, 0.00553648
FILLER_0_11_897, 416.27, 38.08, 0.00553648
_12686_, 5.52, 32.64, 0.00140912
PHY_14, 5.52, 32.64, 0.00140912
PHY_16, 5.52, 32.64, 0.00140912
PHY_15, 428.26, 32.64, 0.00544056
PHY_17, 428.26, 32.64, 0.00544056
FILLER_0_7_909, 428.26, 32.64, 0.00544056
FILLER_0_8_913, 428.26, 32.64, 0.00544056
FILLER_0_8_77, 37.94, 32.64, 0.00166815
FILLER_0_9_105, 50.74, 32.64, 0.00195353
FILLER_0_8_133, 63.54, 32.64, 0.00223891
FILLER_0_9_161, 76.34, 32.64, 0.00252428
FILLER_0_8_189, 89.14, 32.64, 0.00280966
FILLER_0_9_217, 101.94, 32.64, 0.00309504
FILLER_0_8_245, 114.74, 32.64, 0.00338042
FILLER_0_9_273, 127.54, 32.64, 0.0036658
FILLER_0_8_301, 140.34, 32.64, 0.00395118
FILLER_0_9_329, 153.14, 32.64, 0.00423655
FILLER_0_8_357, 165.94, 32.64, 0.00452193
FILLER_0_8_413, 191.54, 32.64, 0.00485872
FILLER_0_9_441, 204.34, 32.64, 0.00491013
FILLER_0_8_469, 217.14, 32.64, 0.00496154
FILLER_0_9_497, 229.94, 32.64, 0.00501295
FILLER_0_8_525, 242.74, 32.64, 0.00506436
FILLER_0_9_553, 255.54, 32.64, 0.00511577
FILLER_0_8_581, 268.34, 32.64, 0.00516718
FILLER_0_9_609, 281.14, 32.64, 0.00521859
FILLER_0_8_637, 293.94, 32.64, 0.00527
FILLER_0_9_665, 306.74, 32.64, 0.00532141
FILLER_0_8_693, 319.54, 32.64, 0.00537282
_12680_, 344.33, 32.64, 0.00544056
FILLER_0_8_749, 344.33, 32.64, 0.00544056
FILLER_0_8_805, 380.3, 32.64, 0.00544056
FILLER_0_7_833, 392.29, 32.64, 0.00544056
FILLER_0_8_861, 404.28, 32.64, 0.00544056
FILLER_0_7_889, 416.27, 32.64, 0.00544056
FILLER_0_8_905, 416.27, 32.64, 0.00544056
PHY_10, 5.52, 27.2, 0.0013162
PHY_12, 5.52, 27.2, 0.0013162
output95, 5.52, 27.2, 0.0013162
PHY_11, 428.26, 27.2, 0.00549657
PHY_13, 428.26, 27.2, 0.00549657
output89, 428.26, 27.2, 0.00549657
FILLER_0_5_909, 428.26, 27.2, 0.00549657
FILLER_0_6_21, 15.33, 27.2, 0.00130614
FILLER_0_6_77, 37.94, 27.2, 0.00158054
FILLER_0_7_105, 50.74, 27.2, 0.001865
FILLER_0_6_133, 63.54, 27.2, 0.00214945
FILLER_0_7_161, 76.34, 27.2, 0.00243391
FILLER_0_6_189, 89.14, 27.2, 0.00271836
FILLER_0_7_217, 101.94, 27.2, 0.00300282
FILLER_0_6_245, 114.74, 27.2, 0.00328728
FILLER_0_7_273, 127.54, 27.2, 0.00357173
FILLER_0_6_301, 140.34, 27.2, 0.00385619
FILLER_0_7_329, 153.14, 27.2, 0.00414064
FILLER_0_6_357, 165.94, 27.2, 0.0044251
FILLER_0_6_413, 191.54, 27.2, 0.00476699
FILLER_0_7_441, 204.34, 27.2, 0.00482444
FILLER_0_6_469, 217.14, 27.2, 0.00488188
FILLER_0_7_497, 229.94, 27.2, 0.00493932
FILLER_0_6_525, 242.74, 27.2, 0.00499676
FILLER_0_7_553, 255.54, 27.2, 0.0050542
FILLER_0_6_581, 268.34, 27.2, 0.00511164
FILLER_0_7_609, 281.14, 27.2, 0.00516908
FILLER_0_6_637, 293.94, 27.2, 0.00522652
FILLER_0_7_665, 306.74, 27.2, 0.00528396
FILLER_0_6_693, 319.54, 27.2, 0.0053414
FILLER_0_6_749, 344.33, 27.2, 0.00541106
FILLER_0_7_775, 356.32, 27.2, 0.00542327
FILLER_0_5_777, 368.31, 27.2, 0.00543549
FILLER_0_6_805, 380.3, 27.2, 0.0054477
FILLER_0_5_833, 392.29, 27.2, 0.00545992
FILLER_0_6_861, 404.28, 27.2, 0.00547213
FILLER_0_5_889, 416.27, 27.2, 0.00548435
FILLER_0_6_905, 416.27, 27.2, 0.00548435
PHY_6, 5.52, 21.76, 0.00132855
PHY_8, 5.52, 21.76, 0.00132855
PHY_7, 428.26, 21.76, 0.00539012
PHY_9, 428.26, 21.76, 0.00539012
FILLER_0_3_909, 428.26, 21.76, 0.00539012
FILLER_0_4_913, 428.26, 21.76, 0.00539012
FILLER_0_3_69, 37.94, 21.76, 0.00160867
FILLER_0_4_77, 37.94, 21.76, 0.00160867
FILLER_0_5_105, 50.74, 21.76, 0.00188878
FILLER_0_4_133, 63.54, 21.76, 0.0021689
FILLER_0_5_161, 76.34, 21.76, 0.00244902
FILLER_0_4_189, 89.14, 21.76, 0.00272913
FILLER_0_5_217, 101.94, 21.76, 0.00300925
FILLER_0_4_245, 114.74, 21.76, 0.00328936
FILLER_0_5_273, 127.54, 21.76, 0.00356948
FILLER_0_4_301, 140.34, 21.76, 0.00384959
FILLER_0_5_329, 153.14, 21.76, 0.00412971
FILLER_0_4_357, 165.94, 21.76, 0.00440983
FILLER_0_4_413, 191.54, 21.76, 0.00474829
FILLER_0_5_441, 204.34, 21.76, 0.00480664
FILLER_0_4_469, 217.14, 21.76, 0.00486499
FILLER_0_5_497, 229.94, 21.76, 0.00492333
FILLER_0_4_525, 242.74, 21.76, 0.00498168
FILLER_0_5_553, 255.54, 21.76, 0.00504003
FILLER_0_4_581, 268.34, 21.76, 0.00509838
FILLER_0_5_609, 281.14, 21.76, 0.00515673
FILLER_0_4_637, 293.94, 21.76, 0.00521508
FILLER_0_5_665, 306.74, 21.76, 0.00527342
FILLER_0_4_693, 319.54, 21.76, 0.00533177
FILLER_0_4_749, 344.33, 21.76, 0.00539012
FILLER_0_4_805, 380.3, 21.76, 0.00539012
FILLER_0_3_833, 392.29, 21.76, 0.00539012
FILLER_0_4_861, 404.28, 21.76, 0.00539012
FILLER_0_3_889, 416.27, 21.76, 0.00539012
FILLER_0_4_905, 416.27, 21.76, 0.00539012
PHY_2, 5.52, 16.32, 0.00138946
PHY_4, 5.52, 16.32, 0.00138946
ANTENNA_43, 5.52, 16.32, 0.00138946
FILLER_0_2_3, 5.52, 16.32, 0.00138946
PHY_3, 428.26, 16.32, 0.00570445
PHY_5, 428.26, 16.32, 0.00570445
output73, 428.26, 16.32, 0.00570445
FILLER_0_2_906, 428.26, 16.32, 0.00570445
_12654_, 15.33, 16.32, 0.00138946
ANTENNA_38, 15.33, 16.32, 0.00138946
ANTENNA_40, 15.33, 16.32, 0.00138946
ANTENNA_41, 15.33, 16.32, 0.00138946
ANTENNA_42, 15.33, 16.32, 0.00138946
_12665_, 37.94, 16.32, 0.00168301
ANTENNA_44, 37.94, 16.32, 0.00168301
ANTENNA_46, 37.94, 16.32, 0.00168301
ANTENNA_48, 37.94, 16.32, 0.00168301
ANTENNA_50, 37.94, 16.32, 0.00168301
ANTENNA_51, 37.94, 16.32, 0.00168301
FILLER_0_2_57, 37.94, 16.32, 0.00168301
ANTENNA_169, 50.74, 16.32, 0.00197155
ANTENNA_170, 50.74, 16.32, 0.00197155
ANTENNA_171, 50.74, 16.32, 0.00197155
ANTENNA_172, 50.74, 16.32, 0.00197155
ANTENNA_173, 50.74, 16.32, 0.00197155
ANTENNA_179, 50.74, 16.32, 0.00197155
ANTENNA_180, 50.74, 16.32, 0.00197155
FILLER_0_3_107, 50.74, 16.32, 0.00197155
FILLER_0_2_137, 63.54, 16.32, 0.0022601
FILLER_0_3_161, 76.34, 16.32, 0.00254864
_12673_, 89.14, 16.32, 0.00283719
FILLER_0_1_169, 89.14, 16.32, 0.00283719
FILLER_0_2_189, 89.14, 16.32, 0.00283719
FILLER_0_3_217, 101.94, 16.32, 0.0031122
FILLER_0_1_237, 114.74, 16.32, 0.00338721
FILLER_0_2_245, 114.74, 16.32, 0.00338721
FILLER_0_3_273, 127.54, 16.32, 0.00366222
FILLER_0_2_301, 140.34, 16.32, 0.00393722
_12652_, 153.14, 16.32, 0.00421223
_12776_, 153.14, 16.32, 0.00421223
ANTENNA_27, 153.14, 16.32, 0.00421223
ANTENNA_29, 153.14, 16.32, 0.00421223
FILLER_0_2_309, 153.14, 16.32, 0.00421223
FILLER_0_3_329, 153.14, 16.32, 0.00421223
ANTENNA_28, 165.94, 16.32, 0.00447076
ANTENNA_30, 165.94, 16.32, 0.00447076
ANTENNA_31, 165.94, 16.32, 0.00447076
ANTENNA_32, 165.94, 16.32, 0.00447076
FILLER_0_2_358, 165.94, 16.32, 0.00447076
_12727_, 191.54, 16.32, 0.00482398
ANTENNA_71, 191.54, 16.32, 0.00482398
FILLER_0_1_393, 191.54, 16.32, 0.00482398
FILLER_0_2_414, 191.54, 16.32, 0.00482398
FILLER_0_3_441, 204.34, 16.32, 0.00491015
FILLER_0_2_469, 217.14, 16.32, 0.00499632
_12683_, 229.94, 16.32, 0.00508249
FILLER_0_3_497, 229.94, 16.32, 0.00508249
FILLER_0_2_521, 242.74, 16.32, 0.00515111
FILLER_0_2_529, 242.74, 16.32, 0.00515111
_12767_, 255.54, 16.32, 0.00521973
FILLER_0_3_553, 255.54, 16.32, 0.00521973
FILLER_0_2_580, 268.34, 16.32, 0.00527965
_12694_, 281.14, 16.32, 0.00533957
_12764_, 281.14, 16.32, 0.00533957
FILLER_0_1_597, 281.14, 16.32, 0.00533957
FILLER_0_3_609, 281.14, 16.32, 0.00533957
ANTENNA_54, 293.94, 16.32, 0.00537239
ANTENNA_56, 293.94, 16.32, 0.00537239
FILLER_0_1_617, 293.94, 16.32, 0.00537239
FILLER_0_3_665, 306.74, 16.32, 0.00540521
ANTENNA_60, 319.54, 16.32, 0.00543803
ANTENNA_62, 319.54, 16.32, 0.00543803
FILLER_0_2_693, 319.54, 16.32, 0.00543803
_12671_, 344.33, 16.32, 0.00553774
FILLER_0_2_749, 344.33, 16.32, 0.00553774
FILLER_0_3_741, 344.33, 16.32, 0.00553774
FILLER_0_1_753, 356.32, 16.32, 0.00557531
_12689_, 368.31, 16.32, 0.00561288
FILLER_0_2_781, 368.31, 16.32, 0.00561288
FILLER_0_2_805, 380.3, 16.32, 0.00563272
FILLER_0_1_833, 392.29, 16.32, 0.00565256
FILLER_0_2_861, 404.28, 16.32, 0.00567241
_12741_, 416.27, 16.32, 0.00569225
FILLER_0_1_889, 416.27, 16.32, 0.00569225
_12693_, 5.52, 10.88, 0.00152046
PHY_0, 5.52, 10.88, 0.00152046
output79, 5.52, 10.88, 0.00152046
output103, 5.52, 10.88, 0.00152046
FILLER_0_0_9, 5.52, 10.88, 0.00152046
PHY_1, 428.26, 10.88, 0.00566048
input33, 428.26, 10.88, 0.00566048
input46, 15.33, 10.88, 0.00148694
FILLER_0_0_21, 15.33, 10.88, 0.00148694
output72, 37.94, 10.88, 0.00177542
ANTENNA_45, 37.94, 10.88, 0.00177542
ANTENNA_47, 37.94, 10.88, 0.00177542
ANTENNA_49, 37.94, 10.88, 0.00177542
FILLER_0_0_77, 37.94, 10.88, 0.00177542
output87, 50.74, 10.88, 0.00208536
FILLER_0_0_97, 50.74, 10.88, 0.00208536
FILLER_0_0_107, 50.74, 10.88, 0.00208536
FILLER_0_1_107, 50.74, 10.88, 0.00208536
input56, 63.54, 10.88, 0.00238209
FILLER_0_0_125, 63.54, 10.88, 0.00238209
FILLER_0_0_132, 63.54, 10.88, 0.00238209
output118, 76.34, 10.88, 0.00267822
ANTENNA_199, 76.34, 10.88, 0.00267822
FILLER_0_0_153, 76.34, 10.88, 0.00267822
FILLER_0_0_163, 76.34, 10.88, 0.00267822
FILLER_0_1_161, 76.34, 10.88, 0.00267822
output81, 89.14, 10.88, 0.00296121
ANTENNA_198, 89.14, 10.88, 0.00296121
FILLER_0_0_181, 89.14, 10.88, 0.00296121
FILLER_0_0_191, 89.14, 10.88, 0.00296121
input1, 101.94, 10.88, 0.00323097
ANTENNA_100, 101.94, 10.88, 0.00323097
ANTENNA_101, 101.94, 10.88, 0.00323097
ANTENNA_103, 101.94, 10.88, 0.00323097
FILLER_0_0_197, 101.94, 10.88, 0.00323097
FILLER_0_0_219, 101.94, 10.88, 0.00323097
FILLER_0_1_220, 101.94, 10.88, 0.00323097
_12745_, 114.74, 10.88, 0.00349766
input25, 114.74, 10.88, 0.00349766
ANTENNA_102, 114.74, 10.88, 0.00349766
FILLER_0_0_244, 114.74, 10.88, 0.00349766
input42, 127.54, 10.88, 0.00375548
FILLER_0_0_265, 127.54, 10.88, 0.00375548
FILLER_0_1_276, 127.54, 10.88, 0.00375548
FILLER_0_0_305, 140.34, 10.88, 0.00401204
FILLER_0_1_305, 140.34, 10.88, 0.00401204
output119, 153.14, 10.88, 0.00426859
FILLER_0_0_327, 153.14, 10.88, 0.00426859
input22, 165.94, 10.88, 0.00451188
output88, 165.94, 10.88, 0.00451188
FILLER_0_0_355, 165.94, 10.88, 0.00451188
FILLER_0_1_361, 165.94, 10.88, 0.00451188
_12670_, 191.54, 10.88, 0.0048739
output78, 191.54, 10.88, 0.0048739
FILLER_0_0_405, 191.54, 10.88, 0.0048739
FILLER_0_0_445, 204.34, 10.88, 0.00496958
FILLER_0_1_437, 204.34, 10.88, 0.00496958
FILLER_0_1_445, 204.34, 10.88, 0.00496958
output113, 217.14, 10.88, 0.00506525
FILLER_0_0_467, 217.14, 10.88, 0.00506525
input58, 229.94, 10.88, 0.00514763
FILLER_0_0_495, 229.94, 10.88, 0.00514763
FILLER_0_1_497, 229.94, 10.88, 0.00514763
output120, 242.74, 10.88, 0.0052279
ANTENNA_167, 242.74, 10.88, 0.0052279
ANTENNA_168, 242.74, 10.88, 0.0052279
input12, 255.54, 10.88, 0.00529489
output122, 255.54, 10.88, 0.00529489
ANTENNA_109, 255.54, 10.88, 0.00529489
ANTENNA_111, 255.54, 10.88, 0.00529489
ANTENNA_113, 255.54, 10.88, 0.00529489
FILLER_0_0_539, 255.54, 10.88, 0.00529489
FILLER_0_1_553, 255.54, 10.88, 0.00529489
input28, 268.34, 10.88, 0.00534666
ANTENNA_110, 268.34, 10.88, 0.00534666
ANTENNA_112, 268.34, 10.88, 0.00534666
FILLER_0_0_581, 268.34, 10.88, 0.00534666
ANTENNA_59, 281.14, 10.88, 0.00539811
ANTENNA_61, 281.14, 10.88, 0.00539811
FILLER_0_0_613, 281.14, 10.88, 0.00539811
FILLER_0_1_605, 281.14, 10.88, 0.00539811
_12657_, 293.94, 10.88, 0.00544955
output104, 293.94, 10.88, 0.00544955
ANTENNA_52, 293.94, 10.88, 0.00544955
FILLER_0_0_637, 293.94, 10.88, 0.00544955
output127, 306.74, 10.88, 0.00547784
ANTENNA_53, 306.74, 10.88, 0.00547784
ANTENNA_55, 306.74, 10.88, 0.00547784
ANTENNA_57, 306.74, 10.88, 0.00547784
ANTENNA_58, 306.74, 10.88, 0.00547784
ANTENNA_121, 306.74, 10.88, 0.00547784
ANTENNA_123, 306.74, 10.88, 0.00547784
ANTENNA_125, 306.74, 10.88, 0.00547784
FILLER_0_0_653, 306.74, 10.88, 0.00547784
_12678_, 319.54, 10.88, 0.00549459
input29, 319.54, 10.88, 0.00549459
ANTENNA_63, 319.54, 10.88, 0.00549459
ANTENNA_120, 319.54, 10.88, 0.00549459
ANTENNA_122, 319.54, 10.88, 0.00549459
ANTENNA_124, 319.54, 10.88, 0.00549459
FILLER_0_0_691, 319.54, 10.88, 0.00549459
FILLER_0_1_685, 319.54, 10.88, 0.00549459
output92, 344.33, 10.88, 0.00554389
FILLER_0_0_749, 344.33, 10.88, 0.00554389
_12744_, 356.32, 10.88, 0.00558062
input24, 356.32, 10.88, 0.00558062
FILLER_0_0_774, 356.32, 10.88, 0.00558062
input26, 368.31, 10.88, 0.00561
output98, 380.3, 10.88, 0.00563794
FILLER_0_0_803, 380.3, 10.88, 0.00563794
output84, 392.29, 10.88, 0.00565351
FILLER_0_0_833, 392.29, 10.88, 0.00565351
input3, 404.28, 10.88, 0.00565671
FILLER_0_0_861, 404.28, 10.88, 0.00565671
input20, 416.27, 10.88, 0.00565871
FILLER_0_0_887, 416.27, 10.88, 0.00565871
FILLER_0_0_902, 416.27, 10.88, 0.00565871

