Instance name,  X location,  Y location,  Voltage 
output123, 329.04, 432.48, 1.79242
FILLER_0_154_693, 329.04, 432.48, 1.79242
FILLER_0_150_690, 329.04, 421.6, 1.79238
_06678_, 329.04, 416.16, 1.79243
_06683_, 329.04, 416.16, 1.79243
FILLER_0_148_692, 329.04, 416.16, 1.79243
FILLER_0_149_694, 329.04, 416.16, 1.79243
FILLER_0_149_702, 329.04, 416.16, 1.79243
_06608_, 329.04, 410.72, 1.7924
_06682_, 329.04, 410.72, 1.7924
_06716_, 329.04, 410.72, 1.7924
rebuffer13, 329.04, 410.72, 1.7924
ANTENNA_7, 329.04, 410.72, 1.7924
FILLER_0_146_696, 329.04, 410.72, 1.7924
FILLER_0_147_693, 329.04, 410.72, 1.7924
_06550_, 329.04, 405.28, 1.79249
_06674_, 329.04, 405.28, 1.79249
FILLER_0_144_694, 329.04, 405.28, 1.79249
FILLER_0_144_701, 329.04, 405.28, 1.79249
FILLER_0_145_706, 329.04, 405.28, 1.79249
_06605_, 329.04, 399.84, 1.79248
_06607_, 329.04, 399.84, 1.79248
_06681_, 329.04, 399.84, 1.79248
_07013_, 329.04, 399.84, 1.79248
FILLER_0_142_697, 329.04, 399.84, 1.79248
FILLER_0_142_701, 329.04, 399.84, 1.79248
FILLER_0_143_702, 329.04, 399.84, 1.79248
FILLER_0_144_713, 329.04, 399.84, 1.79248
_06593_, 329.04, 394.4, 1.79252
_06603_, 329.04, 394.4, 1.79252
_06604_, 329.04, 394.4, 1.79252
FILLER_0_140_696, 329.04, 394.4, 1.79252
_06675_, 329.04, 388.96, 1.79259
_06677_, 329.04, 388.96, 1.79259
_06679_, 329.04, 388.96, 1.79259
FILLER_0_138_692, 329.04, 388.96, 1.79259
FILLER_0_138_701, 329.04, 388.96, 1.79259
FILLER_0_139_697, 329.04, 388.96, 1.79259
_06525_, 329.04, 383.52, 1.79265
_06526_, 329.04, 383.52, 1.79265
_06585_, 329.04, 383.52, 1.79265
_06586_, 329.04, 383.52, 1.79265
_06587_, 329.04, 383.52, 1.79265
_06588_, 329.04, 383.52, 1.79265
_06592_, 329.04, 383.52, 1.79265
FILLER_0_137_713, 329.04, 383.52, 1.79265
FILLER_0_138_715, 329.04, 383.52, 1.79265
_06375_, 329.04, 378.08, 1.79269
_06518_, 329.04, 378.08, 1.79269
_06520_, 329.04, 378.08, 1.79269
_06528_, 329.04, 378.08, 1.79269
_06591_, 329.04, 378.08, 1.79269
ANTENNA_188, 329.04, 378.08, 1.79269
FILLER_0_134_701, 329.04, 378.08, 1.79269
_06355_, 329.04, 372.64, 1.79273
_06374_, 329.04, 372.64, 1.79273
_06519_, 329.04, 372.64, 1.79273
FILLER_0_132_693, 329.04, 372.64, 1.79273
FILLER_0_133_700, 329.04, 372.64, 1.79273
_06368_, 329.04, 367.2, 1.79276
_06376_, 329.04, 367.2, 1.79276
_06521_, 329.04, 367.2, 1.79276
_06522_, 329.04, 367.2, 1.79276
_06523_, 329.04, 367.2, 1.79276
_06524_, 329.04, 367.2, 1.79276
FILLER_0_131_705, 329.04, 367.2, 1.79276
_06363_, 329.04, 361.76, 1.79277
_06367_, 329.04, 361.76, 1.79277
_06371_, 329.04, 361.76, 1.79277
_06373_, 329.04, 361.76, 1.79277
ANTENNA_129, 329.04, 361.76, 1.79277
FILLER_0_128_696, 329.04, 361.76, 1.79277
FILLER_0_129_696, 329.04, 361.76, 1.79277
_06364_, 329.04, 356.32, 1.79286
_06365_, 329.04, 356.32, 1.79286
_06366_, 329.04, 356.32, 1.79286
_06369_, 329.04, 356.32, 1.79286
_06372_, 329.04, 356.32, 1.79286
FILLER_0_126_697, 329.04, 356.32, 1.79286
FILLER_0_127_695, 329.04, 356.32, 1.79286
_06317_, 329.04, 350.88, 1.79287
_06342_, 329.04, 350.88, 1.79287
_06358_, 329.04, 350.88, 1.79287
_06370_, 329.04, 350.88, 1.79287
clkbuf_4_12_0_clk, 329.04, 350.88, 1.79287
_06303_, 329.04, 345.44, 1.79297
_06362_, 329.04, 345.44, 1.79297
_06454_, 329.04, 345.44, 1.79297
ANTENNA_115, 329.04, 345.44, 1.79297
ANTENNA_118, 329.04, 345.44, 1.79297
ANTENNA_184, 329.04, 345.44, 1.79297
FILLER_0_122_695, 329.04, 345.44, 1.79297
FILLER_0_123_708, 329.04, 345.44, 1.79297
_06356_, 329.04, 340, 1.79299
_12747_, 329.04, 340, 1.79299
FILLER_0_122_705, 329.04, 340, 1.79299
_12717_, 329.04, 334.56, 1.79312
FILLER_0_119_715, 329.04, 334.56, 1.79312
FILLER_0_120_713, 329.04, 334.56, 1.79312
_08340_, 329.04, 329.12, 1.79321
ANTENNA_97, 329.04, 329.12, 1.79321
ANTENNA_99, 329.04, 329.12, 1.79321
FILLER_0_116_697, 329.04, 329.12, 1.79321
_08510_, 329.04, 323.68, 1.79329
_12746_, 329.04, 323.68, 1.79329
_12749_, 329.04, 323.68, 1.79329
FILLER_0_114_701, 329.04, 323.68, 1.79329
FILLER_0_115_695, 329.04, 323.68, 1.79329
FILLER_0_116_707, 329.04, 323.68, 1.79329
_07028_, 329.04, 318.24, 1.79341
_08344_, 329.04, 318.24, 1.79341
_08345_, 329.04, 318.24, 1.79341
_08508_, 329.04, 318.24, 1.79341
FILLER_0_113_690, 329.04, 318.24, 1.79341
FILLER_0_113_713, 329.04, 318.24, 1.79341
FILLER_0_114_715, 329.04, 318.24, 1.79341
_08509_, 329.04, 312.8, 1.7935
_08511_, 329.04, 312.8, 1.7935
_08517_, 329.04, 312.8, 1.7935
_08518_, 329.04, 312.8, 1.7935
FILLER_0_110_697, 329.04, 312.8, 1.7935
FILLER_0_111_693, 329.04, 312.8, 1.7935
_08513_, 329.04, 307.36, 1.7936
_08516_, 329.04, 307.36, 1.7936
FILLER_0_108_694, 329.04, 307.36, 1.7936
_08346_, 329.04, 301.92, 1.79371
_08363_, 329.04, 301.92, 1.79371
_08365_, 329.04, 301.92, 1.79371
_08368_, 329.04, 301.92, 1.79371
_08503_, 329.04, 301.92, 1.79371
FILLER_0_107_699, 329.04, 301.92, 1.79371
_08366_, 329.04, 296.48, 1.79383
_08371_, 329.04, 296.48, 1.79383
FILLER_0_105_691, 329.04, 296.48, 1.79383
FILLER_0_105_703, 329.04, 296.48, 1.79383
_08367_, 329.04, 291.04, 1.79389
_08372_, 329.04, 291.04, 1.79389
_08499_, 329.04, 291.04, 1.79389
FILLER_0_102_694, 329.04, 291.04, 1.79389
FILLER_0_103_697, 329.04, 291.04, 1.79389
_08374_, 329.04, 285.6, 1.79401
_08375_, 329.04, 285.6, 1.79401
_08497_, 329.04, 285.6, 1.79401
rebuffer23, 329.04, 285.6, 1.79401
FILLER_0_101_706, 329.04, 285.6, 1.79401
FILLER_0_102_709, 329.04, 285.6, 1.79401
_06302_, 329.04, 280.16, 1.79417
_06312_, 329.04, 280.16, 1.79417
_08494_, 329.04, 280.16, 1.79417
FILLER_0_98_701, 329.04, 280.16, 1.79417
FILLER_0_100_704, 329.04, 280.16, 1.79417
FILLER_0_100_715, 329.04, 280.16, 1.79417
_06313_, 329.04, 274.72, 1.79425
ANTENNA_135, 329.04, 274.72, 1.79425
ANTENNA_137, 329.04, 274.72, 1.79425
FILLER_0_96_695, 329.04, 274.72, 1.79425
FILLER_0_96_713, 329.04, 269.28, 1.79443
_08100_, 329.04, 263.84, 1.79461
_08108_, 329.04, 263.84, 1.79461
_08113_, 329.04, 263.84, 1.79461
_08438_, 329.04, 263.84, 1.79461
FILLER_0_92_701, 329.04, 263.84, 1.79461
FILLER_0_93_699, 329.04, 263.84, 1.79461
FILLER_0_93_710, 329.04, 263.84, 1.79461
FILLER_0_94_713, 329.04, 263.84, 1.79461
_08109_, 329.04, 258.4, 1.79476
_08111_, 329.04, 258.4, 1.79476
_08433_, 329.04, 258.4, 1.79476
_08439_, 329.04, 258.4, 1.79476
ANTENNA_146, 329.04, 258.4, 1.79476
ANTENNA_148, 329.04, 258.4, 1.79476
ANTENNA_149, 329.04, 258.4, 1.79476
ANTENNA_151, 329.04, 258.4, 1.79476
FILLER_0_90_693, 329.04, 258.4, 1.79476
FILLER_0_90_701, 329.04, 258.4, 1.79476
FILLER_0_91_691, 329.04, 258.4, 1.79476
_08434_, 329.04, 252.96, 1.7949
_08442_, 329.04, 252.96, 1.7949
_08397_, 329.04, 247.52, 1.79506
_08399_, 329.04, 247.52, 1.79506
_08441_, 329.04, 247.52, 1.79506
FILLER_0_86_693, 329.04, 247.52, 1.79506
FILLER_0_87_696, 329.04, 247.52, 1.79506
FILLER_0_87_714, 329.04, 247.52, 1.79506
_08391_, 329.04, 242.08, 1.79521
_08400_, 329.04, 242.08, 1.79521
_08436_, 329.04, 242.08, 1.79521
_08437_, 329.04, 242.08, 1.79521
_08440_, 329.04, 242.08, 1.79521
FILLER_0_85_695, 329.04, 242.08, 1.79521
FILLER_0_85_707, 329.04, 242.08, 1.79521
_08401_, 329.04, 236.64, 1.79542
_08432_, 329.04, 236.64, 1.79542
FILLER_0_83_712, 329.04, 236.64, 1.79542
_08429_, 329.04, 231.2, 1.79557
_08435_, 329.04, 231.2, 1.79557
_08446_, 329.04, 231.2, 1.79557
FILLER_0_81_702, 329.04, 231.2, 1.79557
_08447_, 329.04, 225.76, 1.7958
FILLER_0_78_692, 329.04, 225.76, 1.7958
FILLER_0_79_714, 329.04, 225.76, 1.7958
_08115_, 329.04, 220.32, 1.79596
_08116_, 329.04, 220.32, 1.79596
_08430_, 329.04, 220.32, 1.79596
_08431_, 329.04, 220.32, 1.79596
_08448_, 329.04, 214.88, 1.79623
_08449_, 329.04, 214.88, 1.79623
_08451_, 329.04, 214.88, 1.79623
_08478_, 329.04, 214.88, 1.79623
FILLER_0_75_697, 329.04, 214.88, 1.79623
FILLER_0_75_710, 329.04, 214.88, 1.79623
FILLER_0_76_715, 329.04, 214.88, 1.79623
_08428_, 329.04, 209.44, 1.7964
_08450_, 329.04, 209.44, 1.7964
rebuffer45, 329.04, 209.44, 1.7964
FILLER_0_72_691, 329.04, 209.44, 1.7964
FILLER_0_73_711, 329.04, 209.44, 1.7964
_08475_, 329.04, 204, 1.79671
FILLER_0_70_693, 329.04, 204, 1.79671
FILLER_0_71_701, 329.04, 204, 1.79671
FILLER_0_72_714, 329.04, 204, 1.79671
_08472_, 329.04, 198.56, 1.79695
rebuffer14, 329.04, 198.56, 1.79695
FILLER_0_68_701, 329.04, 198.56, 1.79695
FILLER_0_70_713, 329.04, 198.56, 1.79695
_07736_, 329.04, 193.12, 1.79713
_07737_, 329.04, 193.12, 1.79713
_08471_, 329.04, 193.12, 1.79713
_08473_, 329.04, 193.12, 1.79713
_09408_, 329.04, 193.12, 1.79713
rebuffer37, 329.04, 193.12, 1.79713
FILLER_0_64_692, 329.04, 187.68, 1.79767
_08977_, 329.04, 182.24, 1.79789
_08988_, 329.04, 182.24, 1.79789
_09430_, 329.04, 182.24, 1.79789
_09431_, 329.04, 182.24, 1.79789
FILLER_0_63_696, 329.04, 182.24, 1.79789
FILLER_0_63_711, 329.04, 182.24, 1.79789
_08981_, 329.04, 176.8, 1.79783
FILLER_0_60_696, 329.04, 176.8, 1.79783
FILLER_0_61_700, 329.04, 176.8, 1.79783
_08987_, 329.04, 171.36, 1.79753
_09051_, 329.04, 171.36, 1.79753
_09052_, 329.04, 171.36, 1.79753
FILLER_0_58_696, 329.04, 171.36, 1.79753
FILLER_0_58_701, 329.04, 171.36, 1.79753
FILLER_0_59_703, 329.04, 171.36, 1.79753
_08974_, 329.04, 165.92, 1.79722
_08989_, 329.04, 165.92, 1.79722
_08991_, 329.04, 165.92, 1.79722
_09043_, 329.04, 165.92, 1.79722
FILLER_0_56_694, 329.04, 165.92, 1.79722
FILLER_0_57_697, 329.04, 165.92, 1.79722
_08967_, 329.04, 160.48, 1.79695
_08971_, 329.04, 160.48, 1.79695
_08970_, 329.04, 155.04, 1.79677
_08992_, 329.04, 155.04, 1.79677
_08994_, 329.04, 155.04, 1.79677
_09033_, 329.04, 155.04, 1.79677
_09036_, 329.04, 155.04, 1.79677
FILLER_0_52_691, 329.04, 155.04, 1.79677
FILLER_0_53_714, 329.04, 155.04, 1.79677
FILLER_0_54_713, 329.04, 155.04, 1.79677
_09028_, 329.04, 149.6, 1.79652
_09029_, 329.04, 149.6, 1.79652
_09034_, 329.04, 149.6, 1.79652
FILLER_0_50_693, 329.04, 149.6, 1.79652
_09056_, 329.04, 144.16, 1.79624
_09058_, 329.04, 144.16, 1.79624
_09060_, 329.04, 144.16, 1.79624
_09061_, 329.04, 144.16, 1.79624
_09063_, 329.04, 144.16, 1.79624
FILLER_0_49_702, 329.04, 144.16, 1.79624
_09062_, 329.04, 138.72, 1.79602
_09064_, 329.04, 138.72, 1.79602
_09068_, 329.04, 138.72, 1.79602
FILLER_0_46_690, 329.04, 138.72, 1.79602
_09041_, 329.04, 133.28, 1.79582
_09047_, 329.04, 133.28, 1.79582
_09048_, 329.04, 133.28, 1.79582
FILLER_0_44_695, 329.04, 133.28, 1.79582
FILLER_0_45_697, 329.04, 133.28, 1.79582
FILLER_0_45_713, 329.04, 133.28, 1.79582
_09040_, 329.04, 127.84, 1.79551
_09049_, 329.04, 127.84, 1.79551
_09069_, 329.04, 127.84, 1.79551
_09070_, 329.04, 127.84, 1.79551
_09071_, 329.04, 127.84, 1.79551
FILLER_0_42_697, 329.04, 127.84, 1.79551
FILLER_0_42_701, 329.04, 127.84, 1.79551
FILLER_0_43_697, 329.04, 127.84, 1.79551
_09042_, 329.04, 122.4, 1.79538
_09050_, 329.04, 122.4, 1.79538
FILLER_0_40_696, 329.04, 122.4, 1.79538
FILLER_0_40_701, 329.04, 122.4, 1.79538
FILLER_0_42_711, 329.04, 122.4, 1.79538
_09035_, 329.04, 116.96, 1.7952
_09072_, 329.04, 116.96, 1.7952
_09073_, 329.04, 116.96, 1.7952
_09074_, 329.04, 116.96, 1.7952
FILLER_0_38_697, 329.04, 116.96, 1.7952
FILLER_0_39_704, 329.04, 116.96, 1.7952
FILLER_0_40_713, 329.04, 116.96, 1.7952
_08622_, 329.04, 111.52, 1.79494
_09027_, 329.04, 111.52, 1.79494
_09030_, 329.04, 111.52, 1.79494
_09075_, 329.04, 111.52, 1.79494
_09076_, 329.04, 111.52, 1.79494
_09143_, 329.04, 111.52, 1.79494
_09144_, 329.04, 111.52, 1.79494
_09145_, 329.04, 111.52, 1.79494
FILLER_0_36_692, 329.04, 111.52, 1.79494
FILLER_0_38_713, 329.04, 111.52, 1.79494
_09025_, 329.04, 106.08, 1.79485
_09031_, 329.04, 106.08, 1.79485
_09077_, 329.04, 106.08, 1.79485
_09078_, 329.04, 106.08, 1.79485
_09135_, 329.04, 106.08, 1.79485
FILLER_0_34_696, 329.04, 106.08, 1.79485
FILLER_0_36_705, 329.04, 106.08, 1.79485
_09130_, 329.04, 100.64, 1.79464
_09131_, 329.04, 100.64, 1.79464
_09136_, 329.04, 100.64, 1.79464
FILLER_0_32_696, 329.04, 100.64, 1.79464
FILLER_0_33_692, 329.04, 100.64, 1.79464
FILLER_0_34_715, 329.04, 100.64, 1.79464
_09187_, 329.04, 95.2, 1.79461
_09232_, 329.04, 95.2, 1.79461
_09276_, 329.04, 95.2, 1.79461
FILLER_0_30_694, 329.04, 95.2, 1.79461
_09229_, 329.04, 89.76, 1.79457
_09277_, 329.04, 89.76, 1.79457
_09280_, 329.04, 89.76, 1.79457
FILLER_0_28_693, 329.04, 89.76, 1.79457
FILLER_0_29_706, 329.04, 89.76, 1.79457
_12633_, 329.04, 84.32, 1.79447
FILLER_0_26_701, 329.04, 84.32, 1.79447
FILLER_0_27_709, 329.04, 84.32, 1.79447
FILLER_0_28_713, 329.04, 84.32, 1.79447
_09358_, 329.04, 78.88, 1.79412
_12634_, 329.04, 78.88, 1.79412
ANTENNA_72, 329.04, 78.88, 1.79412
FILLER_0_24_701, 329.04, 78.88, 1.79412
FILLER_0_25_711, 329.04, 78.88, 1.79412
_09353_, 329.04, 73.44, 1.79425
_09359_, 329.04, 73.44, 1.79425
_09360_, 329.04, 73.44, 1.79425
FILLER_0_23_699, 329.04, 73.44, 1.79425
_09432_, 329.04, 68, 1.79425
_09436_, 329.04, 68, 1.79425
_09428_, 329.04, 62.56, 1.79409
_09437_, 329.04, 62.56, 1.79409
_12643_, 329.04, 62.56, 1.79409
FILLER_0_18_692, 329.04, 62.56, 1.79409
FILLER_0_18_701, 329.04, 62.56, 1.79409
_09433_, 329.04, 57.12, 1.7939
_12640_, 329.04, 57.12, 1.7939
_12641_, 329.04, 57.12, 1.7939
_12642_, 329.04, 57.12, 1.7939
FILLER_0_17_709, 329.04, 57.12, 1.7939
FILLER_0_12_693, 329.04, 46.24, 1.79398
FILLER_0_10_693, 329.04, 40.8, 1.79432
FILLER_0_8_693, 329.04, 35.36, 1.79449
FILLER_0_6_693, 329.04, 29.92, 1.79454
FILLER_0_4_693, 329.04, 24.48, 1.79458
FILLER_0_2_693, 329.04, 19.04, 1.79453
_12678_, 329.04, 13.6, 1.79445
output86, 329.04, 13.6, 1.79445
FILLER_0_0_691, 329.04, 13.6, 1.79445
input17, 175.44, 432.48, 1.79261
_12738_, 175.44, 427.04, 1.79257
FILLER_0_152_357, 175.44, 427.04, 1.79257
FILLER_0_153_361, 175.44, 427.04, 1.79257
FILLER_0_154_377, 175.44, 427.04, 1.79257
FILLER_0_150_357, 175.44, 421.6, 1.7926
FILLER_0_148_357, 175.44, 416.16, 1.79264
FILLER_0_146_357, 175.44, 410.72, 1.79263
FILLER_0_144_357, 175.44, 405.28, 1.79269
FILLER_0_142_357, 175.44, 399.84, 1.79269
FILLER_0_140_357, 175.44, 394.4, 1.79271
FILLER_0_138_357, 175.44, 388.96, 1.79274
FILLER_0_136_357, 175.44, 383.52, 1.79276
_09673_, 175.44, 378.08, 1.79279
_09866_, 175.44, 378.08, 1.79279
FILLER_0_134_357, 175.44, 378.08, 1.79279
FILLER_0_134_365, 175.44, 378.08, 1.79279
FILLER_0_135_361, 175.44, 378.08, 1.79279
FILLER_0_135_382, 175.44, 378.08, 1.79279
FILLER_0_136_377, 175.44, 378.08, 1.79279
_09867_, 175.44, 372.64, 1.79281
FILLER_0_132_357, 175.44, 372.64, 1.79281
FILLER_0_132_365, 175.44, 372.64, 1.79281
FILLER_0_134_373, 175.44, 372.64, 1.79281
_09475_, 175.44, 367.2, 1.79281
_09476_, 175.44, 367.2, 1.79281
_09477_, 175.44, 367.2, 1.79281
_09479_, 175.44, 367.2, 1.79281
FILLER_0_130_357, 175.44, 367.2, 1.79281
FILLER_0_130_365, 175.44, 367.2, 1.79281
FILLER_0_131_361, 175.44, 367.2, 1.79281
FILLER_0_132_378, 175.44, 367.2, 1.79281
_07113_, 175.44, 361.76, 1.79282
_09474_, 175.44, 361.76, 1.79282
_09681_, 175.44, 361.76, 1.79282
_09682_, 175.44, 361.76, 1.79282
_09684_, 175.44, 361.76, 1.79282
FILLER_0_128_359, 175.44, 361.76, 1.79282
_09674_, 175.44, 356.32, 1.79288
_09683_, 175.44, 356.32, 1.79288
_09685_, 175.44, 356.32, 1.79288
_09871_, 175.44, 356.32, 1.79288
FILLER_0_126_361, 175.44, 356.32, 1.79288
FILLER_0_127_361, 175.44, 356.32, 1.79288
FILLER_0_127_369, 175.44, 356.32, 1.79288
_09470_, 175.44, 350.88, 1.7929
FILLER_0_124_359, 175.44, 350.88, 1.7929
_07089_, 175.44, 345.44, 1.79295
_07094_, 175.44, 345.44, 1.79295
_09466_, 175.44, 345.44, 1.79295
_09468_, 175.44, 345.44, 1.79295
_09469_, 175.44, 345.44, 1.79295
_09675_, 175.44, 345.44, 1.79295
FILLER_0_122_357, 175.44, 345.44, 1.79295
FILLER_0_122_365, 175.44, 345.44, 1.79295
FILLER_0_123_356, 175.44, 345.44, 1.79295
FILLER_0_124_382, 175.44, 345.44, 1.79295
_07101_, 175.44, 340, 1.79298
_08812_, 175.44, 340, 1.79298
_08813_, 175.44, 334.56, 1.793
_09869_, 175.44, 334.56, 1.793
_09870_, 175.44, 334.56, 1.793
_09872_, 175.44, 334.56, 1.793
_10073_, 175.44, 334.56, 1.793
FILLER_0_118_365, 175.44, 334.56, 1.793
FILLER_0_119_361, 175.44, 334.56, 1.793
_09464_, 175.44, 329.12, 1.79304
_09465_, 175.44, 329.12, 1.79304
_09622_, 175.44, 329.12, 1.79304
_10074_, 175.44, 329.12, 1.79304
_10075_, 175.44, 329.12, 1.79304
_09463_, 175.44, 323.68, 1.79312
_09658_, 175.44, 323.68, 1.79312
_09873_, 175.44, 323.68, 1.79312
_10177_, 175.44, 323.68, 1.79312
FILLER_0_115_374, 175.44, 323.68, 1.79312
FILLER_0_116_377, 175.44, 323.68, 1.79312
_09990_, 175.44, 318.24, 1.79317
fanout154, 175.44, 318.24, 1.79317
FILLER_0_113_376, 175.44, 318.24, 1.79317
_09772_, 175.44, 312.8, 1.79324
_09776_, 175.44, 312.8, 1.79324
_11326_, 175.44, 312.8, 1.79324
_11327_, 175.44, 312.8, 1.79324
_11328_, 175.44, 312.8, 1.79324
FILLER_0_111_380, 175.44, 312.8, 1.79324
FILLER_0_112_372, 175.44, 312.8, 1.79324
_11177_, 175.44, 307.36, 1.7933
_11178_, 175.44, 307.36, 1.7933
_11324_, 175.44, 307.36, 1.7933
_11325_, 175.44, 307.36, 1.7933
FILLER_0_110_382, 175.44, 307.36, 1.7933
_07029_, 175.44, 301.92, 1.79335
_08046_, 175.44, 301.92, 1.79335
_09637_, 175.44, 301.92, 1.79335
_11174_, 175.44, 301.92, 1.79335
_11175_, 175.44, 301.92, 1.79335
_09636_, 175.44, 296.48, 1.79339
_09654_, 175.44, 296.48, 1.79339
FILLER_0_104_359, 175.44, 296.48, 1.79339
FILLER_0_105_361, 175.44, 296.48, 1.79339
FILLER_0_106_377, 175.44, 296.48, 1.79339
_10558_, 175.44, 291.04, 1.79341
_10559_, 175.44, 291.04, 1.79341
_10561_, 175.44, 291.04, 1.79341
FILLER_0_103_379, 175.44, 291.04, 1.79341
FILLER_0_104_377, 175.44, 291.04, 1.79341
_10727_, 175.44, 285.6, 1.79347
_10728_, 175.44, 285.6, 1.79347
FILLER_0_100_365, 175.44, 285.6, 1.79347
FILLER_0_101_360, 175.44, 285.6, 1.79347
FILLER_0_101_376, 175.44, 285.6, 1.79347
FILLER_0_102_375, 175.44, 285.6, 1.79347
_08134_, 175.44, 280.16, 1.79357
FILLER_0_98_361, 175.44, 280.16, 1.79357
FILLER_0_100_381, 175.44, 280.16, 1.79357
_10045_, 175.44, 274.72, 1.79366
_10236_, 175.44, 274.72, 1.79366
_10237_, 175.44, 274.72, 1.79366
_10390_, 175.44, 274.72, 1.79366
FILLER_0_96_368, 175.44, 274.72, 1.79366
FILLER_0_98_377, 175.44, 274.72, 1.79366
_10043_, 175.44, 269.28, 1.79367
_10240_, 175.44, 269.28, 1.79367
_10395_, 175.44, 269.28, 1.79367
FILLER_0_96_380, 175.44, 269.28, 1.79367
_09839_, 175.44, 263.84, 1.79385
_10042_, 175.44, 263.84, 1.79385
FILLER_0_92_357, 175.44, 263.84, 1.79385
FILLER_0_92_365, 175.44, 263.84, 1.79385
FILLER_0_93_373, 175.44, 263.84, 1.79385
_09824_, 175.44, 258.4, 1.79393
_09841_, 175.44, 258.4, 1.79393
_09842_, 175.44, 258.4, 1.79393
_09844_, 175.44, 258.4, 1.79393
FILLER_0_91_377, 175.44, 258.4, 1.79393
FILLER_0_92_373, 175.44, 258.4, 1.79393
_09657_, 175.44, 252.96, 1.79406
_09660_, 175.44, 252.96, 1.79406
_09825_, 175.44, 252.96, 1.79406
_09827_, 175.44, 252.96, 1.79406
_09828_, 175.44, 252.96, 1.79406
_09843_, 175.44, 252.96, 1.79406
FILLER_0_88_359, 175.44, 252.96, 1.79406
FILLER_0_89_361, 175.44, 252.96, 1.79406
FILLER_0_89_373, 175.44, 252.96, 1.79406
FILLER_0_90_372, 175.44, 252.96, 1.79406
_07030_, 175.44, 247.52, 1.79416
_09661_, 175.44, 247.52, 1.79416
_09829_, 175.44, 247.52, 1.79416
FILLER_0_88_378, 175.44, 247.52, 1.79416
FILLER_0_85_376, 175.44, 242.08, 1.79426
_10176_, 175.44, 236.64, 1.79438
_10187_, 175.44, 236.64, 1.79438
_10188_, 175.44, 236.64, 1.79438
_10189_, 175.44, 236.64, 1.79438
_10190_, 175.44, 236.64, 1.79438
_10360_, 175.44, 236.64, 1.79438
_10514_, 175.44, 236.64, 1.79438
_10518_, 175.44, 236.64, 1.79438
FILLER_0_84_377, 175.44, 236.64, 1.79438
_10191_, 175.44, 231.2, 1.79448
_10362_, 175.44, 231.2, 1.79448
FILLER_0_80_357, 175.44, 231.2, 1.79448
FILLER_0_81_359, 175.44, 231.2, 1.79448
FILLER_0_82_374, 175.44, 231.2, 1.79448
_10354_, 175.44, 225.76, 1.79459
_10367_, 175.44, 225.76, 1.79459
_10517_, 175.44, 225.76, 1.79459
_10519_, 175.44, 225.76, 1.79459
FILLER_0_79_361, 175.44, 225.76, 1.79459
FILLER_0_79_380, 175.44, 225.76, 1.79459
FILLER_0_80_377, 175.44, 225.76, 1.79459
_10355_, 175.44, 220.32, 1.79463
_10356_, 175.44, 220.32, 1.79463
FILLER_0_77_360, 175.44, 220.32, 1.79463
_10169_, 175.44, 214.88, 1.79483
_10338_, 175.44, 214.88, 1.79483
_10339_, 175.44, 214.88, 1.79483
FILLER_0_75_373, 175.44, 214.88, 1.79483
_10172_, 175.44, 209.44, 1.79491
_10351_, 175.44, 209.44, 1.79491
_10368_, 175.44, 209.44, 1.79491
_10369_, 175.44, 209.44, 1.79491
_10525_, 175.44, 209.44, 1.79491
FILLER_0_72_356, 175.44, 209.44, 1.79491
FILLER_0_74_372, 175.44, 209.44, 1.79491
_10370_, 175.44, 204, 1.79502
_10371_, 175.44, 204, 1.79502
FILLER_0_71_371, 175.44, 204, 1.79502
FILLER_0_71_382, 175.44, 204, 1.79502
_09966_, 175.44, 198.56, 1.79523
_10155_, 175.44, 198.56, 1.79523
FILLER_0_68_359, 175.44, 198.56, 1.79523
FILLER_0_68_365, 175.44, 198.56, 1.79523
FILLER_0_69_361, 175.44, 198.56, 1.79523
_09967_, 175.44, 193.12, 1.79534
_09968_, 175.44, 193.12, 1.79534
_09970_, 175.44, 193.12, 1.79534
_09971_, 175.44, 193.12, 1.79534
FILLER_0_66_357, 175.44, 193.12, 1.79534
FILLER_0_66_365, 175.44, 193.12, 1.79534
_10159_, 175.44, 187.68, 1.7955
_10161_, 175.44, 187.68, 1.7955
_10162_, 175.44, 187.68, 1.7955
_10163_, 175.44, 187.68, 1.7955
_10164_, 175.44, 187.68, 1.7955
_10344_, 175.44, 187.68, 1.7955
FILLER_0_64_358, 175.44, 187.68, 1.7955
FILLER_0_65_364, 175.44, 187.68, 1.7955
FILLER_0_66_375, 175.44, 187.68, 1.7955
_10156_, 175.44, 182.24, 1.79562
_10158_, 175.44, 182.24, 1.79562
_10160_, 175.44, 182.24, 1.79562
_10507_, 175.44, 182.24, 1.79562
FILLER_0_62_358, 175.44, 182.24, 1.79562
FILLER_0_63_364, 175.44, 182.24, 1.79562
_08129_, 175.44, 176.8, 1.7956
_10516_, 175.44, 176.8, 1.7956
FILLER_0_61_369, 175.44, 176.8, 1.7956
_10324_, 175.44, 171.36, 1.79554
_10325_, 175.44, 171.36, 1.79554
_10327_, 175.44, 171.36, 1.79554
_10328_, 175.44, 171.36, 1.79554
_10476_, 175.44, 171.36, 1.79554
_10479_, 175.44, 171.36, 1.79554
_10480_, 175.44, 171.36, 1.79554
FILLER_0_58_365, 175.44, 171.36, 1.79554
FILLER_0_59_368, 175.44, 171.36, 1.79554
_10135_, 175.44, 165.92, 1.79547
_10145_, 175.44, 165.92, 1.79547
_10330_, 175.44, 165.92, 1.79547
_10331_, 175.44, 165.92, 1.79547
_10477_, 175.44, 165.92, 1.79547
FILLER_0_56_358, 175.44, 165.92, 1.79547
FILLER_0_56_365, 175.44, 165.92, 1.79547
FILLER_0_57_372, 175.44, 165.92, 1.79547
_10146_, 175.44, 160.48, 1.79538
_10312_, 175.44, 160.48, 1.79538
_10329_, 175.44, 160.48, 1.79538
_10332_, 175.44, 160.48, 1.79538
FILLER_0_54_357, 175.44, 160.48, 1.79538
FILLER_0_55_376, 175.44, 160.48, 1.79538
FILLER_0_56_373, 175.44, 160.48, 1.79538
_10314_, 175.44, 155.04, 1.79533
_10316_, 175.44, 155.04, 1.79533
_10318_, 175.44, 155.04, 1.79533
FILLER_0_52_359, 175.44, 155.04, 1.79533
FILLER_0_53_359, 175.44, 155.04, 1.79533
_10315_, 175.44, 149.6, 1.79521
_10317_, 175.44, 149.6, 1.79521
_10319_, 175.44, 149.6, 1.79521
_10320_, 175.44, 149.6, 1.79521
_10497_, 175.44, 149.6, 1.79521
FILLER_0_52_378, 175.44, 149.6, 1.79521
_10150_, 175.44, 144.16, 1.7951
_10333_, 175.44, 144.16, 1.7951
_10334_, 175.44, 144.16, 1.7951
FILLER_0_48_359, 175.44, 144.16, 1.7951
FILLER_0_48_365, 175.44, 144.16, 1.7951
FILLER_0_49_367, 175.44, 144.16, 1.7951
FILLER_0_50_372, 175.44, 144.16, 1.7951
FILLER_0_50_380, 175.44, 144.16, 1.7951
_10335_, 175.44, 138.72, 1.79494
_10336_, 175.44, 138.72, 1.79494
_10475_, 175.44, 138.72, 1.79494
_10501_, 175.44, 138.72, 1.79494
_10636_, 175.44, 133.28, 1.79503
_10637_, 175.44, 133.28, 1.79503
_10638_, 175.44, 133.28, 1.79503
FILLER_0_44_356, 175.44, 133.28, 1.79503
FILLER_0_45_365, 175.44, 133.28, 1.79503
_10429_, 175.44, 127.84, 1.79496
_10639_, 175.44, 127.84, 1.79496
_10762_, 175.44, 127.84, 1.79496
_10764_, 175.44, 127.84, 1.79496
FILLER_0_42_361, 175.44, 127.84, 1.79496
FILLER_0_43_372, 175.44, 127.84, 1.79496
_10640_, 175.44, 122.4, 1.79484
_10642_, 175.44, 122.4, 1.79484
FILLER_0_40_358, 175.44, 122.4, 1.79484
_10427_, 175.44, 116.96, 1.7948
_10430_, 175.44, 116.96, 1.7948
_10641_, 175.44, 116.96, 1.7948
_10643_, 175.44, 116.96, 1.7948
_10645_, 175.44, 116.96, 1.7948
_10646_, 175.44, 116.96, 1.7948
_10647_, 175.44, 116.96, 1.7948
_10648_, 175.44, 116.96, 1.7948
FILLER_0_39_358, 175.44, 116.96, 1.7948
FILLER_0_39_376, 175.44, 116.96, 1.7948
FILLER_0_40_374, 175.44, 116.96, 1.7948
_10431_, 175.44, 111.52, 1.79476
_10436_, 175.44, 111.52, 1.79476
_10649_, 175.44, 111.52, 1.79476
max_cap146, 175.44, 111.52, 1.79476
FILLER_0_37_377, 175.44, 111.52, 1.79476
FILLER_0_38_372, 175.44, 111.52, 1.79476
_10655_, 175.44, 106.08, 1.79471
_10656_, 175.44, 106.08, 1.79471
_10658_, 175.44, 106.08, 1.79471
FILLER_0_34_356, 175.44, 106.08, 1.79471
FILLER_0_35_382, 175.44, 106.08, 1.79471
_10435_, 175.44, 100.64, 1.79461
_10437_, 175.44, 100.64, 1.79461
_10657_, 175.44, 100.64, 1.79461
_10659_, 175.44, 100.64, 1.79461
_10660_, 175.44, 100.64, 1.79461
_10662_, 175.44, 100.64, 1.79461
_10779_, 175.44, 100.64, 1.79461
_10781_, 175.44, 100.64, 1.79461
FILLER_0_33_380, 175.44, 100.64, 1.79461
FILLER_0_34_375, 175.44, 100.64, 1.79461
_10661_, 175.44, 95.2, 1.79456
_10780_, 175.44, 95.2, 1.79456
wire5, 175.44, 95.2, 1.79456
FILLER_0_30_361, 175.44, 95.2, 1.79456
_10439_, 175.44, 89.76, 1.7945
_10663_, 175.44, 89.76, 1.7945
_10785_, 175.44, 89.76, 1.7945
max_cap141, 175.44, 89.76, 1.7945
FILLER_0_28_361, 175.44, 89.76, 1.7945
FILLER_0_29_364, 175.44, 89.76, 1.7945
FILLER_0_29_372, 175.44, 89.76, 1.7945
FILLER_0_29_382, 175.44, 89.76, 1.7945
_10441_, 175.44, 84.32, 1.79438
_10665_, 175.44, 84.32, 1.79438
_10666_, 175.44, 84.32, 1.79438
_10667_, 175.44, 84.32, 1.79438
_10786_, 175.44, 84.32, 1.79438
FILLER_0_27_376, 175.44, 84.32, 1.79438
FILLER_0_28_370, 175.44, 84.32, 1.79438
_10668_, 175.44, 78.88, 1.79429
_10758_, 175.44, 78.88, 1.79429
FILLER_0_24_365, 175.44, 78.88, 1.79429
_10671_, 175.44, 73.44, 1.79417
_10672_, 175.44, 73.44, 1.79417
_10673_, 175.44, 73.44, 1.79417
_10688_, 175.44, 73.44, 1.79417
_10689_, 175.44, 73.44, 1.79417
FILLER_0_22_361, 175.44, 73.44, 1.79417
FILLER_0_23_368, 175.44, 73.44, 1.79417
FILLER_0_24_380, 175.44, 73.44, 1.79417
_10473_, 175.44, 68, 1.79395
_10474_, 175.44, 68, 1.79395
_10686_, 175.44, 68, 1.79395
_10687_, 175.44, 68, 1.79395
_10690_, 175.44, 68, 1.79395
_10754_, 175.44, 68, 1.79395
_10755_, 175.44, 68, 1.79395
FILLER_0_21_382, 175.44, 68, 1.79395
_10469_, 175.44, 62.56, 1.79337
FILLER_0_19_379, 175.44, 62.56, 1.79337
_10052_, 175.44, 57.12, 1.79282
_10543_, 175.44, 57.12, 1.79282
ANTENNA_5, 175.44, 57.12, 1.79282
FILLER_0_17_357, 175.44, 57.12, 1.79282
FILLER_0_17_383, 175.44, 57.12, 1.79282
FILLER_0_18_377, 175.44, 57.12, 1.79282
_10383_, 175.44, 51.68, 1.79286
_10384_, 175.44, 51.68, 1.79286
_10540_, 175.44, 51.68, 1.79286
_10541_, 175.44, 51.68, 1.79286
FILLER_0_14_361, 175.44, 51.68, 1.79286
_10215_, 175.44, 46.24, 1.79312
_10385_, 175.44, 46.24, 1.79312
_10387_, 175.44, 46.24, 1.79312
_10542_, 175.44, 46.24, 1.79312
_10859_, 175.44, 46.24, 1.79312
FILLER_0_13_365, 175.44, 46.24, 1.79312
_10219_, 175.44, 40.8, 1.79401
FILLER_0_10_357, 175.44, 40.8, 1.79401
_10386_, 175.44, 35.36, 1.7949
FILLER_0_8_357, 175.44, 35.36, 1.7949
FILLER_0_6_357, 175.44, 29.92, 1.79519
FILLER_0_4_357, 175.44, 24.48, 1.7953
ANTENNA_32, 175.44, 19.04, 1.79528
FILLER_0_2_358, 175.44, 19.04, 1.79528
_12743_, 175.44, 13.6, 1.79522
input22, 175.44, 13.6, 1.79522
FILLER_0_0_377, 175.44, 13.6, 1.79522
FILLER_0_1_361, 175.44, 13.6, 1.79522
input63, 21.84, 427.04, 1.79272
FILLER_0_154_41, 21.84, 427.04, 1.79272
FILLER_0_154_49, 21.84, 427.04, 1.79272
ANTENNA_193, 21.84, 416.16, 1.79274
ANTENNA_194, 21.84, 416.16, 1.79274
ANTENNA_195, 21.84, 416.16, 1.79274
ANTENNA_67, 21.84, 410.72, 1.79275
ANTENNA_68, 21.84, 410.72, 1.79275
ANTENNA_69, 21.84, 405.28, 1.79277
ANTENNA_88, 21.84, 399.84, 1.79275
ANTENNA_89, 21.84, 399.84, 1.79275
ANTENNA_90, 21.84, 399.84, 1.79275
ANTENNA_91, 21.84, 399.84, 1.79275
ANTENNA_92, 21.84, 399.84, 1.79275
ANTENNA_93, 21.84, 399.84, 1.79275
ANTENNA_95, 21.84, 394.4, 1.79279
FILLER_0_142_41, 21.84, 394.4, 1.79279
FILLER_0_139_45, 21.84, 388.96, 1.7928
FILLER_0_129_45, 21.84, 361.76, 1.79287
ANTENNA_12, 21.84, 323.68, 1.79299
ANTENNA_13, 21.84, 323.68, 1.79299
ANTENNA_14, 21.84, 318.24, 1.79295
ANTENNA_15, 21.84, 318.24, 1.79295
ANTENNA_16, 21.84, 318.24, 1.79295
FILLER_0_113_45, 21.84, 318.24, 1.79295
clkbuf_4_4_0_clk, 21.84, 291.04, 1.79291
FILLER_0_104_41, 21.84, 291.04, 1.79291
ANTENNA_81, 21.84, 280.16, 1.79305
ANTENNA_82, 21.84, 280.16, 1.79305
FILLER_0_99_47, 21.84, 280.16, 1.79305
ANTENNA_83, 21.84, 274.72, 1.7931
ANTENNA_84, 21.84, 274.72, 1.7931
ANTENNA_85, 21.84, 274.72, 1.7931
ANTENNA_159, 21.84, 263.84, 1.79324
ANTENNA_160, 21.84, 263.84, 1.79324
ANTENNA_164, 21.84, 263.84, 1.79324
FILLER_0_93_27, 21.84, 263.84, 1.79324
FILLER_0_93_45, 21.84, 263.84, 1.79324
ANTENNA_161, 21.84, 258.4, 1.79335
ANTENNA_163, 21.84, 258.4, 1.79335
ANTENNA_165, 21.84, 258.4, 1.79335
FILLER_0_91_27, 21.84, 258.4, 1.79335
FILLER_0_91_49, 21.84, 258.4, 1.79335
FILLER_0_90_41, 21.84, 252.96, 1.79344
_12208_, 21.84, 247.52, 1.79351
_12268_, 21.84, 247.52, 1.79351
_12324_, 21.84, 247.52, 1.79351
_12384_, 21.84, 247.52, 1.79351
FILLER_0_86_29, 21.84, 247.52, 1.79351
FILLER_0_87_38, 21.84, 247.52, 1.79351
_12209_, 21.84, 242.08, 1.79356
_12323_, 21.84, 242.08, 1.79356
_12325_, 21.84, 242.08, 1.79356
_12326_, 21.84, 242.08, 1.79356
_12381_, 21.84, 242.08, 1.79356
FILLER_0_85_27, 21.84, 242.08, 1.79356
FILLER_0_85_41, 21.84, 242.08, 1.79356
_12704_, 21.84, 236.64, 1.79372
_12702_, 21.84, 231.2, 1.7938
_12267_, 21.84, 225.76, 1.79391
FILLER_0_79_39, 21.84, 225.76, 1.79391
_12321_, 21.84, 220.32, 1.79402
_12322_, 21.84, 220.32, 1.79402
_12379_, 21.84, 214.88, 1.79414
_12380_, 21.84, 214.88, 1.79414
_12603_, 21.84, 214.88, 1.79414
FILLER_0_74_32, 21.84, 214.88, 1.79414
FILLER_0_75_39, 21.84, 214.88, 1.79414
_12378_, 21.84, 209.44, 1.7943
_12385_, 21.84, 209.44, 1.7943
FILLER_0_73_33, 21.84, 209.44, 1.7943
FILLER_0_73_49, 21.84, 209.44, 1.7943
_12376_, 21.84, 204, 1.7944
_12377_, 21.84, 204, 1.7944
_12426_, 21.84, 204, 1.7944
_12427_, 21.84, 204, 1.7944
FILLER_0_72_41, 21.84, 204, 1.7944
_12423_, 21.84, 198.56, 1.79453
_12424_, 21.84, 198.56, 1.79453
_12425_, 21.84, 198.56, 1.79453
_12469_, 21.84, 198.56, 1.79453
_12470_, 21.84, 198.56, 1.79453
FILLER_0_69_44, 21.84, 198.56, 1.79453
FILLER_0_70_41, 21.84, 198.56, 1.79453
_12471_, 21.84, 193.12, 1.7946
_12546_, 21.84, 193.12, 1.7946
_12547_, 21.84, 193.12, 1.7946
FILLER_0_66_29, 21.84, 193.12, 1.7946
FILLER_0_67_36, 21.84, 193.12, 1.7946
_12429_, 21.84, 187.68, 1.79476
_12430_, 21.84, 187.68, 1.79476
_12504_, 21.84, 187.68, 1.79476
_12506_, 21.84, 187.68, 1.79476
_12544_, 21.84, 187.68, 1.79476
_12545_, 21.84, 187.68, 1.79476
FILLER_0_64_29, 21.84, 187.68, 1.79476
FILLER_0_65_40, 21.84, 187.68, 1.79476
_12431_, 21.84, 182.24, 1.79488
_12472_, 21.84, 182.24, 1.79488
_12507_, 21.84, 182.24, 1.79488
FILLER_0_63_41, 21.84, 182.24, 1.79488
FILLER_0_64_45, 21.84, 182.24, 1.79488
_12574_, 21.84, 176.8, 1.79497
FILLER_0_60_29, 21.84, 176.8, 1.79497
FILLER_0_61_48, 21.84, 176.8, 1.79497
_12551_, 21.84, 171.36, 1.79504
_12575_, 21.84, 171.36, 1.79504
_12593_, 21.84, 171.36, 1.79504
_12594_, 21.84, 171.36, 1.79504
FILLER_0_58_29, 21.84, 171.36, 1.79504
_12577_, 21.84, 165.92, 1.79508
_12578_, 21.84, 165.92, 1.79508
_12590_, 21.84, 165.92, 1.79508
FILLER_0_58_37, 21.84, 165.92, 1.79508
FILLER_0_58_47, 21.84, 165.92, 1.79508
_12555_, 21.84, 160.48, 1.79514
_12559_, 21.84, 160.48, 1.79514
_12560_, 21.84, 160.48, 1.79514
_12561_, 21.84, 160.48, 1.79514
FILLER_0_54_29, 21.84, 160.48, 1.79514
FILLER_0_55_30, 21.84, 160.48, 1.79514
FILLER_0_55_43, 21.84, 160.48, 1.79514
_12525_, 21.84, 155.04, 1.7952
_12556_, 21.84, 155.04, 1.7952
_12557_, 21.84, 155.04, 1.7952
_12558_, 21.84, 155.04, 1.7952
FILLER_0_53_39, 21.84, 155.04, 1.7952
FILLER_0_53_47, 21.84, 155.04, 1.7952
_12526_, 21.84, 149.6, 1.79524
_12527_, 21.84, 149.6, 1.79524
_12528_, 21.84, 149.6, 1.79524
_12529_, 21.84, 149.6, 1.79524
_12530_, 21.84, 149.6, 1.79524
_12531_, 21.84, 149.6, 1.79524
_12532_, 21.84, 149.6, 1.79524
FILLER_0_50_29, 21.84, 149.6, 1.79524
FILLER_0_51_28, 21.84, 149.6, 1.79524
_12520_, 21.84, 144.16, 1.79528
_12534_, 21.84, 144.16, 1.79528
_12535_, 21.84, 144.16, 1.79528
_12493_, 21.84, 138.72, 1.79535
_12494_, 21.84, 138.72, 1.79535
_12496_, 21.84, 138.72, 1.79535
_12497_, 21.84, 138.72, 1.79535
FILLER_0_46_29, 21.84, 138.72, 1.79535
FILLER_0_48_48, 21.84, 138.72, 1.79535
_12421_, 21.84, 133.28, 1.7954
_12492_, 21.84, 133.28, 1.7954
_12533_, 21.84, 133.28, 1.7954
FILLER_0_44_29, 21.84, 133.28, 1.7954
FILLER_0_45_43, 21.84, 133.28, 1.7954
FILLER_0_46_37, 21.84, 133.28, 1.7954
_12419_, 21.84, 127.84, 1.79549
_12460_, 21.84, 127.84, 1.79549
_12466_, 21.84, 127.84, 1.79549
_12467_, 21.84, 127.84, 1.79549
_12468_, 21.84, 127.84, 1.79549
FILLER_0_42_29, 21.84, 127.84, 1.79549
FILLER_0_43_30, 21.84, 127.84, 1.79549
FILLER_0_43_38, 21.84, 127.84, 1.79549
_12461_, 21.84, 122.4, 1.79551
_12462_, 21.84, 122.4, 1.79551
_12463_, 21.84, 122.4, 1.79551
_12464_, 21.84, 122.4, 1.79551
_12465_, 21.84, 122.4, 1.79551
FILLER_0_41_49, 21.84, 122.4, 1.79551
_12458_, 21.84, 116.96, 1.79562
FILLER_0_40_41, 21.84, 116.96, 1.79562
_12457_, 21.84, 111.52, 1.7957
_12487_, 21.84, 111.52, 1.7957
_12514_, 21.84, 111.52, 1.7957
_12563_, 21.84, 111.52, 1.7957
ANTENNA_70, 21.84, 111.52, 1.7957
FILLER_0_38_49, 21.84, 111.52, 1.7957
_12483_, 21.84, 106.08, 1.7958
_12484_, 21.84, 106.08, 1.7958
_12485_, 21.84, 106.08, 1.7958
_12513_, 21.84, 106.08, 1.7958
_12478_, 21.84, 100.64, 1.79589
_12511_, 21.84, 100.64, 1.79589
_12512_, 21.84, 100.64, 1.79589
FILLER_0_32_29, 21.84, 100.64, 1.79589
FILLER_0_34_37, 21.84, 100.64, 1.79589
_12441_, 21.84, 95.2, 1.796
_12509_, 21.84, 95.2, 1.796
FILLER_0_31_42, 21.84, 95.2, 1.796
ANTENNA_21, 21.84, 84.32, 1.79619
FILLER_0_19_49, 21.84, 62.56, 1.79658
FILLER_0_11_45, 21.84, 40.8, 1.79787
FILLER_0_9_47, 21.84, 35.36, 1.79826
_12654_, 21.84, 19.04, 1.79871
output110, 21.84, 13.6, 1.79862
FILLER_0_0_49, 21.84, 13.6, 1.79862
PHY_308, 5.52, 432.48, 1.79274
PHY_309, 428.26, 432.48, 1.79241
input6, 428.26, 432.48, 1.79241
input57, 428.26, 432.48, 1.79241
input36, 13.68, 432.48, 1.79274
output125, 13.68, 432.48, 1.79274
FILLER_0_154_12, 13.68, 432.48, 1.79274
FILLER_0_154_109, 60.24, 432.48, 1.79271
FILLER_0_154_133, 73.04, 432.48, 1.7927
FILLER_0_154_163, 85.84, 432.48, 1.79269
FILLER_0_154_217, 111.44, 432.48, 1.79267
FILLER_0_154_275, 137.04, 432.48, 1.79265
FILLER_0_154_301, 149.84, 432.48, 1.79263
output66, 162.64, 432.48, 1.79262
FILLER_0_154_333, 162.64, 432.48, 1.79262
input9, 188.24, 432.48, 1.79256
FILLER_0_154_385, 188.24, 432.48, 1.79256
output67, 201.04, 432.48, 1.7925
FILLER_0_154_417, 201.04, 432.48, 1.7925
output85, 213.84, 432.48, 1.79246
FILLER_0_154_439, 213.84, 432.48, 1.79246
input10, 226.64, 432.48, 1.79243
FILLER_0_154_467, 226.64, 432.48, 1.79243
input45, 239.44, 432.48, 1.7924
FILLER_0_154_497, 239.44, 432.48, 1.7924
output112, 252.24, 432.48, 1.79237
FILLER_0_154_529, 252.24, 432.48, 1.79237
input60, 265.04, 432.48, 1.79235
FILLER_0_154_551, 265.04, 432.48, 1.79235
output107, 277.84, 432.48, 1.79234
FILLER_0_154_585, 277.84, 432.48, 1.79234
_06856_, 290.64, 432.48, 1.79233
input49, 290.64, 432.48, 1.79233
FILLER_0_154_607, 290.64, 432.48, 1.79233
input47, 303.44, 432.48, 1.79235
rebuffer12, 303.44, 432.48, 1.79235
output124, 316.24, 432.48, 1.79238
FILLER_0_154_662, 316.24, 432.48, 1.79238
FILLER_0_154_721, 341.442, 432.48, 1.79242
FILLER_0_154_749, 353.845, 432.48, 1.79242
FILLER_0_154_774, 366.247, 432.48, 1.79242
FILLER_0_154_802, 378.65, 432.48, 1.79241
FILLER_0_154_830, 391.052, 432.48, 1.79241
FILLER_0_154_861, 403.455, 432.48, 1.79241
FILLER_0_154_886, 415.857, 432.48, 1.79241
PHY_304, 5.52, 427.04, 1.79271
PHY_306, 5.52, 427.04, 1.79271
output105, 5.52, 427.04, 1.79271
PHY_305, 428.26, 427.04, 1.79221
PHY_307, 428.26, 427.04, 1.79221
FILLER_0_152_913, 428.26, 427.04, 1.79221
FILLER_0_153_909, 428.26, 427.04, 1.79221
FILLER_0_154_23, 13.68, 427.04, 1.79272
input15, 34.64, 427.04, 1.7927
FILLER_0_153_51, 34.64, 427.04, 1.7927
FILLER_0_154_69, 34.64, 427.04, 1.7927
FILLER_0_154_77, 34.64, 427.04, 1.7927
FILLER_0_153_105, 47.44, 427.04, 1.79267
input44, 60.24, 427.04, 1.79264
FILLER_0_154_125, 60.24, 427.04, 1.79264
output126, 73.04, 427.04, 1.79262
FILLER_0_152_133, 73.04, 427.04, 1.79262
FILLER_0_154_153, 73.04, 427.04, 1.79262
input40, 85.84, 427.04, 1.79261
FILLER_0_153_161, 85.84, 427.04, 1.79261
FILLER_0_154_181, 85.84, 427.04, 1.79261
FILLER_0_154_188, 85.84, 427.04, 1.79261
input23, 98.64, 427.04, 1.79259
FILLER_0_152_189, 98.64, 427.04, 1.79259
FILLER_0_154_209, 98.64, 427.04, 1.79259
input32, 111.44, 427.04, 1.79258
FILLER_0_153_217, 111.44, 427.04, 1.79258
FILLER_0_154_237, 111.44, 427.04, 1.79258
FILLER_0_154_244, 111.44, 427.04, 1.79258
output106, 124.24, 427.04, 1.79256
FILLER_0_152_245, 124.24, 427.04, 1.79256
FILLER_0_154_265, 124.24, 427.04, 1.79256
input55, 137.04, 427.04, 1.79256
FILLER_0_153_273, 137.04, 427.04, 1.79256
FILLER_0_154_293, 137.04, 427.04, 1.79256
FILLER_0_152_301, 149.84, 427.04, 1.79257
FILLER_0_153_329, 162.64, 427.04, 1.79257
FILLER_0_154_355, 162.64, 427.04, 1.79257
_12731_, 188.24, 427.04, 1.79247
FILLER_0_152_389, 188.24, 427.04, 1.79247
FILLER_0_153_405, 188.24, 427.04, 1.79247
_12677_, 201.04, 427.04, 1.79239
ANTENNA_76, 201.04, 427.04, 1.79239
ANTENNA_78, 201.04, 427.04, 1.79239
ANTENNA_80, 201.04, 427.04, 1.79239
FILLER_0_152_416, 201.04, 427.04, 1.79239
FILLER_0_153_413, 201.04, 427.04, 1.79239
_12754_, 213.84, 427.04, 1.79231
ANTENNA_77, 213.84, 427.04, 1.79231
ANTENNA_79, 213.84, 427.04, 1.79231
FILLER_0_153_457, 213.84, 427.04, 1.79231
_12732_, 226.64, 427.04, 1.79225
FILLER_0_152_469, 226.64, 427.04, 1.79225
FILLER_0_152_477, 226.64, 427.04, 1.79225
FILLER_0_154_489, 226.64, 427.04, 1.79225
_12766_, 239.44, 427.04, 1.79219
FILLER_0_153_500, 239.44, 427.04, 1.79219
_12770_, 252.24, 427.04, 1.79214
FILLER_0_152_524, 252.24, 427.04, 1.79214
FILLER_0_153_528, 252.24, 427.04, 1.79214
_12760_, 265.04, 427.04, 1.7921
FILLER_0_153_556, 265.04, 427.04, 1.7921
_12768_, 277.84, 427.04, 1.79207
FILLER_0_152_581, 277.84, 427.04, 1.79207
FILLER_0_152_589, 277.84, 427.04, 1.79207
_06777_, 290.64, 427.04, 1.79204
_06857_, 290.64, 427.04, 1.79204
FILLER_0_153_607, 290.64, 427.04, 1.79204
FILLER_0_154_633, 290.64, 427.04, 1.79204
_06709_, 303.44, 427.04, 1.7921
_06713_, 303.44, 427.04, 1.7921
rebuffer4, 303.44, 427.04, 1.7921
ANTENNA_191, 303.44, 427.04, 1.7921
FILLER_0_153_651, 303.44, 427.04, 1.7921
ANTENNA_190, 316.24, 427.04, 1.79221
ANTENNA_192, 316.24, 427.04, 1.79221
FILLER_0_153_663, 316.24, 427.04, 1.79221
output111, 341.442, 427.04, 1.79229
FILLER_0_153_721, 341.442, 427.04, 1.79229
_12737_, 353.845, 427.04, 1.79226
input16, 353.845, 427.04, 1.79226
FILLER_0_152_749, 353.845, 427.04, 1.79226
FILLER_0_153_753, 353.845, 427.04, 1.79226
_12761_, 366.247, 427.04, 1.79224
input39, 366.247, 427.04, 1.79224
FILLER_0_153_778, 366.247, 427.04, 1.79224
input11, 378.65, 427.04, 1.79223
output114, 391.052, 427.04, 1.79221
FILLER_0_153_833, 391.052, 427.04, 1.79221
input38, 403.455, 427.04, 1.79221
FILLER_0_152_861, 403.455, 427.04, 1.79221
input14, 415.857, 427.04, 1.79221
FILLER_0_153_889, 415.857, 427.04, 1.79221
FILLER_0_154_902, 415.857, 427.04, 1.79221
PHY_300, 5.52, 421.6, 1.79271
PHY_302, 5.52, 421.6, 1.79271
PHY_301, 428.26, 421.6, 1.79235
PHY_303, 428.26, 421.6, 1.79235
FILLER_0_150_913, 428.26, 421.6, 1.79235
FILLER_0_151_909, 428.26, 421.6, 1.79235
_12758_, 13.68, 421.6, 1.79271
FILLER_0_151_15, 13.68, 421.6, 1.79271
_12700_, 34.64, 421.6, 1.79266
FILLER_0_151_53, 34.64, 421.6, 1.79266
FILLER_0_151_57, 34.64, 421.6, 1.79266
FILLER_0_152_77, 34.64, 421.6, 1.79266
_12697_, 60.24, 421.6, 1.79261
FILLER_0_151_113, 60.24, 421.6, 1.79261
FILLER_0_150_133, 73.04, 421.6, 1.79261
FILLER_0_151_161, 85.84, 421.6, 1.79261
FILLER_0_150_189, 98.64, 421.6, 1.79261
FILLER_0_151_217, 111.44, 421.6, 1.79261
FILLER_0_150_245, 124.24, 421.6, 1.7926
FILLER_0_151_273, 137.04, 421.6, 1.7926
FILLER_0_150_301, 149.84, 421.6, 1.7926
FILLER_0_151_329, 162.64, 421.6, 1.7926
_12660_, 188.24, 421.6, 1.79252
FILLER_0_151_385, 188.24, 421.6, 1.79252
FILLER_0_151_393, 188.24, 421.6, 1.79252
FILLER_0_151_401, 188.24, 421.6, 1.79252
FILLER_0_150_413, 201.04, 421.6, 1.79245
FILLER_0_150_469, 226.64, 421.6, 1.79231
FILLER_0_151_497, 239.44, 421.6, 1.79224
FILLER_0_150_525, 252.24, 421.6, 1.79217
FILLER_0_151_553, 265.04, 421.6, 1.7921
FILLER_0_151_573, 265.04, 421.6, 1.7921
_06853_, 277.84, 421.6, 1.79203
_06854_, 277.84, 421.6, 1.79203
_06855_, 277.84, 421.6, 1.79203
_06858_, 277.84, 421.6, 1.79203
_06859_, 277.84, 421.6, 1.79203
_06734_, 290.64, 421.6, 1.79207
_06735_, 290.64, 421.6, 1.79207
_06772_, 290.64, 421.6, 1.79207
_06773_, 290.64, 421.6, 1.79207
_06774_, 290.64, 421.6, 1.79207
_06775_, 290.64, 421.6, 1.79207
FILLER_0_151_606, 290.64, 421.6, 1.79207
FILLER_0_152_621, 290.64, 421.6, 1.79207
FILLER_0_152_631, 290.64, 421.6, 1.79207
_06642_, 303.44, 421.6, 1.79214
_06644_, 303.44, 421.6, 1.79214
_06673_, 303.44, 421.6, 1.79214
_06710_, 303.44, 421.6, 1.79214
_06711_, 303.44, 421.6, 1.79214
_06776_, 303.44, 421.6, 1.79214
FILLER_0_151_721, 341.442, 421.6, 1.79237
FILLER_0_150_749, 353.845, 421.6, 1.79236
FILLER_0_152_769, 353.845, 421.6, 1.79236
FILLER_0_151_777, 366.247, 421.6, 1.79235
_12733_, 378.65, 421.6, 1.79235
FILLER_0_150_805, 378.65, 421.6, 1.79235
FILLER_0_151_831, 391.052, 421.6, 1.79235
FILLER_0_150_861, 403.455, 421.6, 1.79235
FILLER_0_151_889, 415.857, 421.6, 1.79235
FILLER_0_152_905, 415.857, 421.6, 1.79235
_12661_, 5.52, 416.16, 1.79272
PHY_296, 5.52, 416.16, 1.79272
PHY_298, 5.52, 416.16, 1.79272
PHY_297, 428.26, 416.16, 1.79242
PHY_299, 428.26, 416.16, 1.79242
input51, 428.26, 416.16, 1.79242
FILLER_0_148_913, 428.26, 416.16, 1.79242
FILLER_0_149_50, 34.64, 416.16, 1.79274
FILLER_0_150_77, 34.64, 416.16, 1.79274
FILLER_0_149_105, 47.44, 416.16, 1.79273
FILLER_0_148_133, 73.04, 416.16, 1.79271
FILLER_0_149_161, 85.84, 416.16, 1.7927
FILLER_0_148_189, 98.64, 416.16, 1.79269
FILLER_0_149_217, 111.44, 416.16, 1.79269
FILLER_0_148_245, 124.24, 416.16, 1.79268
FILLER_0_149_273, 137.04, 416.16, 1.79267
FILLER_0_148_301, 149.84, 416.16, 1.79266
FILLER_0_149_329, 162.64, 416.16, 1.79265
FILLER_0_149_385, 188.24, 416.16, 1.7926
FILLER_0_148_413, 201.04, 416.16, 1.79256
FILLER_0_149_441, 213.84, 416.16, 1.79251
_12777_, 226.64, 416.16, 1.79247
FILLER_0_148_469, 226.64, 416.16, 1.79247
FILLER_0_149_493, 226.64, 416.16, 1.79247
FILLER_0_149_501, 239.44, 416.16, 1.79243
FILLER_0_149_517, 239.44, 416.16, 1.79243
_06730_, 252.24, 416.16, 1.79239
_06849_, 252.24, 416.16, 1.79239
_06850_, 252.24, 416.16, 1.79239
_06860_, 265.04, 416.16, 1.79236
_06868_, 265.04, 416.16, 1.79236
_06932_, 265.04, 416.16, 1.79236
_06937_, 265.04, 416.16, 1.79236
FILLER_0_149_569, 265.04, 416.16, 1.79236
FILLER_0_150_569, 265.04, 416.16, 1.79236
_06731_, 277.84, 416.16, 1.79234
_06851_, 277.84, 416.16, 1.79234
_06852_, 277.84, 416.16, 1.79234
_06933_, 277.84, 416.16, 1.79234
_07019_, 277.84, 416.16, 1.79234
FILLER_0_149_590, 277.84, 416.16, 1.79234
FILLER_0_150_598, 277.84, 416.16, 1.79234
_06703_, 290.64, 416.16, 1.79233
_06708_, 290.64, 416.16, 1.79233
_06714_, 290.64, 416.16, 1.79233
_06732_, 290.64, 416.16, 1.79233
_06733_, 290.64, 416.16, 1.79233
FILLER_0_149_622, 290.64, 416.16, 1.79233
FILLER_0_150_630, 290.64, 416.16, 1.79233
_06621_, 303.44, 416.16, 1.79234
_06640_, 303.44, 416.16, 1.79234
_06641_, 303.44, 416.16, 1.79234
_06712_, 303.44, 416.16, 1.79234
_06583_, 316.24, 416.16, 1.79237
_06584_, 316.24, 416.16, 1.79237
_06643_, 316.24, 416.16, 1.79237
FILLER_0_149_663, 316.24, 416.16, 1.79237
_06680_, 341.442, 416.16, 1.79243
FILLER_0_149_720, 341.442, 416.16, 1.79243
FILLER_0_148_748, 353.845, 416.16, 1.79243
FILLER_0_149_777, 366.247, 416.16, 1.79243
FILLER_0_148_805, 378.65, 416.16, 1.79243
FILLER_0_149_833, 391.052, 416.16, 1.79243
FILLER_0_148_861, 403.455, 416.16, 1.79243
FILLER_0_149_889, 415.857, 416.16, 1.79243
FILLER_0_149_897, 415.857, 416.16, 1.79243
FILLER_0_150_905, 415.857, 416.16, 1.79243
PHY_292, 5.52, 410.72, 1.79274
PHY_294, 5.52, 410.72, 1.79274
output116, 5.52, 410.72, 1.79274
PHY_293, 428.26, 410.72, 1.79239
PHY_295, 428.26, 410.72, 1.79239
FILLER_0_146_913, 428.26, 410.72, 1.79239
FILLER_0_147_909, 428.26, 410.72, 1.79239
FILLER_0_148_21, 13.68, 410.72, 1.79275
FILLER_0_147_51, 34.64, 410.72, 1.79274
FILLER_0_148_77, 34.64, 410.72, 1.79274
FILLER_0_147_105, 47.44, 410.72, 1.79273
FILLER_0_146_133, 73.04, 410.72, 1.79271
FILLER_0_147_161, 85.84, 410.72, 1.7927
FILLER_0_146_189, 98.64, 410.72, 1.79269
FILLER_0_147_217, 111.44, 410.72, 1.79268
FILLER_0_146_245, 124.24, 410.72, 1.79267
FILLER_0_147_273, 137.04, 410.72, 1.79266
FILLER_0_146_301, 149.84, 410.72, 1.79265
FILLER_0_147_329, 162.64, 410.72, 1.79264
FILLER_0_147_385, 188.24, 410.72, 1.79255
FILLER_0_146_413, 201.04, 410.72, 1.79247
FILLER_0_147_441, 213.84, 410.72, 1.79239
FILLER_0_146_469, 226.64, 410.72, 1.7923
_06729_, 239.44, 410.72, 1.79222
_06846_, 239.44, 410.72, 1.79222
_06862_, 239.44, 410.72, 1.79222
FILLER_0_147_497, 239.44, 410.72, 1.79222
FILLER_0_148_513, 239.44, 410.72, 1.79222
_06845_, 252.24, 410.72, 1.79215
_06847_, 252.24, 410.72, 1.79215
_06848_, 252.24, 410.72, 1.79215
_06867_, 252.24, 410.72, 1.79215
_06936_, 252.24, 410.72, 1.79215
_12772_, 252.24, 410.72, 1.79215
FILLER_0_147_537, 252.24, 410.72, 1.79215
_06934_, 265.04, 410.72, 1.79208
_07016_, 265.04, 410.72, 1.79208
_07017_, 265.04, 410.72, 1.79208
_09065_, 265.04, 410.72, 1.79208
FILLER_0_147_555, 265.04, 410.72, 1.79208
FILLER_0_148_570, 265.04, 410.72, 1.79208
_06935_, 277.84, 410.72, 1.79204
_07020_, 277.84, 410.72, 1.79204
_09066_, 277.84, 410.72, 1.79204
FILLER_0_147_604, 277.84, 410.72, 1.79204
FILLER_0_148_605, 277.84, 410.72, 1.79204
_06619_, 290.64, 410.72, 1.79212
_06702_, 290.64, 410.72, 1.79212
_06704_, 290.64, 410.72, 1.79212
_06706_, 290.64, 410.72, 1.79212
_06707_, 290.64, 410.72, 1.79212
FILLER_0_147_617, 290.64, 410.72, 1.79212
FILLER_0_148_623, 290.64, 410.72, 1.79212
ANTENNA_64, 303.44, 410.72, 1.79221
ANTENNA_66, 303.44, 410.72, 1.79221
FILLER_0_146_637, 303.44, 410.72, 1.79221
FILLER_0_146_645, 303.44, 410.72, 1.79221
_06564_, 316.24, 410.72, 1.7923
_06565_, 316.24, 410.72, 1.7923
_06581_, 316.24, 410.72, 1.7923
_06582_, 316.24, 410.72, 1.7923
_06620_, 316.24, 410.72, 1.7923
ANTENNA_65, 316.24, 410.72, 1.7923
FILLER_0_146_665, 316.24, 410.72, 1.7923
FILLER_0_147_662, 316.24, 410.72, 1.7923
_06551_, 341.442, 410.72, 1.79239
_06715_, 341.442, 410.72, 1.79239
FILLER_0_147_720, 341.442, 410.72, 1.79239
FILLER_0_147_741, 341.442, 410.72, 1.79239
_12650_, 353.845, 410.72, 1.79239
FILLER_0_146_753, 353.845, 410.72, 1.79239
FILLER_0_147_777, 366.247, 410.72, 1.79239
FILLER_0_146_805, 378.65, 410.72, 1.79239
FILLER_0_147_833, 391.052, 410.72, 1.79239
FILLER_0_146_861, 403.455, 410.72, 1.79239
FILLER_0_147_889, 415.857, 410.72, 1.79239
FILLER_0_148_905, 415.857, 410.72, 1.79239
_12659_, 5.52, 405.28, 1.79275
PHY_288, 5.52, 405.28, 1.79275
PHY_290, 5.52, 405.28, 1.79275
FILLER_0_146_3, 5.52, 405.28, 1.79275
PHY_289, 428.26, 405.28, 1.79237
PHY_291, 428.26, 405.28, 1.79237
output80, 428.26, 405.28, 1.79237
FILLER_0_145_909, 428.26, 405.28, 1.79237
FILLER_0_145_51, 34.64, 405.28, 1.79276
FILLER_0_146_77, 34.64, 405.28, 1.79276
FILLER_0_145_105, 47.44, 405.28, 1.79275
FILLER_0_144_133, 73.04, 405.28, 1.79274
FILLER_0_145_161, 85.84, 405.28, 1.79273
FILLER_0_144_189, 98.64, 405.28, 1.79273
FILLER_0_145_217, 111.44, 405.28, 1.79272
FILLER_0_144_245, 124.24, 405.28, 1.79271
FILLER_0_145_273, 137.04, 405.28, 1.79271
FILLER_0_144_301, 149.84, 405.28, 1.7927
FILLER_0_145_329, 162.64, 405.28, 1.79269
FILLER_0_145_385, 188.24, 405.28, 1.79266
FILLER_0_144_413, 201.04, 405.28, 1.79263
FILLER_0_145_441, 213.84, 405.28, 1.79261
FILLER_0_144_469, 226.64, 405.28, 1.79258
_06844_, 239.44, 405.28, 1.79255
_06861_, 239.44, 405.28, 1.79255
_08903_, 239.44, 405.28, 1.79255
FILLER_0_145_497, 239.44, 405.28, 1.79255
FILLER_0_145_517, 239.44, 405.28, 1.79255
FILLER_0_146_513, 239.44, 405.28, 1.79255
_06842_, 252.24, 405.28, 1.79253
FILLER_0_144_533, 252.24, 405.28, 1.79253
_07018_, 265.04, 405.28, 1.79251
FILLER_0_145_554, 265.04, 405.28, 1.79251
FILLER_0_146_569, 265.04, 405.28, 1.79251
_06705_, 290.64, 405.28, 1.79248
_06771_, 290.64, 405.28, 1.79248
FILLER_0_145_609, 290.64, 405.28, 1.79248
FILLER_0_145_617, 290.64, 405.28, 1.79248
_06672_, 303.44, 405.28, 1.79247
_06836_, 303.44, 405.28, 1.79247
FILLER_0_144_641, 303.44, 405.28, 1.79247
FILLER_0_144_645, 303.44, 405.28, 1.79247
FILLER_0_146_657, 303.44, 405.28, 1.79247
_06504_, 316.24, 405.28, 1.79246
_06516_, 316.24, 405.28, 1.79246
_06562_, 316.24, 405.28, 1.79246
_06563_, 316.24, 405.28, 1.79246
rebuffer21, 316.24, 405.28, 1.79246
ANTENNA_6, 316.24, 405.28, 1.79246
FILLER_0_144_663, 316.24, 405.28, 1.79246
FILLER_0_145_673, 316.24, 405.28, 1.79246
_06517_, 341.442, 405.28, 1.79246
_06549_, 341.442, 405.28, 1.79246
FILLER_0_144_721, 341.442, 405.28, 1.79246
FILLER_0_145_741, 341.442, 405.28, 1.79246
_06448_, 353.845, 405.28, 1.79244
_06503_, 353.845, 405.28, 1.79244
FILLER_0_144_749, 353.845, 405.28, 1.79244
rebuffer3, 366.247, 405.28, 1.79242
FILLER_0_144_774, 366.247, 405.28, 1.79242
FILLER_0_145_775, 366.247, 405.28, 1.79242
FILLER_0_144_806, 378.65, 405.28, 1.79241
FILLER_0_145_833, 391.052, 405.28, 1.7924
FILLER_0_144_861, 403.455, 405.28, 1.79239
FILLER_0_145_889, 415.857, 405.28, 1.79238
FILLER_0_146_905, 415.857, 405.28, 1.79238
_12690_, 5.52, 399.84, 1.79271
PHY_284, 5.52, 399.84, 1.79271
PHY_286, 5.52, 399.84, 1.79271
output100, 5.52, 399.84, 1.79271
PHY_285, 428.26, 399.84, 1.79237
PHY_287, 428.26, 399.84, 1.79237
FILLER_0_142_913, 428.26, 399.84, 1.79237
FILLER_0_143_909, 428.26, 399.84, 1.79237
ANTENNA_87, 13.68, 399.84, 1.79273
FILLER_0_144_21, 13.68, 399.84, 1.79273
ANTENNA_94, 34.64, 399.84, 1.79273
FILLER_0_144_77, 34.64, 399.84, 1.79273
FILLER_0_142_81, 47.44, 399.84, 1.79272
FILLER_0_143_105, 47.44, 399.84, 1.79272
_12656_, 73.04, 399.84, 1.79268
FILLER_0_142_133, 73.04, 399.84, 1.79268
FILLER_0_142_141, 73.04, 399.84, 1.79268
_12762_, 85.84, 399.84, 1.79268
FILLER_0_143_161, 85.84, 399.84, 1.79268
FILLER_0_143_181, 85.84, 399.84, 1.79268
FILLER_0_142_189, 98.64, 399.84, 1.79268
FILLER_0_142_245, 124.24, 399.84, 1.79268
FILLER_0_143_273, 137.04, 399.84, 1.79268
FILLER_0_142_301, 149.84, 399.84, 1.79268
FILLER_0_143_329, 162.64, 399.84, 1.79268
FILLER_0_143_385, 188.24, 399.84, 1.79265
FILLER_0_142_413, 201.04, 399.84, 1.79261
FILLER_0_143_441, 213.84, 399.84, 1.79257
_08900_, 226.64, 399.84, 1.79253
FILLER_0_142_469, 226.64, 399.84, 1.79253
FILLER_0_143_485, 226.64, 399.84, 1.79253
FILLER_0_144_489, 226.64, 399.84, 1.79253
_08865_, 239.44, 399.84, 1.79249
_08901_, 239.44, 399.84, 1.79249
_08902_, 239.44, 399.84, 1.79249
_08909_, 239.44, 399.84, 1.79249
FILLER_0_143_499, 239.44, 399.84, 1.79249
_08908_, 252.24, 399.84, 1.79245
_08916_, 252.24, 399.84, 1.79245
FILLER_0_142_533, 252.24, 399.84, 1.79245
FILLER_0_143_547, 252.24, 399.84, 1.79245
_07004_, 265.04, 399.84, 1.79242
_08911_, 265.04, 399.84, 1.79242
_08913_, 265.04, 399.84, 1.79242
_08914_, 265.04, 399.84, 1.79242
_08917_, 265.04, 399.84, 1.79242
_08927_, 265.04, 399.84, 1.79242
_08928_, 265.04, 399.84, 1.79242
_07007_, 277.84, 399.84, 1.79241
_07008_, 277.84, 399.84, 1.79241
_07010_, 277.84, 399.84, 1.79241
_08931_, 277.84, 399.84, 1.79241
FILLER_0_142_589, 277.84, 399.84, 1.79241
_06838_, 290.64, 399.84, 1.79241
_06977_, 290.64, 399.84, 1.79241
_07011_, 290.64, 399.84, 1.79241
FILLER_0_143_613, 290.64, 399.84, 1.79241
FILLER_0_144_629, 290.64, 399.84, 1.79241
_06669_, 303.44, 399.84, 1.79242
_06768_, 303.44, 399.84, 1.79242
_06769_, 303.44, 399.84, 1.79242
_06770_, 303.44, 399.84, 1.79242
_06837_, 303.44, 399.84, 1.79242
FILLER_0_142_641, 303.44, 399.84, 1.79242
FILLER_0_142_645, 303.44, 399.84, 1.79242
FILLER_0_143_645, 303.44, 399.84, 1.79242
_07012_, 316.24, 399.84, 1.79244
_07015_, 316.24, 399.84, 1.79244
FILLER_0_142_669, 316.24, 399.84, 1.79244
FILLER_0_143_668, 316.24, 399.84, 1.79244
_06425_, 341.442, 399.84, 1.79244
_06450_, 341.442, 399.84, 1.79244
_06606_, 341.442, 399.84, 1.79244
FILLER_0_142_727, 341.442, 399.84, 1.79244
FILLER_0_143_719, 341.442, 399.84, 1.79244
FILLER_0_143_729, 341.442, 399.84, 1.79244
FILLER_0_143_737, 341.442, 399.84, 1.79244
_06428_, 353.845, 399.84, 1.79239
_06447_, 353.845, 399.84, 1.79239
_06449_, 353.845, 399.84, 1.79239
_06483_, 353.845, 399.84, 1.79239
_06502_, 353.845, 399.84, 1.79239
_06548_, 353.845, 399.84, 1.79239
FILLER_0_142_757, 353.845, 399.84, 1.79239
FILLER_0_143_758, 353.845, 399.84, 1.79239
_12649_, 366.247, 399.84, 1.79237
rebuffer29, 366.247, 399.84, 1.79237
FILLER_0_143_778, 366.247, 399.84, 1.79237
FILLER_0_142_802, 378.65, 399.84, 1.79237
FILLER_0_143_830, 391.052, 399.84, 1.79237
FILLER_0_142_865, 403.455, 399.84, 1.79237
FILLER_0_143_889, 415.857, 399.84, 1.79237
FILLER_0_144_905, 415.857, 399.84, 1.79237
PHY_280, 5.52, 394.4, 1.79279
PHY_282, 5.52, 394.4, 1.79279
PHY_281, 428.26, 394.4, 1.79242
PHY_283, 428.26, 394.4, 1.79242
FILLER_0_140_913, 428.26, 394.4, 1.79242
FILLER_0_141_909, 428.26, 394.4, 1.79242
FILLER_0_141_51, 34.64, 394.4, 1.79279
FILLER_0_142_73, 34.64, 394.4, 1.79279
FILLER_0_141_105, 47.44, 394.4, 1.79278
FILLER_0_140_133, 73.04, 394.4, 1.79277
FILLER_0_141_161, 85.84, 394.4, 1.79276
FILLER_0_140_189, 98.64, 394.4, 1.79275
FILLER_0_141_217, 111.44, 394.4, 1.79274
FILLER_0_140_245, 124.24, 394.4, 1.79274
FILLER_0_141_273, 137.04, 394.4, 1.79273
FILLER_0_140_301, 149.84, 394.4, 1.79272
FILLER_0_141_329, 162.64, 394.4, 1.79272
FILLER_0_141_385, 188.24, 394.4, 1.79266
FILLER_0_140_413, 201.04, 394.4, 1.79262
FILLER_0_141_441, 213.84, 394.4, 1.79257
_08870_, 226.64, 394.4, 1.79253
FILLER_0_140_469, 226.64, 394.4, 1.79253
FILLER_0_141_485, 226.64, 394.4, 1.79253
FILLER_0_142_489, 226.64, 394.4, 1.79253
_06990_, 239.44, 394.4, 1.79248
_08855_, 239.44, 394.4, 1.79248
_08864_, 239.44, 394.4, 1.79248
_08868_, 239.44, 394.4, 1.79248
_08869_, 239.44, 394.4, 1.79248
FILLER_0_141_511, 239.44, 394.4, 1.79248
_08899_, 252.24, 394.4, 1.79244
_08918_, 252.24, 394.4, 1.79244
_08919_, 252.24, 394.4, 1.79244
_08923_, 252.24, 394.4, 1.79244
_08925_, 252.24, 394.4, 1.79244
_08926_, 252.24, 394.4, 1.79244
FILLER_0_140_526, 252.24, 394.4, 1.79244
FILLER_0_140_536, 252.24, 394.4, 1.79244
FILLER_0_141_534, 252.24, 394.4, 1.79244
FILLER_0_141_546, 252.24, 394.4, 1.79244
_07003_, 265.04, 394.4, 1.79242
_08915_, 265.04, 394.4, 1.79242
_08929_, 265.04, 394.4, 1.79242
_08930_, 265.04, 394.4, 1.79242
FILLER_0_141_555, 265.04, 394.4, 1.79242
FILLER_0_141_561, 265.04, 394.4, 1.79242
FILLER_0_142_578, 265.04, 394.4, 1.79242
_06923_, 277.84, 394.4, 1.79242
_07009_, 277.84, 394.4, 1.79242
_08912_, 277.84, 394.4, 1.79242
FILLER_0_140_589, 277.84, 394.4, 1.79242
FILLER_0_141_597, 277.84, 394.4, 1.79242
FILLER_0_142_597, 277.84, 394.4, 1.79242
FILLER_0_142_604, 277.84, 394.4, 1.79242
_06927_, 290.64, 394.4, 1.79242
_06976_, 290.64, 394.4, 1.79242
_06978_, 290.64, 394.4, 1.79242
FILLER_0_140_618, 290.64, 394.4, 1.79242
FILLER_0_141_611, 290.64, 394.4, 1.79242
FILLER_0_142_629, 290.64, 394.4, 1.79242
_06869_, 303.44, 394.4, 1.79242
_06870_, 303.44, 394.4, 1.79242
_06925_, 303.44, 394.4, 1.79242
_06931_, 303.44, 394.4, 1.79242
FILLER_0_140_637, 303.44, 394.4, 1.79242
FILLER_0_140_645, 303.44, 394.4, 1.79242
FILLER_0_141_638, 303.44, 394.4, 1.79242
FILLER_0_141_659, 303.44, 394.4, 1.79242
FILLER_0_142_653, 303.44, 394.4, 1.79242
_06928_, 316.24, 394.4, 1.79244
_06929_, 316.24, 394.4, 1.79244
_06930_, 316.24, 394.4, 1.79244
_06938_, 316.24, 394.4, 1.79244
_07014_, 316.24, 394.4, 1.79244
_08985_, 316.24, 394.4, 1.79244
FILLER_0_141_682, 316.24, 394.4, 1.79244
_06545_, 341.442, 394.4, 1.79248
_06547_, 341.442, 394.4, 1.79248
FILLER_0_140_722, 341.442, 394.4, 1.79248
FILLER_0_141_722, 341.442, 394.4, 1.79248
FILLER_0_141_741, 341.442, 394.4, 1.79248
FILLER_0_142_736, 341.442, 394.4, 1.79248
_06446_, 353.845, 394.4, 1.79246
_06480_, 353.845, 394.4, 1.79246
_06481_, 353.845, 394.4, 1.79246
rebuffer6, 353.845, 394.4, 1.79246
rebuffer7, 353.845, 394.4, 1.79246
FILLER_0_141_758, 353.845, 394.4, 1.79246
FILLER_0_141_765, 353.845, 394.4, 1.79246
_06479_, 366.247, 394.4, 1.79243
_06482_, 366.247, 394.4, 1.79243
_06484_, 366.247, 394.4, 1.79243
_06486_, 366.247, 394.4, 1.79243
_06501_, 366.247, 394.4, 1.79243
FILLER_0_140_775, 366.247, 394.4, 1.79243
FILLER_0_141_781, 366.247, 394.4, 1.79243
FILLER_0_141_785, 366.247, 394.4, 1.79243
_06500_, 378.65, 394.4, 1.79242
_12648_, 378.65, 394.4, 1.79242
rebuffer1, 378.65, 394.4, 1.79242
FILLER_0_140_804, 378.65, 394.4, 1.79242
FILLER_0_141_812, 378.65, 394.4, 1.79242
FILLER_0_141_837, 391.052, 394.4, 1.79242
FILLER_0_140_861, 403.455, 394.4, 1.79242
FILLER_0_141_889, 415.857, 394.4, 1.79242
FILLER_0_142_905, 415.857, 394.4, 1.79242
PHY_276, 5.52, 388.96, 1.79278
PHY_278, 5.52, 388.96, 1.79278
output129, 5.52, 388.96, 1.79278
PHY_277, 428.26, 388.96, 1.79249
PHY_279, 428.26, 388.96, 1.79249
output99, 428.26, 388.96, 1.79249
FILLER_0_138_912, 428.26, 388.96, 1.79249
FILLER_0_139_909, 428.26, 388.96, 1.79249
FILLER_0_139_53, 34.64, 388.96, 1.79279
FILLER_0_140_77, 34.64, 388.96, 1.79279
FILLER_0_139_105, 47.44, 388.96, 1.79279
FILLER_0_138_133, 73.04, 388.96, 1.79278
FILLER_0_139_161, 85.84, 388.96, 1.79277
FILLER_0_138_189, 98.64, 388.96, 1.79277
FILLER_0_139_217, 111.44, 388.96, 1.79276
FILLER_0_138_245, 124.24, 388.96, 1.79276
FILLER_0_139_273, 137.04, 388.96, 1.79275
FILLER_0_138_301, 149.84, 388.96, 1.79275
FILLER_0_139_329, 162.64, 388.96, 1.79275
FILLER_0_139_385, 188.24, 388.96, 1.79271
_09457_, 201.04, 388.96, 1.79268
_09458_, 201.04, 388.96, 1.79268
FILLER_0_138_413, 201.04, 388.96, 1.79268
FILLER_0_139_429, 201.04, 388.96, 1.79268
_07065_, 213.84, 388.96, 1.79266
FILLER_0_139_442, 213.84, 388.96, 1.79266
_07051_, 226.64, 388.96, 1.79263
_07053_, 226.64, 388.96, 1.79263
_07057_, 226.64, 388.96, 1.79263
_08897_, 226.64, 388.96, 1.79263
FILLER_0_139_485, 226.64, 388.96, 1.79263
FILLER_0_139_493, 226.64, 388.96, 1.79263
FILLER_0_140_489, 226.64, 388.96, 1.79263
_08873_, 239.44, 388.96, 1.79261
_08921_, 252.24, 388.96, 1.79258
_08922_, 252.24, 388.96, 1.79258
_08924_, 252.24, 388.96, 1.79258
FILLER_0_139_529, 252.24, 388.96, 1.79258
_07002_, 265.04, 388.96, 1.79257
FILLER_0_139_557, 265.04, 388.96, 1.79257
FILLER_0_139_573, 265.04, 388.96, 1.79257
FILLER_0_140_578, 265.04, 388.96, 1.79257
_06907_, 277.84, 388.96, 1.79256
_06922_, 277.84, 388.96, 1.79256
_07005_, 277.84, 388.96, 1.79256
_06833_, 290.64, 388.96, 1.79255
_06926_, 290.64, 388.96, 1.79255
FILLER_0_139_617, 290.64, 388.96, 1.79255
_06767_, 303.44, 388.96, 1.79255
_06807_, 303.44, 388.96, 1.79255
_06834_, 303.44, 388.96, 1.79255
_06835_, 303.44, 388.96, 1.79255
_06924_, 303.44, 388.96, 1.79255
FILLER_0_138_641, 303.44, 388.96, 1.79255
_06514_, 316.24, 388.96, 1.79256
FILLER_0_138_663, 316.24, 388.96, 1.79256
FILLER_0_139_667, 316.24, 388.96, 1.79256
_06530_, 341.442, 388.96, 1.79257
_06546_, 341.442, 388.96, 1.79257
_06602_, 341.442, 388.96, 1.79257
_06676_, 341.442, 388.96, 1.79257
FILLER_0_139_719, 341.442, 388.96, 1.79257
FILLER_0_139_729, 341.442, 388.96, 1.79257
_06424_, 353.845, 388.96, 1.79256
_06597_, 353.845, 388.96, 1.79256
FILLER_0_138_747, 353.845, 388.96, 1.79256
FILLER_0_140_769, 353.845, 388.96, 1.79256
FILLER_0_138_783, 366.247, 388.96, 1.79254
FILLER_0_139_778, 366.247, 388.96, 1.79254
FILLER_0_140_791, 366.247, 388.96, 1.79254
_06485_, 378.65, 388.96, 1.79253
FILLER_0_138_809, 378.65, 388.96, 1.79253
FILLER_0_139_809, 378.65, 388.96, 1.79253
FILLER_0_139_834, 391.052, 388.96, 1.79251
FILLER_0_138_861, 403.455, 388.96, 1.7925
_12735_, 415.857, 388.96, 1.79249
FILLER_0_138_881, 415.857, 388.96, 1.79249
FILLER_0_139_889, 415.857, 388.96, 1.79249
FILLER_0_140_905, 415.857, 388.96, 1.79249
PHY_272, 5.52, 383.52, 1.79282
PHY_274, 5.52, 383.52, 1.79282
PHY_273, 428.26, 383.52, 1.79257
PHY_275, 428.26, 383.52, 1.79257
fanout160, 428.26, 383.52, 1.79257
FILLER_0_137_51, 34.64, 383.52, 1.79282
FILLER_0_138_77, 34.64, 383.52, 1.79282
FILLER_0_137_105, 47.44, 383.52, 1.79281
FILLER_0_136_137, 73.04, 383.52, 1.7928
FILLER_0_137_161, 85.84, 383.52, 1.7928
FILLER_0_136_189, 98.64, 383.52, 1.79279
FILLER_0_137_217, 111.44, 383.52, 1.79279
FILLER_0_136_245, 124.24, 383.52, 1.79278
FILLER_0_137_273, 137.04, 383.52, 1.79278
FILLER_0_136_301, 149.84, 383.52, 1.79277
FILLER_0_137_329, 162.64, 383.52, 1.79277
_07076_, 188.24, 383.52, 1.79274
_09459_, 188.24, 383.52, 1.79274
_09462_, 188.24, 383.52, 1.79274
_09667_, 188.24, 383.52, 1.79274
_09669_, 188.24, 383.52, 1.79274
FILLER_0_137_385, 188.24, 383.52, 1.79274
FILLER_0_137_393, 188.24, 383.52, 1.79274
_07058_, 201.04, 383.52, 1.79271
_07066_, 201.04, 383.52, 1.79271
_09454_, 201.04, 383.52, 1.79271
_09456_, 201.04, 383.52, 1.79271
_09668_, 201.04, 383.52, 1.79271
FILLER_0_137_417, 201.04, 383.52, 1.79271
FILLER_0_137_428, 201.04, 383.52, 1.79271
_07062_, 213.84, 383.52, 1.79269
_07064_, 213.84, 383.52, 1.79269
_09455_, 213.84, 383.52, 1.79269
FILLER_0_136_443, 213.84, 383.52, 1.79269
FILLER_0_137_443, 213.84, 383.52, 1.79269
FILLER_0_137_459, 213.84, 383.52, 1.79269
FILLER_0_138_464, 213.84, 383.52, 1.79269
_07052_, 226.64, 383.52, 1.79268
_07056_, 226.64, 383.52, 1.79268
_07060_, 226.64, 383.52, 1.79268
_08863_, 226.64, 383.52, 1.79268
FILLER_0_137_471, 226.64, 383.52, 1.79268
FILLER_0_137_481, 226.64, 383.52, 1.79268
_08854_, 239.44, 383.52, 1.79266
_08862_, 239.44, 383.52, 1.79266
_08867_, 239.44, 383.52, 1.79266
_08871_, 239.44, 383.52, 1.79266
_08896_, 239.44, 383.52, 1.79266
FILLER_0_136_508, 239.44, 383.52, 1.79266
FILLER_0_137_510, 239.44, 383.52, 1.79266
FILLER_0_138_519, 239.44, 383.52, 1.79266
_08895_, 252.24, 383.52, 1.79265
_08898_, 252.24, 383.52, 1.79265
_08907_, 252.24, 383.52, 1.79265
FILLER_0_136_525, 252.24, 383.52, 1.79265
FILLER_0_136_533, 252.24, 383.52, 1.79265
FILLER_0_137_537, 252.24, 383.52, 1.79265
_06920_, 265.04, 383.52, 1.79264
_07006_, 265.04, 383.52, 1.79264
_08906_, 265.04, 383.52, 1.79264
_08910_, 265.04, 383.52, 1.79264
FILLER_0_136_560, 265.04, 383.52, 1.79264
FILLER_0_137_551, 265.04, 383.52, 1.79264
FILLER_0_137_568, 265.04, 383.52, 1.79264
FILLER_0_138_569, 265.04, 383.52, 1.79264
_06820_, 277.84, 383.52, 1.79264
_06921_, 277.84, 383.52, 1.79264
FILLER_0_137_582, 277.84, 383.52, 1.79264
_06831_, 290.64, 383.52, 1.79263
_06832_, 290.64, 383.52, 1.79263
_06902_, 290.64, 383.52, 1.79263
FILLER_0_137_613, 290.64, 383.52, 1.79263
FILLER_0_138_625, 290.64, 383.52, 1.79263
FILLER_0_136_635, 303.44, 383.52, 1.79264
FILLER_0_136_645, 303.44, 383.52, 1.79264
FILLER_0_137_655, 303.44, 383.52, 1.79264
_06513_, 316.24, 383.52, 1.79264
_06515_, 316.24, 383.52, 1.79264
_06580_, 316.24, 383.52, 1.79264
FILLER_0_136_667, 316.24, 383.52, 1.79264
FILLER_0_137_689, 316.24, 383.52, 1.79264
_06387_, 341.442, 383.52, 1.79263
_06529_, 341.442, 383.52, 1.79263
FILLER_0_137_723, 341.442, 383.52, 1.79263
FILLER_0_138_739, 341.442, 383.52, 1.79263
_06540_, 353.845, 383.52, 1.79261
_06543_, 353.845, 383.52, 1.79261
_06544_, 353.845, 383.52, 1.79261
_06594_, 353.845, 383.52, 1.79261
FILLER_0_136_748, 353.845, 383.52, 1.79261
FILLER_0_137_748, 353.845, 383.52, 1.79261
_06433_, 366.247, 383.52, 1.79259
_06445_, 366.247, 383.52, 1.79259
_06539_, 366.247, 383.52, 1.79259
_06595_, 366.247, 383.52, 1.79259
_07050_, 366.247, 383.52, 1.79259
_06427_, 378.65, 383.52, 1.79258
_06444_, 378.65, 383.52, 1.79258
_07059_, 391.052, 383.52, 1.79258
FILLER_0_137_832, 391.052, 383.52, 1.79258
FILLER_0_137_889, 415.857, 383.52, 1.79257
PHY_268, 5.52, 378.08, 1.79282
PHY_270, 5.52, 378.08, 1.79282
PHY_269, 428.26, 378.08, 1.79261
PHY_271, 428.26, 378.08, 1.79261
input64, 428.26, 378.08, 1.79261
FILLER_0_135_909, 428.26, 378.08, 1.79261
ANTENNA_130, 13.68, 378.08, 1.79282
ANTENNA_131, 13.68, 378.08, 1.79282
ANTENNA_132, 13.68, 378.08, 1.79282
FILLER_0_135_51, 34.64, 378.08, 1.7928
FILLER_0_136_77, 34.64, 378.08, 1.7928
_12696_, 47.44, 378.08, 1.79278
FILLER_0_135_105, 47.44, 378.08, 1.79278
FILLER_0_136_97, 47.44, 378.08, 1.79278
FILLER_0_134_133, 73.04, 378.08, 1.79278
FILLER_0_135_161, 85.84, 378.08, 1.79278
FILLER_0_134_189, 98.64, 378.08, 1.79279
FILLER_0_135_217, 111.44, 378.08, 1.79279
FILLER_0_134_245, 124.24, 378.08, 1.79279
FILLER_0_135_273, 137.04, 378.08, 1.79279
FILLER_0_134_301, 149.84, 378.08, 1.79279
FILLER_0_135_329, 162.64, 378.08, 1.79279
_07075_, 188.24, 378.08, 1.79277
_09461_, 188.24, 378.08, 1.79277
_09670_, 188.24, 378.08, 1.79277
FILLER_0_134_393, 188.24, 378.08, 1.79277
FILLER_0_135_393, 188.24, 378.08, 1.79277
FILLER_0_136_411, 188.24, 378.08, 1.79277
_09453_, 201.04, 378.08, 1.79275
_09460_, 201.04, 378.08, 1.79275
_09672_, 201.04, 378.08, 1.79275
FILLER_0_134_417, 201.04, 378.08, 1.79275
FILLER_0_135_417, 201.04, 378.08, 1.79275
FILLER_0_135_438, 201.04, 378.08, 1.79275
_07063_, 213.84, 378.08, 1.79273
_07067_, 213.84, 378.08, 1.79273
_07068_, 213.84, 378.08, 1.79273
_07069_, 213.84, 378.08, 1.79273
FILLER_0_136_461, 213.84, 378.08, 1.79273
_08866_, 226.64, 378.08, 1.79272
_08872_, 226.64, 378.08, 1.79272
FILLER_0_134_473, 226.64, 378.08, 1.79272
FILLER_0_135_483, 226.64, 378.08, 1.79272
FILLER_0_136_484, 226.64, 378.08, 1.79272
_08852_, 239.44, 378.08, 1.79271
_08853_, 239.44, 378.08, 1.79271
_08920_, 239.44, 378.08, 1.79271
FILLER_0_136_516, 239.44, 378.08, 1.79271
_08876_, 252.24, 378.08, 1.79269
_08886_, 252.24, 378.08, 1.79269
_08887_, 252.24, 378.08, 1.79269
_08891_, 252.24, 378.08, 1.79269
_08892_, 252.24, 378.08, 1.79269
_08904_, 252.24, 378.08, 1.79269
FILLER_0_134_528, 252.24, 378.08, 1.79269
FILLER_0_135_524, 252.24, 378.08, 1.79269
FILLER_0_135_540, 252.24, 378.08, 1.79269
FILLER_0_136_547, 252.24, 378.08, 1.79269
_07001_, 265.04, 378.08, 1.79268
_08877_, 265.04, 378.08, 1.79268
_08890_, 265.04, 378.08, 1.79268
_08905_, 265.04, 378.08, 1.79268
FILLER_0_135_567, 265.04, 378.08, 1.79268
FILLER_0_135_578, 265.04, 378.08, 1.79268
FILLER_0_136_568, 265.04, 378.08, 1.79268
FILLER_0_136_578, 265.04, 378.08, 1.79268
_06817_, 277.84, 378.08, 1.79268
_06818_, 277.84, 378.08, 1.79268
_06819_, 277.84, 378.08, 1.79268
FILLER_0_134_589, 277.84, 378.08, 1.79268
FILLER_0_135_599, 277.84, 378.08, 1.79268
_06762_, 290.64, 378.08, 1.79268
_06763_, 290.64, 378.08, 1.79268
_06822_, 290.64, 378.08, 1.79268
_06823_, 290.64, 378.08, 1.79268
_06900_, 290.64, 378.08, 1.79268
_06901_, 290.64, 378.08, 1.79268
_06637_, 303.44, 378.08, 1.79268
_06639_, 303.44, 378.08, 1.79268
_06670_, 303.44, 378.08, 1.79268
_06671_, 303.44, 378.08, 1.79268
FILLER_0_134_636, 303.44, 378.08, 1.79268
FILLER_0_135_637, 303.44, 378.08, 1.79268
FILLER_0_136_659, 303.44, 378.08, 1.79268
_06527_, 316.24, 378.08, 1.79268
_06579_, 316.24, 378.08, 1.79268
_06638_, 316.24, 378.08, 1.79268
FILLER_0_134_669, 316.24, 378.08, 1.79268
FILLER_0_135_688, 316.24, 378.08, 1.79268
FILLER_0_136_689, 316.24, 378.08, 1.79268
_06386_, 341.442, 378.08, 1.79268
_06426_, 341.442, 378.08, 1.79268
FILLER_0_135_729, 341.442, 378.08, 1.79268
_06413_, 353.845, 378.08, 1.79266
_06534_, 353.845, 378.08, 1.79266
_06542_, 353.845, 378.08, 1.79266
_06596_, 353.845, 378.08, 1.79266
_06601_, 353.845, 378.08, 1.79266
FILLER_0_136_767, 353.845, 378.08, 1.79266
_06405_, 366.247, 378.08, 1.79265
_06412_, 366.247, 378.08, 1.79265
_06538_, 366.247, 378.08, 1.79265
_06417_, 378.65, 378.08, 1.79264
_06423_, 378.65, 378.08, 1.79264
FILLER_0_134_809, 378.65, 378.08, 1.79264
FILLER_0_134_861, 403.455, 378.08, 1.79262
_12653_, 415.857, 378.08, 1.79261
FILLER_0_135_889, 415.857, 378.08, 1.79261
FILLER_0_136_893, 415.857, 378.08, 1.79261
PHY_264, 5.52, 372.64, 1.79284
PHY_266, 5.52, 372.64, 1.79284
input59, 5.52, 372.64, 1.79284
PHY_265, 428.26, 372.64, 1.79258
PHY_267, 428.26, 372.64, 1.79258
FILLER_0_133_909, 428.26, 372.64, 1.79258
ANTENNA_133, 13.68, 372.64, 1.79285
FILLER_0_134_23, 13.68, 372.64, 1.79285
FILLER_0_133_51, 34.64, 372.64, 1.79284
FILLER_0_134_77, 34.64, 372.64, 1.79284
FILLER_0_133_105, 47.44, 372.64, 1.79284
FILLER_0_132_133, 73.04, 372.64, 1.79283
FILLER_0_133_161, 85.84, 372.64, 1.79283
FILLER_0_132_189, 98.64, 372.64, 1.79283
FILLER_0_133_217, 111.44, 372.64, 1.79282
FILLER_0_132_245, 124.24, 372.64, 1.79282
FILLER_0_133_273, 137.04, 372.64, 1.79282
FILLER_0_132_301, 149.84, 372.64, 1.79281
_07414_, 162.64, 372.64, 1.79281
FILLER_0_133_329, 162.64, 372.64, 1.79281
FILLER_0_133_337, 162.64, 372.64, 1.79281
_07114_, 188.24, 372.64, 1.79278
_07115_, 188.24, 372.64, 1.79278
FILLER_0_132_393, 188.24, 372.64, 1.79278
FILLER_0_133_387, 188.24, 372.64, 1.79278
_07049_, 201.04, 372.64, 1.79276
_07077_, 201.04, 372.64, 1.79276
_07175_, 201.04, 372.64, 1.79276
_09451_, 201.04, 372.64, 1.79276
_09671_, 201.04, 372.64, 1.79276
FILLER_0_132_417, 201.04, 372.64, 1.79276
FILLER_0_133_417, 201.04, 372.64, 1.79276
FILLER_0_133_430, 201.04, 372.64, 1.79276
FILLER_0_134_433, 201.04, 372.64, 1.79276
_07046_, 213.84, 372.64, 1.79275
_07074_, 213.84, 372.64, 1.79275
_07133_, 213.84, 372.64, 1.79275
_09452_, 213.84, 372.64, 1.79275
FILLER_0_133_443, 213.84, 372.64, 1.79275
FILLER_0_133_458, 213.84, 372.64, 1.79275
_06903_, 226.64, 372.64, 1.79274
_07073_, 226.64, 372.64, 1.79274
_07118_, 226.64, 372.64, 1.79274
FILLER_0_132_471, 226.64, 372.64, 1.79274
FILLER_0_133_473, 226.64, 372.64, 1.79274
_06599_, 239.44, 372.64, 1.79273
_08874_, 239.44, 372.64, 1.79273
_08875_, 239.44, 372.64, 1.79273
FILLER_0_132_501, 239.44, 372.64, 1.79273
FILLER_0_133_495, 239.44, 372.64, 1.79273
FILLER_0_133_505, 239.44, 372.64, 1.79273
FILLER_0_134_513, 239.44, 372.64, 1.79273
_08894_, 252.24, 372.64, 1.79272
FILLER_0_132_533, 252.24, 372.64, 1.79272
FILLER_0_133_537, 252.24, 372.64, 1.79272
FILLER_0_133_550, 252.24, 372.64, 1.79272
_08888_, 265.04, 372.64, 1.79272
FILLER_0_132_563, 265.04, 372.64, 1.79272
FILLER_0_133_556, 265.04, 372.64, 1.79272
FILLER_0_134_569, 265.04, 372.64, 1.79272
_06754_, 277.84, 372.64, 1.79272
_06821_, 277.84, 372.64, 1.79272
_06826_, 277.84, 372.64, 1.79272
_06827_, 277.84, 372.64, 1.79272
_06905_, 277.84, 372.64, 1.79272
FILLER_0_132_579, 277.84, 372.64, 1.79272
FILLER_0_132_589, 277.84, 372.64, 1.79272
FILLER_0_134_597, 277.84, 372.64, 1.79272
_06906_, 290.64, 372.64, 1.79272
FILLER_0_133_609, 290.64, 372.64, 1.79272
_06668_, 303.44, 372.64, 1.79272
_06752_, 303.44, 372.64, 1.79272
FILLER_0_132_641, 303.44, 372.64, 1.79272
_06473_, 316.24, 372.64, 1.79273
_06577_, 316.24, 372.64, 1.79273
_06578_, 316.24, 372.64, 1.79273
_06379_, 341.442, 372.64, 1.79271
_06600_, 341.442, 372.64, 1.79271
_06393_, 353.845, 372.64, 1.79268
_06532_, 353.845, 372.64, 1.79268
_06533_, 353.845, 372.64, 1.79268
_06400_, 366.247, 372.64, 1.79266
_06411_, 366.247, 372.64, 1.79266
_06535_, 366.247, 372.64, 1.79266
_06537_, 366.247, 372.64, 1.79266
FILLER_0_133_775, 366.247, 372.64, 1.79266
FILLER_0_133_791, 366.247, 372.64, 1.79266
FILLER_0_134_795, 366.247, 372.64, 1.79266
_06390_, 378.65, 372.64, 1.79263
_06414_, 378.65, 372.64, 1.79263
_06416_, 378.65, 372.64, 1.79263
_06536_, 378.65, 372.64, 1.79263
FILLER_0_132_800, 378.65, 372.64, 1.79263
_06541_, 391.052, 372.64, 1.79261
rebuffer11, 391.052, 372.64, 1.79261
FILLER_0_132_837, 391.052, 372.64, 1.79261
FILLER_0_133_829, 391.052, 372.64, 1.79261
FILLER_0_133_837, 391.052, 372.64, 1.79261
_12622_, 415.857, 372.64, 1.79258
FILLER_0_132_881, 415.857, 372.64, 1.79258
FILLER_0_132_889, 415.857, 372.64, 1.79258
FILLER_0_133_889, 415.857, 372.64, 1.79258
FILLER_0_134_905, 415.857, 372.64, 1.79258
PHY_260, 5.52, 367.2, 1.79286
PHY_262, 5.52, 367.2, 1.79286
PHY_261, 428.26, 367.2, 1.79258
PHY_263, 428.26, 367.2, 1.79258
FILLER_0_130_913, 428.26, 367.2, 1.79258
FILLER_0_131_909, 428.26, 367.2, 1.79258
FILLER_0_131_51, 34.64, 367.2, 1.79286
FILLER_0_132_77, 34.64, 367.2, 1.79286
FILLER_0_131_105, 47.44, 367.2, 1.79285
FILLER_0_130_133, 73.04, 367.2, 1.79285
FILLER_0_131_161, 85.84, 367.2, 1.79284
FILLER_0_130_189, 98.64, 367.2, 1.79284
FILLER_0_131_217, 111.44, 367.2, 1.79283
FILLER_0_130_245, 124.24, 367.2, 1.79283
FILLER_0_131_273, 137.04, 367.2, 1.79282
FILLER_0_130_301, 149.84, 367.2, 1.79282
FILLER_0_131_329, 162.64, 367.2, 1.79282
_07135_, 188.24, 367.2, 1.79277
_07136_, 188.24, 367.2, 1.79277
_07137_, 188.24, 367.2, 1.79277
_07139_, 188.24, 367.2, 1.79277
_09478_, 188.24, 367.2, 1.79277
FILLER_0_130_395, 188.24, 367.2, 1.79277
FILLER_0_131_393, 188.24, 367.2, 1.79277
_07122_, 201.04, 367.2, 1.79275
_07182_, 201.04, 367.2, 1.79275
FILLER_0_130_417, 201.04, 367.2, 1.79275
FILLER_0_130_421, 201.04, 367.2, 1.79275
FILLER_0_132_433, 201.04, 367.2, 1.79275
_06904_, 213.84, 367.2, 1.79273
_07119_, 213.84, 367.2, 1.79273
FILLER_0_131_445, 213.84, 367.2, 1.79273
_06598_, 226.64, 367.2, 1.79271
_06753_, 226.64, 367.2, 1.79271
_07071_, 226.64, 367.2, 1.79271
_07072_, 226.64, 367.2, 1.79271
_07123_, 226.64, 367.2, 1.79271
_07124_, 226.64, 367.2, 1.79271
_07125_, 226.64, 367.2, 1.79271
FILLER_0_130_469, 226.64, 367.2, 1.79271
FILLER_0_132_485, 226.64, 367.2, 1.79271
_06986_, 239.44, 367.2, 1.7927
_06987_, 239.44, 367.2, 1.7927
_06988_, 239.44, 367.2, 1.7927
_08860_, 239.44, 367.2, 1.7927
_08861_, 239.44, 367.2, 1.7927
FILLER_0_130_498, 239.44, 367.2, 1.7927
FILLER_0_131_499, 239.44, 367.2, 1.7927
FILLER_0_131_519, 239.44, 367.2, 1.7927
_06908_, 252.24, 367.2, 1.7927
_06912_, 252.24, 367.2, 1.7927
_06989_, 252.24, 367.2, 1.7927
_08885_, 252.24, 367.2, 1.7927
_08893_, 252.24, 367.2, 1.7927
_06979_, 265.04, 367.2, 1.79269
_06998_, 265.04, 367.2, 1.79269
_06999_, 265.04, 367.2, 1.79269
_08882_, 265.04, 367.2, 1.79269
_08884_, 265.04, 367.2, 1.79269
_08889_, 265.04, 367.2, 1.79269
FILLER_0_130_557, 265.04, 367.2, 1.79269
_06720_, 277.84, 367.2, 1.79269
_06766_, 277.84, 367.2, 1.79269
_06825_, 277.84, 367.2, 1.79269
FILLER_0_131_604, 277.84, 367.2, 1.79269
_06760_, 290.64, 367.2, 1.7927
_06761_, 290.64, 367.2, 1.7927
_06828_, 290.64, 367.2, 1.7927
_06830_, 290.64, 367.2, 1.7927
FILLER_0_130_608, 290.64, 367.2, 1.7927
FILLER_0_131_632, 290.64, 367.2, 1.7927
FILLER_0_132_633, 290.64, 367.2, 1.7927
_06657_, 303.44, 367.2, 1.79271
_06666_, 303.44, 367.2, 1.79271
_06667_, 303.44, 367.2, 1.79271
_12755_, 303.44, 367.2, 1.79271
FILLER_0_130_640, 303.44, 367.2, 1.79271
FILLER_0_130_645, 303.44, 367.2, 1.79271
FILLER_0_131_661, 303.44, 367.2, 1.79271
FILLER_0_132_657, 303.44, 367.2, 1.79271
_06352_, 316.24, 367.2, 1.79273
_06472_, 316.24, 367.2, 1.79273
_07417_, 316.24, 367.2, 1.79273
FILLER_0_131_669, 316.24, 367.2, 1.79273
FILLER_0_131_673, 316.24, 367.2, 1.79273
FILLER_0_131_682, 316.24, 367.2, 1.79273
_06354_, 341.442, 367.2, 1.79272
_06378_, 341.442, 367.2, 1.79272
FILLER_0_130_729, 341.442, 367.2, 1.79272
FILLER_0_131_721, 341.442, 367.2, 1.79272
FILLER_0_132_737, 341.442, 367.2, 1.79272
_06453_, 353.845, 367.2, 1.79269
_06465_, 353.845, 367.2, 1.79269
FILLER_0_130_746, 353.845, 367.2, 1.79269
FILLER_0_131_753, 353.845, 367.2, 1.79269
_06466_, 366.247, 367.2, 1.79266
_06494_, 366.247, 367.2, 1.79266
FILLER_0_131_779, 366.247, 367.2, 1.79266
FILLER_0_131_797, 366.247, 367.2, 1.79266
_06389_, 378.65, 367.2, 1.79263
_06415_, 378.65, 367.2, 1.79263
_06474_, 378.65, 367.2, 1.79263
_06491_, 378.65, 367.2, 1.79263
_06497_, 378.65, 367.2, 1.79263
ANTENNA_35, 378.65, 367.2, 1.79263
FILLER_0_131_819, 378.65, 367.2, 1.79263
FILLER_0_132_819, 378.65, 367.2, 1.79263
_06475_, 391.052, 367.2, 1.7926
_06499_, 391.052, 367.2, 1.7926
rebuffer5, 391.052, 367.2, 1.7926
ANTENNA_33, 391.052, 367.2, 1.7926
FILLER_0_131_837, 391.052, 367.2, 1.7926
FILLER_0_130_857, 403.455, 367.2, 1.79259
FILLER_0_130_865, 403.455, 367.2, 1.79259
_12672_, 415.857, 367.2, 1.79258
FILLER_0_131_888, 415.857, 367.2, 1.79258
PHY_256, 5.52, 361.76, 1.79285
PHY_258, 5.52, 361.76, 1.79285
output108, 5.52, 361.76, 1.79285
PHY_257, 428.26, 361.76, 1.79255
PHY_259, 428.26, 361.76, 1.79255
output97, 428.26, 361.76, 1.79255
FILLER_0_129_909, 428.26, 361.76, 1.79255
FILLER_0_129_53, 34.64, 361.76, 1.79286
FILLER_0_130_77, 34.64, 361.76, 1.79286
FILLER_0_129_105, 47.44, 361.76, 1.79286
FILLER_0_128_133, 73.04, 361.76, 1.79285
FILLER_0_129_161, 85.84, 361.76, 1.79285
FILLER_0_128_189, 98.64, 361.76, 1.79284
FILLER_0_129_217, 111.44, 361.76, 1.79284
FILLER_0_128_245, 124.24, 361.76, 1.79284
FILLER_0_129_273, 137.04, 361.76, 1.79283
FILLER_0_128_301, 149.84, 361.76, 1.79283
FILLER_0_129_329, 162.64, 361.76, 1.79283
FILLER_0_129_349, 162.64, 361.76, 1.79283
_07117_, 188.24, 361.76, 1.79275
_07138_, 188.24, 361.76, 1.79275
FILLER_0_129_386, 188.24, 361.76, 1.79275
FILLER_0_130_409, 188.24, 361.76, 1.79275
_07111_, 201.04, 361.76, 1.79269
_07134_, 201.04, 361.76, 1.79269
_07187_, 201.04, 361.76, 1.79269
FILLER_0_130_429, 201.04, 361.76, 1.79269
_07128_, 213.84, 361.76, 1.79262
_07129_, 213.84, 361.76, 1.79262
_07132_, 213.84, 361.76, 1.79262
FILLER_0_128_440, 213.84, 361.76, 1.79262
FILLER_0_129_441, 213.84, 361.76, 1.79262
FILLER_0_129_449, 213.84, 361.76, 1.79262
_07054_, 226.64, 361.76, 1.79256
_07061_, 226.64, 361.76, 1.79256
_07070_, 226.64, 361.76, 1.79256
_07196_, 226.64, 361.76, 1.79256
FILLER_0_128_473, 226.64, 361.76, 1.79256
_06985_, 239.44, 361.76, 1.7925
_07055_, 239.44, 361.76, 1.7925
_08858_, 239.44, 361.76, 1.7925
_08859_, 239.44, 361.76, 1.7925
FILLER_0_128_504, 239.44, 361.76, 1.7925
FILLER_0_129_505, 239.44, 361.76, 1.7925
FILLER_0_130_509, 239.44, 361.76, 1.7925
FILLER_0_130_520, 239.44, 361.76, 1.7925
_06910_, 252.24, 361.76, 1.79244
_06913_, 252.24, 361.76, 1.79244
_06984_, 252.24, 361.76, 1.79244
wire134, 252.24, 361.76, 1.79244
ANTENNA_175, 252.24, 361.76, 1.79244
FILLER_0_129_529, 252.24, 361.76, 1.79244
FILLER_0_130_548, 252.24, 361.76, 1.79244
_06997_, 265.04, 361.76, 1.79249
_08883_, 265.04, 361.76, 1.79249
FILLER_0_129_553, 265.04, 361.76, 1.79249
FILLER_0_129_573, 265.04, 361.76, 1.79249
FILLER_0_130_578, 265.04, 361.76, 1.79249
_06808_, 277.84, 361.76, 1.79254
_06915_, 277.84, 361.76, 1.79254
_06916_, 277.84, 361.76, 1.79254
_06919_, 277.84, 361.76, 1.79254
_07000_, 277.84, 361.76, 1.79254
_06572_, 290.64, 361.76, 1.79259
_06759_, 290.64, 361.76, 1.79259
_06829_, 290.64, 361.76, 1.79259
FILLER_0_128_612, 290.64, 361.76, 1.79259
FILLER_0_129_610, 290.64, 361.76, 1.79259
FILLER_0_130_630, 290.64, 361.76, 1.79259
_06574_, 303.44, 361.76, 1.79264
_06575_, 303.44, 361.76, 1.79264
_06576_, 303.44, 361.76, 1.79264
FILLER_0_128_639, 303.44, 361.76, 1.79264
FILLER_0_128_645, 303.44, 361.76, 1.79264
FILLER_0_130_659, 303.44, 361.76, 1.79264
_07041_, 316.24, 361.76, 1.7927
_07048_, 316.24, 361.76, 1.7927
_12750_, 316.24, 361.76, 1.7927
FILLER_0_129_662, 316.24, 361.76, 1.7927
FILLER_0_130_686, 316.24, 361.76, 1.7927
_06382_, 341.442, 361.76, 1.79272
_06385_, 341.442, 361.76, 1.79272
_06429_, 341.442, 361.76, 1.79272
_06430_, 341.442, 361.76, 1.79272
FILLER_0_128_725, 341.442, 361.76, 1.79272
FILLER_0_129_723, 341.442, 361.76, 1.79272
_06467_, 353.845, 361.76, 1.79267
_06469_, 353.845, 361.76, 1.79267
_06476_, 353.845, 361.76, 1.79267
_06478_, 353.845, 361.76, 1.79267
_06488_, 353.845, 361.76, 1.79267
FILLER_0_130_763, 353.845, 361.76, 1.79267
_06470_, 366.247, 361.76, 1.79263
_06471_, 366.247, 361.76, 1.79263
_06489_, 366.247, 361.76, 1.79263
_06495_, 366.247, 361.76, 1.79263
_06496_, 366.247, 361.76, 1.79263
FILLER_0_128_776, 366.247, 361.76, 1.79263
FILLER_0_130_786, 366.247, 361.76, 1.79263
_06487_, 378.65, 361.76, 1.7926
_06490_, 378.65, 361.76, 1.7926
_06498_, 378.65, 361.76, 1.7926
_12645_, 378.65, 361.76, 1.7926
_12646_, 378.65, 361.76, 1.7926
FILLER_0_128_802, 378.65, 361.76, 1.7926
FILLER_0_129_801, 378.65, 361.76, 1.7926
FILLER_0_130_813, 378.65, 361.76, 1.7926
_12647_, 391.052, 361.76, 1.79259
ANTENNA_34, 391.052, 361.76, 1.79259
ANTENNA_36, 391.052, 361.76, 1.79259
FILLER_0_129_827, 391.052, 361.76, 1.79259
FILLER_0_128_863, 403.455, 361.76, 1.79257
FILLER_0_129_889, 415.857, 361.76, 1.79256
FILLER_0_130_905, 415.857, 361.76, 1.79256
PHY_252, 5.52, 356.32, 1.79288
PHY_254, 5.52, 356.32, 1.79288
PHY_253, 428.26, 356.32, 1.79265
PHY_255, 428.26, 356.32, 1.79265
FILLER_0_127_909, 428.26, 356.32, 1.79265
_12698_, 34.64, 356.32, 1.79287
FILLER_0_127_51, 34.64, 356.32, 1.79287
FILLER_0_128_77, 34.64, 356.32, 1.79287
FILLER_0_126_79, 47.44, 356.32, 1.79287
FILLER_0_127_105, 47.44, 356.32, 1.79287
FILLER_0_126_133, 73.04, 356.32, 1.79287
FILLER_0_127_161, 85.84, 356.32, 1.79287
FILLER_0_126_189, 98.64, 356.32, 1.79287
FILLER_0_127_217, 111.44, 356.32, 1.79288
FILLER_0_126_245, 124.24, 356.32, 1.79288
FILLER_0_127_273, 137.04, 356.32, 1.79288
FILLER_0_126_301, 149.84, 356.32, 1.79288
_09473_, 162.64, 356.32, 1.79288
FILLER_0_127_329, 162.64, 356.32, 1.79288
FILLER_0_128_345, 162.64, 356.32, 1.79288
_07105_, 188.24, 356.32, 1.79286
_07106_, 188.24, 356.32, 1.79286
_07112_, 188.24, 356.32, 1.79286
_07116_, 188.24, 356.32, 1.79286
FILLER_0_126_389, 188.24, 356.32, 1.79286
FILLER_0_128_411, 188.24, 356.32, 1.79286
_07108_, 201.04, 356.32, 1.79283
_07109_, 201.04, 356.32, 1.79283
_07110_, 201.04, 356.32, 1.79283
_07120_, 201.04, 356.32, 1.79283
_07121_, 201.04, 356.32, 1.79283
FILLER_0_126_421, 201.04, 356.32, 1.79283
FILLER_0_127_412, 201.04, 356.32, 1.79283
_07107_, 213.84, 356.32, 1.79281
_07126_, 213.84, 356.32, 1.79281
_07127_, 213.84, 356.32, 1.79281
_07130_, 213.84, 356.32, 1.79281
_07131_, 213.84, 356.32, 1.79281
_07192_, 213.84, 356.32, 1.79281
_07195_, 213.84, 356.32, 1.79281
FILLER_0_127_439, 213.84, 356.32, 1.79281
FILLER_0_127_455, 213.84, 356.32, 1.79281
FILLER_0_127_466, 213.84, 356.32, 1.79281
FILLER_0_128_454, 213.84, 356.32, 1.79281
_07193_, 226.64, 356.32, 1.7928
_07200_, 226.64, 356.32, 1.7928
_07201_, 226.64, 356.32, 1.7928
_07202_, 226.64, 356.32, 1.7928
FILLER_0_127_489, 226.64, 356.32, 1.7928
_06505_, 239.44, 356.32, 1.79279
_06506_, 239.44, 356.32, 1.79279
_06507_, 239.44, 356.32, 1.79279
_06573_, 239.44, 356.32, 1.79279
rebuffer39, 239.44, 356.32, 1.79279
ANTENNA_174, 239.44, 356.32, 1.79279
ANTENNA_176, 239.44, 356.32, 1.79279
ANTENNA_178, 239.44, 356.32, 1.79279
FILLER_0_126_496, 239.44, 356.32, 1.79279
_06810_, 252.24, 356.32, 1.79279
_06812_, 252.24, 356.32, 1.79279
_06813_, 252.24, 356.32, 1.79279
_06909_, 252.24, 356.32, 1.79279
_06982_, 252.24, 356.32, 1.79279
_06983_, 252.24, 356.32, 1.79279
_08856_, 252.24, 356.32, 1.79279
ANTENNA_177, 252.24, 356.32, 1.79279
FILLER_0_127_528, 252.24, 356.32, 1.79279
_06911_, 265.04, 356.32, 1.79279
_06995_, 265.04, 356.32, 1.79279
_06996_, 265.04, 356.32, 1.79279
FILLER_0_126_558, 265.04, 356.32, 1.79279
FILLER_0_127_557, 265.04, 356.32, 1.79279
FILLER_0_128_567, 265.04, 356.32, 1.79279
_06765_, 277.84, 356.32, 1.7928
_06918_, 277.84, 356.32, 1.7928
_06994_, 277.84, 356.32, 1.7928
FILLER_0_127_585, 277.84, 356.32, 1.7928
FILLER_0_127_605, 277.84, 356.32, 1.7928
_06634_, 290.64, 356.32, 1.79281
_06661_, 290.64, 356.32, 1.79281
_06663_, 290.64, 356.32, 1.79281
_06664_, 290.64, 356.32, 1.79281
_06665_, 290.64, 356.32, 1.79281
_06755_, 290.64, 356.32, 1.79281
_06914_, 290.64, 356.32, 1.79281
FILLER_0_126_613, 290.64, 356.32, 1.79281
FILLER_0_127_613, 290.64, 356.32, 1.79281
FILLER_0_127_623, 290.64, 356.32, 1.79281
_06636_, 303.44, 356.32, 1.79282
ANTENNA_126, 303.44, 356.32, 1.79282
ANTENNA_128, 303.44, 356.32, 1.79282
FILLER_0_127_661, 303.44, 356.32, 1.79282
_06304_, 316.24, 356.32, 1.79283
_06305_, 316.24, 356.32, 1.79283
_06361_, 316.24, 356.32, 1.79283
_12751_, 316.24, 356.32, 1.79283
fanout159, 316.24, 356.32, 1.79283
ANTENNA_127, 316.24, 356.32, 1.79283
FILLER_0_127_669, 316.24, 356.32, 1.79283
_06381_, 341.442, 356.32, 1.79282
_06384_, 341.442, 356.32, 1.79282
_06434_, 341.442, 356.32, 1.79282
_06435_, 341.442, 356.32, 1.79282
_06436_, 341.442, 356.32, 1.79282
_06299_, 353.845, 356.32, 1.79278
_06380_, 353.845, 356.32, 1.79278
_06464_, 353.845, 356.32, 1.79278
_06468_, 353.845, 356.32, 1.79278
_06477_, 353.845, 356.32, 1.79278
FILLER_0_127_747, 353.845, 356.32, 1.79278
FILLER_0_127_756, 353.845, 356.32, 1.79278
_06410_, 366.247, 356.32, 1.79275
FILLER_0_126_776, 366.247, 356.32, 1.79275
FILLER_0_127_776, 366.247, 356.32, 1.79275
FILLER_0_127_785, 366.247, 356.32, 1.79275
_06432_, 378.65, 356.32, 1.79271
_06440_, 378.65, 356.32, 1.79271
_06441_, 378.65, 356.32, 1.79271
_06442_, 378.65, 356.32, 1.79271
_06443_, 378.65, 356.32, 1.79271
_06493_, 378.65, 356.32, 1.79271
FILLER_0_126_808, 378.65, 356.32, 1.79271
FILLER_0_127_805, 378.65, 356.32, 1.79271
FILLER_0_128_816, 378.65, 356.32, 1.79271
_06492_, 391.052, 356.32, 1.79269
_06751_, 391.052, 356.32, 1.79269
FILLER_0_126_831, 391.052, 356.32, 1.79269
FILLER_0_127_833, 391.052, 356.32, 1.79269
_06778_, 403.455, 356.32, 1.79266
_06806_, 403.455, 356.32, 1.79266
rebuffer30, 403.455, 356.32, 1.79266
FILLER_0_126_853, 403.455, 356.32, 1.79266
_12655_, 415.857, 356.32, 1.79265
FILLER_0_127_885, 415.857, 356.32, 1.79265
FILLER_0_127_893, 415.857, 356.32, 1.79265
FILLER_0_128_893, 415.857, 356.32, 1.79265
PHY_248, 5.52, 350.88, 1.79291
PHY_250, 5.52, 350.88, 1.79291
PHY_249, 428.26, 350.88, 1.79271
PHY_251, 428.26, 350.88, 1.79271
FILLER_0_125_909, 428.26, 350.88, 1.79271
fanout152, 34.64, 350.88, 1.7929
FILLER_0_125_51, 34.64, 350.88, 1.7929
FILLER_0_125_105, 47.44, 350.88, 1.7929
FILLER_0_124_133, 73.04, 350.88, 1.7929
FILLER_0_125_161, 85.84, 350.88, 1.7929
FILLER_0_124_189, 98.64, 350.88, 1.7929
FILLER_0_125_217, 111.44, 350.88, 1.7929
FILLER_0_124_245, 124.24, 350.88, 1.7929
FILLER_0_125_273, 137.04, 350.88, 1.7929
FILLER_0_124_301, 149.84, 350.88, 1.7929
_09471_, 162.64, 350.88, 1.7929
_09676_, 162.64, 350.88, 1.7929
_09677_, 162.64, 350.88, 1.7929
_09680_, 162.64, 350.88, 1.7929
FILLER_0_125_329, 162.64, 350.88, 1.7929
FILLER_0_125_337, 162.64, 350.88, 1.7929
FILLER_0_126_345, 162.64, 350.88, 1.7929
_07098_, 188.24, 350.88, 1.79284
_07103_, 188.24, 350.88, 1.79284
_09467_, 188.24, 350.88, 1.79284
FILLER_0_124_395, 188.24, 350.88, 1.79284
FILLER_0_125_387, 188.24, 350.88, 1.79284
FILLER_0_125_399, 188.24, 350.88, 1.79284
_06811_, 201.04, 350.88, 1.79278
_07096_, 201.04, 350.88, 1.79278
_07097_, 201.04, 350.88, 1.79278
_07368_, 213.84, 350.88, 1.79273
rebuffer25, 213.84, 350.88, 1.79273
rebuffer43, 213.84, 350.88, 1.79273
FILLER_0_124_445, 213.84, 350.88, 1.79273
FILLER_0_125_444, 213.84, 350.88, 1.79273
FILLER_0_125_449, 213.84, 350.88, 1.79273
FILLER_0_125_463, 213.84, 350.88, 1.79273
FILLER_0_126_458, 213.84, 350.88, 1.79273
FILLER_0_126_466, 213.84, 350.88, 1.79273
_07194_, 226.64, 350.88, 1.7927
_07371_, 226.64, 350.88, 1.7927
FILLER_0_124_472, 226.64, 350.88, 1.7927
FILLER_0_124_477, 226.64, 350.88, 1.7927
_06630_, 239.44, 350.88, 1.79268
_06824_, 239.44, 350.88, 1.79268
_12716_, 239.44, 350.88, 1.79268
FILLER_0_125_517, 239.44, 350.88, 1.79268
_06764_, 252.24, 350.88, 1.79267
_06981_, 252.24, 350.88, 1.79267
_08857_, 252.24, 350.88, 1.79267
FILLER_0_125_533, 252.24, 350.88, 1.79267
FILLER_0_126_543, 252.24, 350.88, 1.79267
_08878_, 265.04, 350.88, 1.79266
_08880_, 265.04, 350.88, 1.79266
_08881_, 265.04, 350.88, 1.79266
FILLER_0_125_561, 265.04, 350.88, 1.79266
FILLER_0_125_577, 265.04, 350.88, 1.79266
FILLER_0_126_578, 265.04, 350.88, 1.79266
_06917_, 277.84, 350.88, 1.79266
_06993_, 277.84, 350.88, 1.79266
clkbuf_4_13_0_clk, 277.84, 350.88, 1.79266
rebuffer40, 277.84, 350.88, 1.79266
FILLER_0_124_589, 277.84, 350.88, 1.79266
FILLER_0_126_599, 277.84, 350.88, 1.79266
_06659_, 290.64, 350.88, 1.7927
_06660_, 290.64, 350.88, 1.7927
_06662_, 290.64, 350.88, 1.7927
FILLER_0_124_611, 290.64, 350.88, 1.7927
FILLER_0_125_624, 290.64, 350.88, 1.7927
FILLER_0_125_632, 290.64, 350.88, 1.7927
_06319_, 303.44, 350.88, 1.79275
_06511_, 303.44, 350.88, 1.79275
_06631_, 303.44, 350.88, 1.79275
_06632_, 303.44, 350.88, 1.79275
_06633_, 303.44, 350.88, 1.79275
_06635_, 303.44, 350.88, 1.79275
FILLER_0_124_637, 303.44, 350.88, 1.79275
FILLER_0_124_645, 303.44, 350.88, 1.79275
FILLER_0_125_650, 303.44, 350.88, 1.79275
_06318_, 316.24, 350.88, 1.7928
_06357_, 316.24, 350.88, 1.7928
_06377_, 316.24, 350.88, 1.7928
_06451_, 316.24, 350.88, 1.7928
_06510_, 316.24, 350.88, 1.7928
_06512_, 316.24, 350.88, 1.7928
FILLER_0_124_668, 316.24, 350.88, 1.7928
FILLER_0_125_668, 316.24, 350.88, 1.7928
FILLER_0_126_685, 316.24, 350.88, 1.7928
_06456_, 341.442, 350.88, 1.79283
_06461_, 341.442, 350.88, 1.79283
FILLER_0_124_717, 341.442, 350.88, 1.79283
FILLER_0_124_729, 341.442, 350.88, 1.79283
FILLER_0_125_721, 341.442, 350.88, 1.79283
FILLER_0_125_729, 341.442, 350.88, 1.79283
_06314_, 353.845, 350.88, 1.79279
_06343_, 353.845, 350.88, 1.79279
_06360_, 353.845, 350.88, 1.79279
_06460_, 353.845, 350.88, 1.79279
_06462_, 353.845, 350.88, 1.79279
rebuffer44, 353.845, 350.88, 1.79279
FILLER_0_126_764, 353.845, 350.88, 1.79279
_06383_, 366.247, 350.88, 1.79276
_06401_, 366.247, 350.88, 1.79276
_06403_, 366.247, 350.88, 1.79276
_06404_, 366.247, 350.88, 1.79276
_06407_, 366.247, 350.88, 1.79276
_06409_, 366.247, 350.88, 1.79276
_07047_, 366.247, 350.88, 1.79276
FILLER_0_125_778, 366.247, 350.88, 1.79276
FILLER_0_126_791, 366.247, 350.88, 1.79276
_06408_, 378.65, 350.88, 1.79274
_06420_, 378.65, 350.88, 1.79274
_06422_, 378.65, 350.88, 1.79274
_06431_, 378.65, 350.88, 1.79274
FILLER_0_124_805, 378.65, 350.88, 1.79274
FILLER_0_125_799, 378.65, 350.88, 1.79274
FILLER_0_125_824, 378.65, 350.88, 1.79274
_06895_, 391.052, 350.88, 1.79272
_06899_, 391.052, 350.88, 1.79272
_06940_, 391.052, 350.88, 1.79272
_06805_, 403.455, 350.88, 1.79271
_06896_, 403.455, 350.88, 1.79271
_06898_, 403.455, 350.88, 1.79271
rebuffer48, 403.455, 350.88, 1.79271
FILLER_0_124_863, 403.455, 350.88, 1.79271
ANTENNA_86, 415.857, 350.88, 1.79271
FILLER_0_124_884, 415.857, 350.88, 1.79271
FILLER_0_125_889, 415.857, 350.88, 1.79271
_12756_, 5.52, 345.44, 1.79291
PHY_244, 5.52, 345.44, 1.79291
PHY_246, 5.52, 345.44, 1.79291
input34, 5.52, 345.44, 1.79291
PHY_245, 428.26, 345.44, 1.79272
PHY_247, 428.26, 345.44, 1.79272
input52, 428.26, 345.44, 1.79272
FILLER_0_122_913, 428.26, 345.44, 1.79272
FILLER_0_123_909, 428.26, 345.44, 1.79272
FILLER_0_124_77, 34.64, 345.44, 1.79291
FILLER_0_123_105, 47.44, 345.44, 1.79291
FILLER_0_122_133, 73.04, 345.44, 1.79291
FILLER_0_123_161, 85.84, 345.44, 1.79291
FILLER_0_122_189, 98.64, 345.44, 1.7929
FILLER_0_123_217, 111.44, 345.44, 1.7929
_12723_, 124.24, 345.44, 1.7929
FILLER_0_122_245, 124.24, 345.44, 1.7929
FILLER_0_123_249, 124.24, 345.44, 1.7929
_12736_, 137.04, 345.44, 1.7929
FILLER_0_123_293, 137.04, 345.44, 1.7929
FILLER_0_122_301, 149.84, 345.44, 1.79292
_09679_, 162.64, 345.44, 1.79293
_09865_, 162.64, 345.44, 1.79293
FILLER_0_123_349, 162.64, 345.44, 1.79293
FILLER_0_124_345, 162.64, 345.44, 1.79293
_07091_, 188.24, 345.44, 1.79292
_07092_, 188.24, 345.44, 1.79292
_07093_, 188.24, 345.44, 1.79292
_07099_, 188.24, 345.44, 1.79292
_07100_, 188.24, 345.44, 1.79292
FILLER_0_123_386, 188.24, 345.44, 1.79292
_07087_, 201.04, 345.44, 1.7929
_07088_, 201.04, 345.44, 1.7929
_07090_, 201.04, 345.44, 1.7929
_07203_, 201.04, 345.44, 1.7929
_07204_, 201.04, 345.44, 1.7929
_07186_, 213.84, 345.44, 1.79288
_07188_, 213.84, 345.44, 1.79288
FILLER_0_123_442, 213.84, 345.44, 1.79288
_07191_, 226.64, 345.44, 1.79287
_07374_, 226.64, 345.44, 1.79287
FILLER_0_122_470, 226.64, 345.44, 1.79287
_07159_, 239.44, 345.44, 1.79287
FILLER_0_122_499, 239.44, 345.44, 1.79287
FILLER_0_123_517, 239.44, 345.44, 1.79287
_06658_, 252.24, 345.44, 1.79287
_06980_, 252.24, 345.44, 1.79287
_07151_, 252.24, 345.44, 1.79287
_07160_, 252.24, 345.44, 1.79287
_07166_, 252.24, 345.44, 1.79287
FILLER_0_123_543, 252.24, 345.44, 1.79287
_06816_, 265.04, 345.44, 1.79287
_07144_, 265.04, 345.44, 1.79287
_07145_, 265.04, 345.44, 1.79287
_07146_, 265.04, 345.44, 1.79287
_07149_, 265.04, 345.44, 1.79287
_06991_, 277.84, 345.44, 1.79288
_06992_, 277.84, 345.44, 1.79288
_08879_, 277.84, 345.44, 1.79288
FILLER_0_122_580, 277.84, 345.44, 1.79288
_06557_, 290.64, 345.44, 1.79289
_06756_, 290.64, 345.44, 1.79289
_06757_, 290.64, 345.44, 1.79289
_06758_, 290.64, 345.44, 1.79289
FILLER_0_122_613, 290.64, 345.44, 1.79289
FILLER_0_123_611, 290.64, 345.44, 1.79289
_06300_, 303.44, 345.44, 1.79291
_06346_, 303.44, 345.44, 1.79291
_06391_, 303.44, 345.44, 1.79291
_06629_, 303.44, 345.44, 1.79291
FILLER_0_122_637, 303.44, 345.44, 1.79291
FILLER_0_122_645, 303.44, 345.44, 1.79291
FILLER_0_123_642, 303.44, 345.44, 1.79291
FILLER_0_124_656, 303.44, 345.44, 1.79291
_06298_, 316.24, 345.44, 1.79293
_06301_, 316.24, 345.44, 1.79293
_06306_, 316.24, 345.44, 1.79293
_06531_, 316.24, 345.44, 1.79293
_12720_, 316.24, 345.44, 1.79293
ANTENNA_114, 316.24, 345.44, 1.79293
FILLER_0_123_669, 316.24, 345.44, 1.79293
FILLER_0_123_688, 316.24, 345.44, 1.79293
FILLER_0_124_685, 316.24, 345.44, 1.79293
_06332_, 341.442, 345.44, 1.79292
_06455_, 341.442, 345.44, 1.79292
_06457_, 341.442, 345.44, 1.79292
_06459_, 341.442, 345.44, 1.79292
_06463_, 341.442, 345.44, 1.79292
FILLER_0_122_717, 341.442, 345.44, 1.79292
FILLER_0_123_724, 341.442, 345.44, 1.79292
FILLER_0_124_741, 341.442, 345.44, 1.79292
_06315_, 353.845, 345.44, 1.79288
FILLER_0_124_765, 353.845, 345.44, 1.79288
_06341_, 366.247, 345.44, 1.79284
_06419_, 366.247, 345.44, 1.79284
FILLER_0_122_781, 366.247, 345.44, 1.79284
FILLER_0_123_777, 366.247, 345.44, 1.79284
FILLER_0_123_797, 366.247, 345.44, 1.79284
FILLER_0_124_785, 366.247, 345.44, 1.79284
_06398_, 378.65, 345.44, 1.7928
_06421_, 378.65, 345.44, 1.7928
_06975_, 378.65, 345.44, 1.7928
FILLER_0_122_804, 378.65, 345.44, 1.7928
FILLER_0_123_821, 378.65, 345.44, 1.7928
FILLER_0_124_813, 378.65, 345.44, 1.7928
FILLER_0_124_821, 378.65, 345.44, 1.7928
_06877_, 391.052, 345.44, 1.79276
_06939_, 391.052, 345.44, 1.79276
_06973_, 391.052, 345.44, 1.79276
_06974_, 391.052, 345.44, 1.79276
_06897_, 403.455, 345.44, 1.79274
_12718_, 403.455, 345.44, 1.79274
FILLER_0_122_860, 403.455, 345.44, 1.79274
FILLER_0_123_865, 403.455, 345.44, 1.79274
_12688_, 415.857, 345.44, 1.79272
PHY_240, 5.52, 340, 1.79294
PHY_242, 5.52, 340, 1.79294
PHY_241, 428.26, 340, 1.7925
PHY_243, 428.26, 340, 1.7925
FILLER_0_121_909, 428.26, 340, 1.7925
FILLER_0_121_51, 34.64, 340, 1.79294
FILLER_0_122_77, 34.64, 340, 1.79294
FILLER_0_121_105, 47.44, 340, 1.79294
FILLER_0_120_133, 73.04, 340, 1.79294
FILLER_0_121_161, 85.84, 340, 1.79294
FILLER_0_120_189, 98.64, 340, 1.79294
_11789_, 111.44, 340, 1.79294
_11876_, 111.44, 340, 1.79294
_11881_, 111.44, 340, 1.79294
_11962_, 111.44, 340, 1.79294
max_cap138, 111.44, 340, 1.79294
FILLER_0_120_217, 111.44, 340, 1.79294
FILLER_0_121_217, 111.44, 340, 1.79294
FILLER_0_121_225, 111.44, 340, 1.79294
_11875_, 124.24, 340, 1.79294
_11879_, 124.24, 340, 1.79294
wire2, 124.24, 340, 1.79294
_11681_, 137.04, 340, 1.79295
_11682_, 137.04, 340, 1.79295
_11786_, 137.04, 340, 1.79295
_11787_, 137.04, 340, 1.79295
FILLER_0_121_276, 137.04, 340, 1.79295
_11785_, 149.84, 340, 1.79296
FILLER_0_120_309, 149.84, 340, 1.79296
_07102_, 162.64, 340, 1.79297
_09472_, 162.64, 340, 1.79297
FILLER_0_120_340, 162.64, 340, 1.79297
FILLER_0_121_337, 162.64, 340, 1.79297
FILLER_0_121_345, 162.64, 340, 1.79297
_09481_, 188.24, 340, 1.79294
FILLER_0_120_389, 188.24, 340, 1.79294
_06809_, 201.04, 340, 1.79292
_08811_, 201.04, 340, 1.79292
FILLER_0_120_413, 201.04, 340, 1.79292
FILLER_0_121_436, 201.04, 340, 1.79292
_07155_, 213.84, 340, 1.7929
_07181_, 213.84, 340, 1.7929
_07185_, 213.84, 340, 1.7929
_07197_, 213.84, 340, 1.7929
_07199_, 213.84, 340, 1.7929
FILLER_0_120_447, 213.84, 340, 1.7929
FILLER_0_121_443, 213.84, 340, 1.7929
FILLER_0_121_449, 213.84, 340, 1.7929
FILLER_0_121_464, 213.84, 340, 1.7929
FILLER_0_122_459, 213.84, 340, 1.7929
_07143_, 226.64, 340, 1.79289
_07163_, 226.64, 340, 1.79289
_07173_, 226.64, 340, 1.79289
_07174_, 226.64, 340, 1.79289
_07198_, 226.64, 340, 1.79289
FILLER_0_121_484, 226.64, 340, 1.79289
_07141_, 239.44, 340, 1.79288
_07142_, 239.44, 340, 1.79288
_07148_, 239.44, 340, 1.79288
_07154_, 239.44, 340, 1.79288
_07162_, 239.44, 340, 1.79288
FILLER_0_122_516, 239.44, 340, 1.79288
_07153_, 252.24, 340, 1.79288
_07164_, 252.24, 340, 1.79288
_07165_, 252.24, 340, 1.79288
_07172_, 252.24, 340, 1.79288
_07189_, 252.24, 340, 1.79288
rebuffer38, 252.24, 340, 1.79288
FILLER_0_122_540, 252.24, 340, 1.79288
FILLER_0_122_549, 252.24, 340, 1.79288
_06814_, 265.04, 340, 1.79289
_06815_, 265.04, 340, 1.79289
_07147_, 265.04, 340, 1.79289
_07150_, 265.04, 340, 1.79289
_07152_, 265.04, 340, 1.79289
FILLER_0_121_578, 265.04, 340, 1.79289
_07168_, 277.84, 340, 1.7929
_07381_, 277.84, 340, 1.7929
_12715_, 277.84, 340, 1.7929
ANTENNA_104, 277.84, 340, 1.7929
ANTENNA_106, 277.84, 340, 1.7929
ANTENNA_108, 277.84, 340, 1.7929
_06348_, 290.64, 340, 1.79291
_08225_, 290.64, 340, 1.79291
ANTENNA_105, 290.64, 340, 1.79291
ANTENNA_107, 290.64, 340, 1.79291
FILLER_0_120_611, 290.64, 340, 1.79291
_07021_, 303.44, 340, 1.79293
_07167_, 303.44, 340, 1.79293
_08321_, 303.44, 340, 1.79293
ANTENNA_116, 303.44, 340, 1.79293
ANTENNA_117, 303.44, 340, 1.79293
ANTENNA_119, 303.44, 340, 1.79293
FILLER_0_121_658, 303.44, 340, 1.79293
_06297_, 316.24, 340, 1.79296
_08322_, 316.24, 340, 1.79296
_08325_, 316.24, 340, 1.79296
fanout158, 316.24, 340, 1.79296
FILLER_0_121_668, 316.24, 340, 1.79296
FILLER_0_121_673, 316.24, 340, 1.79296
FILLER_0_121_687, 316.24, 340, 1.79296
_06329_, 341.442, 340, 1.79288
_06331_, 341.442, 340, 1.79288
_06334_, 341.442, 340, 1.79288
_06335_, 341.442, 340, 1.79288
_06458_, 341.442, 340, 1.79288
FILLER_0_120_728, 341.442, 340, 1.79288
FILLER_0_121_725, 341.442, 340, 1.79288
FILLER_0_121_742, 341.442, 340, 1.79288
_06322_, 353.845, 340, 1.79277
_06325_, 353.845, 340, 1.79277
_06336_, 353.845, 340, 1.79277
_06337_, 353.845, 340, 1.79277
FILLER_0_122_769, 353.845, 340, 1.79277
_06308_, 366.247, 340, 1.79266
_06339_, 366.247, 340, 1.79266
_06399_, 366.247, 340, 1.79266
_06402_, 366.247, 340, 1.79266
_07471_, 366.247, 340, 1.79266
_07605_, 366.247, 340, 1.79266
FILLER_0_121_775, 366.247, 340, 1.79266
FILLER_0_122_792, 366.247, 340, 1.79266
_06309_, 378.65, 340, 1.79255
_06437_, 378.65, 340, 1.79255
_06438_, 378.65, 340, 1.79255
_06439_, 378.65, 340, 1.79255
_07084_, 378.65, 340, 1.79255
_08776_, 378.65, 340, 1.79255
clkbuf_4_15_0_clk, 378.65, 340, 1.79255
FILLER_0_120_803, 378.65, 340, 1.79255
FILLER_0_120_809, 378.65, 340, 1.79255
FILLER_0_121_798, 378.65, 340, 1.79255
_06799_, 391.052, 340, 1.7925
_06803_, 391.052, 340, 1.7925
_06941_, 391.052, 340, 1.7925
_06972_, 391.052, 340, 1.7925
clkbuf_4_14_0_clk, 391.052, 340, 1.7925
FILLER_0_121_847, 391.052, 340, 1.7925
_06804_, 403.455, 340, 1.7925
FILLER_0_122_905, 415.857, 340, 1.7925
_12759_, 5.52, 334.56, 1.79292
PHY_236, 5.52, 334.56, 1.79292
PHY_238, 5.52, 334.56, 1.79292
PHY_237, 428.26, 334.56, 1.79295
PHY_239, 428.26, 334.56, 1.79295
input4, 428.26, 334.56, 1.79295
FILLER_0_118_913, 428.26, 334.56, 1.79295
FILLER_0_119_909, 428.26, 334.56, 1.79295
FILLER_0_119_50, 34.64, 334.56, 1.7929
FILLER_0_120_77, 34.64, 334.56, 1.7929
FILLER_0_119_105, 47.44, 334.56, 1.79287
clkbuf_4_7_0_clk, 73.04, 334.56, 1.79282
FILLER_0_118_133, 73.04, 334.56, 1.79282
FILLER_0_118_141, 73.04, 334.56, 1.79282
FILLER_0_119_161, 85.84, 334.56, 1.79283
FILLER_0_119_181, 85.84, 334.56, 1.79283
_11684_, 98.64, 334.56, 1.79284
_11687_, 98.64, 334.56, 1.79284
_11790_, 98.64, 334.56, 1.79284
_11792_, 98.64, 334.56, 1.79284
_11885_, 98.64, 334.56, 1.79284
_11683_, 111.44, 334.56, 1.79286
_11877_, 111.44, 334.56, 1.79286
_11878_, 111.44, 334.56, 1.79286
_11880_, 111.44, 334.56, 1.79286
_11961_, 111.44, 334.56, 1.79286
FILLER_0_119_225, 111.44, 334.56, 1.79286
_11788_, 124.24, 334.56, 1.79288
_11963_, 124.24, 334.56, 1.79288
FILLER_0_118_246, 124.24, 334.56, 1.79288
FILLER_0_118_253, 124.24, 334.56, 1.79288
FILLER_0_120_265, 124.24, 334.56, 1.79288
_11565_, 137.04, 334.56, 1.79291
_11675_, 137.04, 334.56, 1.79291
_11676_, 137.04, 334.56, 1.79291
_11677_, 137.04, 334.56, 1.79291
_11678_, 137.04, 334.56, 1.79291
_11679_, 137.04, 334.56, 1.79291
_11680_, 137.04, 334.56, 1.79291
FILLER_0_118_275, 137.04, 334.56, 1.79291
FILLER_0_119_274, 137.04, 334.56, 1.79291
FILLER_0_119_281, 137.04, 334.56, 1.79291
_11562_, 149.84, 334.56, 1.79294
_11673_, 149.84, 334.56, 1.79294
_11674_, 149.84, 334.56, 1.79294
_11782_, 149.84, 334.56, 1.79294
_11783_, 149.84, 334.56, 1.79294
_11784_, 149.84, 334.56, 1.79294
FILLER_0_118_304, 149.84, 334.56, 1.79294
FILLER_0_118_309, 149.84, 334.56, 1.79294
FILLER_0_119_307, 149.84, 334.56, 1.79294
_07083_, 162.64, 334.56, 1.79297
_09678_, 162.64, 334.56, 1.79297
_11671_, 162.64, 334.56, 1.79297
_11672_, 162.64, 334.56, 1.79297
FILLER_0_118_340, 162.64, 334.56, 1.79297
FILLER_0_119_333, 162.64, 334.56, 1.79297
FILLER_0_120_354, 162.64, 334.56, 1.79297
_09450_, 188.24, 334.56, 1.79297
_09686_, 188.24, 334.56, 1.79297
_09864_, 188.24, 334.56, 1.79297
FILLER_0_119_384, 188.24, 334.56, 1.79297
FILLER_0_119_393, 188.24, 334.56, 1.79297
_07086_, 201.04, 334.56, 1.79295
_07183_, 201.04, 334.56, 1.79295
_07184_, 201.04, 334.56, 1.79295
_07205_, 201.04, 334.56, 1.79295
FILLER_0_118_414, 201.04, 334.56, 1.79295
FILLER_0_118_421, 201.04, 334.56, 1.79295
FILLER_0_119_426, 201.04, 334.56, 1.79295
FILLER_0_120_438, 201.04, 334.56, 1.79295
_07158_, 213.84, 334.56, 1.79295
_07180_, 213.84, 334.56, 1.79295
_07190_, 213.84, 334.56, 1.79295
FILLER_0_119_442, 213.84, 334.56, 1.79295
FILLER_0_119_449, 213.84, 334.56, 1.79295
_07140_, 226.64, 334.56, 1.79296
_07179_, 226.64, 334.56, 1.79296
_07932_, 226.64, 334.56, 1.79296
FILLER_0_118_473, 226.64, 334.56, 1.79296
FILLER_0_120_481, 226.64, 334.56, 1.79296
_07079_, 239.44, 334.56, 1.79296
_07161_, 239.44, 334.56, 1.79296
FILLER_0_118_500, 239.44, 334.56, 1.79296
FILLER_0_119_495, 239.44, 334.56, 1.79296
_07377_, 252.24, 334.56, 1.79297
_07378_, 252.24, 334.56, 1.79297
FILLER_0_118_523, 252.24, 334.56, 1.79297
_08186_, 265.04, 334.56, 1.79299
FILLER_0_119_553, 265.04, 334.56, 1.79299
FILLER_0_119_573, 265.04, 334.56, 1.79299
FILLER_0_120_572, 265.04, 334.56, 1.79299
_06394_, 277.84, 334.56, 1.793
_07169_, 277.84, 334.56, 1.793
_07170_, 277.84, 334.56, 1.793
_07171_, 277.84, 334.56, 1.793
_07382_, 277.84, 334.56, 1.793
FILLER_0_119_581, 277.84, 334.56, 1.793
_08224_, 290.64, 334.56, 1.79303
_08226_, 290.64, 334.56, 1.79303
_08231_, 290.64, 334.56, 1.79303
FILLER_0_118_606, 290.64, 334.56, 1.79303
FILLER_0_119_617, 290.64, 334.56, 1.79303
FILLER_0_120_620, 290.64, 334.56, 1.79303
_08320_, 303.44, 334.56, 1.79305
_08581_, 303.44, 334.56, 1.79305
FILLER_0_119_634, 303.44, 334.56, 1.79305
FILLER_0_119_658, 303.44, 334.56, 1.79305
_08323_, 316.24, 334.56, 1.79308
_08326_, 316.24, 334.56, 1.79308
_08327_, 316.24, 334.56, 1.79308
_08335_, 316.24, 334.56, 1.79308
_12748_, 316.24, 334.56, 1.79308
FILLER_0_118_670, 316.24, 334.56, 1.79308
FILLER_0_119_669, 316.24, 334.56, 1.79308
FILLER_0_120_677, 316.24, 334.56, 1.79308
_06324_, 341.442, 334.56, 1.79308
_06327_, 341.442, 334.56, 1.79308
_06330_, 341.442, 334.56, 1.79308
rebuffer10, 341.442, 334.56, 1.79308
rebuffer41, 341.442, 334.56, 1.79308
ANTENNA_22, 341.442, 334.56, 1.79308
ANTENNA_24, 341.442, 334.56, 1.79308
ANTENNA_26, 341.442, 334.56, 1.79308
FILLER_0_118_721, 341.442, 334.56, 1.79308
FILLER_0_119_724, 341.442, 334.56, 1.79308
FILLER_0_119_729, 341.442, 334.56, 1.79308
FILLER_0_120_735, 341.442, 334.56, 1.79308
_06321_, 353.845, 334.56, 1.79304
_06323_, 353.845, 334.56, 1.79304
_06326_, 353.845, 334.56, 1.79304
_06338_, 353.845, 334.56, 1.79304
_06340_, 353.845, 334.56, 1.79304
ANTENNA_23, 353.845, 334.56, 1.79304
ANTENNA_25, 353.845, 334.56, 1.79304
_06316_, 366.247, 334.56, 1.79301
_06397_, 366.247, 334.56, 1.79301
_07470_, 366.247, 334.56, 1.79301
FILLER_0_118_781, 366.247, 334.56, 1.79301
FILLER_0_119_780, 366.247, 334.56, 1.79301
_06310_, 378.65, 334.56, 1.79298
_06347_, 378.65, 334.56, 1.79298
_06406_, 378.65, 334.56, 1.79298
_06796_, 378.65, 334.56, 1.79298
_06797_, 378.65, 334.56, 1.79298
_06798_, 378.65, 334.56, 1.79298
FILLER_0_120_820, 378.65, 334.56, 1.79298
_06736_, 391.052, 334.56, 1.79296
_06747_, 391.052, 334.56, 1.79296
_06871_, 391.052, 334.56, 1.79296
_06873_, 391.052, 334.56, 1.79296
FILLER_0_118_836, 391.052, 334.56, 1.79296
FILLER_0_119_841, 391.052, 334.56, 1.79296
_06794_, 403.455, 334.56, 1.79295
rebuffer28, 403.455, 334.56, 1.79295
FILLER_0_118_857, 403.455, 334.56, 1.79295
FILLER_0_118_865, 403.455, 334.56, 1.79295
_12773_, 415.857, 334.56, 1.79295
PHY_232, 5.52, 329.12, 1.79296
PHY_234, 5.52, 329.12, 1.79296
input37, 5.52, 329.12, 1.79296
PHY_233, 428.26, 329.12, 1.79309
PHY_235, 428.26, 329.12, 1.79309
fanout161, 428.26, 329.12, 1.79309
FILLER_0_118_18, 13.68, 329.12, 1.79296
FILLER_0_117_51, 34.64, 329.12, 1.79294
FILLER_0_118_77, 34.64, 329.12, 1.79294
FILLER_0_117_105, 47.44, 329.12, 1.79293
FILLER_0_116_133, 73.04, 329.12, 1.7929
_11791_, 85.84, 329.12, 1.79288
_11795_, 85.84, 329.12, 1.79288
_11886_, 85.84, 329.12, 1.79288
FILLER_0_117_161, 85.84, 329.12, 1.79288
FILLER_0_117_181, 85.84, 329.12, 1.79288
_11793_, 98.64, 329.12, 1.79287
_11794_, 98.64, 329.12, 1.79287
FILLER_0_116_189, 98.64, 329.12, 1.79287
_11964_, 111.44, 329.12, 1.79287
_12043_, 111.44, 329.12, 1.79287
FILLER_0_116_227, 111.44, 329.12, 1.79287
FILLER_0_117_237, 111.44, 329.12, 1.79287
_11566_, 124.24, 329.12, 1.79287
_11685_, 124.24, 329.12, 1.79287
_11686_, 124.24, 329.12, 1.79287
_11779_, 124.24, 329.12, 1.79287
clkbuf_4_6_0_clk, 124.24, 329.12, 1.79287
_11560_, 137.04, 329.12, 1.79291
_11561_, 137.04, 329.12, 1.79291
_11564_, 137.04, 329.12, 1.79291
FILLER_0_117_281, 137.04, 329.12, 1.79291
_10723_, 149.84, 329.12, 1.79295
_11440_, 149.84, 329.12, 1.79295
_11670_, 149.84, 329.12, 1.79295
_11780_, 149.84, 329.12, 1.79295
_11781_, 149.84, 329.12, 1.79295
FILLER_0_116_304, 149.84, 329.12, 1.79295
FILLER_0_117_314, 149.84, 329.12, 1.79295
FILLER_0_117_325, 149.84, 329.12, 1.79295
_09659_, 162.64, 329.12, 1.79299
_09823_, 162.64, 329.12, 1.79299
_09868_, 162.64, 329.12, 1.79299
_11563_, 162.64, 329.12, 1.79299
FILLER_0_117_333, 162.64, 329.12, 1.79299
FILLER_0_117_347, 162.64, 329.12, 1.79299
FILLER_0_118_350, 162.64, 329.12, 1.79299
_07206_, 188.24, 329.12, 1.793
_09480_, 188.24, 329.12, 1.793
FILLER_0_117_393, 188.24, 329.12, 1.793
_07365_, 201.04, 329.12, 1.79298
_07936_, 201.04, 329.12, 1.79298
_09598_, 201.04, 329.12, 1.79298
FILLER_0_118_429, 201.04, 329.12, 1.79298
_07157_, 213.84, 329.12, 1.79299
_07178_, 213.84, 329.12, 1.79299
FILLER_0_117_441, 213.84, 329.12, 1.79299
_07928_, 226.64, 329.12, 1.79299
_07929_, 226.64, 329.12, 1.79299
_07934_, 226.64, 329.12, 1.79299
_07937_, 226.64, 329.12, 1.79299
FILLER_0_116_470, 226.64, 329.12, 1.79299
FILLER_0_116_477, 226.64, 329.12, 1.79299
_06792_, 239.44, 329.12, 1.793
_07992_, 239.44, 329.12, 1.793
_07993_, 239.44, 329.12, 1.793
_07994_, 239.44, 329.12, 1.793
rebuffer33, 239.44, 329.12, 1.793
FILLER_0_116_502, 239.44, 329.12, 1.793
FILLER_0_117_518, 239.44, 329.12, 1.793
_07933_, 252.24, 329.12, 1.79302
_07957_, 252.24, 329.12, 1.79302
_08011_, 252.24, 329.12, 1.79302
_08012_, 252.24, 329.12, 1.79302
_08013_, 252.24, 329.12, 1.79302
_08014_, 252.24, 329.12, 1.79302
_08187_, 252.24, 329.12, 1.79302
FILLER_0_118_545, 252.24, 329.12, 1.79302
_08188_, 265.04, 329.12, 1.79304
_08190_, 265.04, 329.12, 1.79304
_12721_, 265.04, 329.12, 1.79304
_06395_, 277.84, 329.12, 1.79307
_08196_, 277.84, 329.12, 1.79307
_08228_, 277.84, 329.12, 1.79307
FILLER_0_117_585, 277.84, 329.12, 1.79307
FILLER_0_117_593, 277.84, 329.12, 1.79307
_08227_, 290.64, 329.12, 1.7931
_08229_, 290.64, 329.12, 1.7931
_08230_, 290.64, 329.12, 1.7931
_08232_, 290.64, 329.12, 1.7931
_08233_, 290.64, 329.12, 1.7931
_08234_, 290.64, 329.12, 1.7931
FILLER_0_116_618, 290.64, 329.12, 1.7931
FILLER_0_117_629, 290.64, 329.12, 1.7931
FILLER_0_118_620, 290.64, 329.12, 1.7931
_07765_, 303.44, 329.12, 1.79313
_08317_, 303.44, 329.12, 1.79313
_08318_, 303.44, 329.12, 1.79313
_08319_, 303.44, 329.12, 1.79313
FILLER_0_116_635, 303.44, 329.12, 1.79313
FILLER_0_117_640, 303.44, 329.12, 1.79313
FILLER_0_117_650, 303.44, 329.12, 1.79313
FILLER_0_118_657, 303.44, 329.12, 1.79313
_08328_, 316.24, 329.12, 1.79317
_08334_, 316.24, 329.12, 1.79317
_12714_, 316.24, 329.12, 1.79317
ANTENNA_96, 316.24, 329.12, 1.79317
ANTENNA_98, 316.24, 329.12, 1.79317
FILLER_0_117_669, 316.24, 329.12, 1.79317
FILLER_0_117_673, 316.24, 329.12, 1.79317
_06293_, 341.442, 329.12, 1.79318
_06328_, 341.442, 329.12, 1.79318
_06333_, 341.442, 329.12, 1.79318
_06351_, 353.845, 329.12, 1.79315
_06568_, 353.845, 329.12, 1.79315
FILLER_0_116_753, 353.845, 329.12, 1.79315
_06396_, 366.247, 329.12, 1.79313
_06740_, 366.247, 329.12, 1.79313
rebuffer34, 366.247, 329.12, 1.79313
FILLER_0_117_780, 366.247, 329.12, 1.79313
FILLER_0_117_797, 366.247, 329.12, 1.79313
_06311_, 378.65, 329.12, 1.79311
_06645_, 378.65, 329.12, 1.79311
_06651_, 378.65, 329.12, 1.79311
_06653_, 378.65, 329.12, 1.79311
_06656_, 378.65, 329.12, 1.79311
FILLER_0_118_813, 378.65, 329.12, 1.79311
_06793_, 391.052, 329.12, 1.7931
_06802_, 391.052, 329.12, 1.7931
_06872_, 391.052, 329.12, 1.7931
_07081_, 391.052, 329.12, 1.7931
FILLER_0_117_829, 391.052, 329.12, 1.7931
FILLER_0_117_837, 391.052, 329.12, 1.7931
FILLER_0_117_841, 391.052, 329.12, 1.7931
_06746_, 403.455, 329.12, 1.79309
FILLER_0_116_865, 403.455, 329.12, 1.79309
FILLER_0_117_852, 403.455, 329.12, 1.79309
FILLER_0_117_889, 415.857, 329.12, 1.79309
FILLER_0_118_905, 415.857, 329.12, 1.79309
PHY_228, 5.52, 323.68, 1.79299
PHY_230, 5.52, 323.68, 1.79299
PHY_229, 428.26, 323.68, 1.79313
PHY_231, 428.26, 323.68, 1.79313
FILLER_0_115_909, 428.26, 323.68, 1.79313
ANTENNA_17, 34.64, 323.68, 1.79299
ANTENNA_18, 34.64, 323.68, 1.79299
ANTENNA_19, 34.64, 323.68, 1.79299
FILLER_0_115_51, 34.64, 323.68, 1.79299
FILLER_0_116_77, 34.64, 323.68, 1.79299
FILLER_0_114_81, 47.44, 323.68, 1.79299
FILLER_0_115_105, 47.44, 323.68, 1.79299
FILLER_0_114_133, 73.04, 323.68, 1.79299
_11887_, 85.84, 323.68, 1.793
_11967_, 85.84, 323.68, 1.793
_12046_, 85.84, 323.68, 1.793
FILLER_0_115_161, 85.84, 323.68, 1.793
_11883_, 98.64, 323.68, 1.793
_11960_, 98.64, 323.68, 1.793
_11965_, 98.64, 323.68, 1.793
FILLER_0_116_209, 98.64, 323.68, 1.793
_11872_, 111.44, 323.68, 1.79301
_11873_, 111.44, 323.68, 1.79301
_11874_, 111.44, 323.68, 1.79301
_12044_, 111.44, 323.68, 1.79301
FILLER_0_115_217, 111.44, 323.68, 1.79301
FILLER_0_115_225, 111.44, 323.68, 1.79301
FILLER_0_115_233, 111.44, 323.68, 1.79301
_11459_, 124.24, 323.68, 1.79302
_11568_, 124.24, 323.68, 1.79302
_11569_, 124.24, 323.68, 1.79302
ANTENNA_183, 124.24, 323.68, 1.79302
FILLER_0_114_246, 124.24, 323.68, 1.79302
FILLER_0_115_253, 124.24, 323.68, 1.79302
FILLER_0_115_263, 124.24, 323.68, 1.79302
_11336_, 137.04, 323.68, 1.79304
_11442_, 137.04, 323.68, 1.79304
_11444_, 137.04, 323.68, 1.79304
_11445_, 137.04, 323.68, 1.79304
_11559_, 137.04, 323.68, 1.79304
_11567_, 137.04, 323.68, 1.79304
FILLER_0_115_281, 137.04, 323.68, 1.79304
FILLER_0_115_294, 137.04, 323.68, 1.79304
FILLER_0_116_294, 137.04, 323.68, 1.79304
_10393_, 149.84, 323.68, 1.79306
_11441_, 149.84, 323.68, 1.79306
_11456_, 149.84, 323.68, 1.79306
FILLER_0_114_302, 149.84, 323.68, 1.79306
FILLER_0_114_309, 149.84, 323.68, 1.79306
FILLER_0_116_316, 149.84, 323.68, 1.79306
_07922_, 162.64, 323.68, 1.79308
_09623_, 162.64, 323.68, 1.79308
_09793_, 162.64, 323.68, 1.79308
_10353_, 162.64, 323.68, 1.79308
FILLER_0_115_331, 162.64, 323.68, 1.79308
FILLER_0_115_337, 162.64, 323.68, 1.79308
FILLER_0_116_342, 162.64, 323.68, 1.79308
_07082_, 188.24, 323.68, 1.79311
_07942_, 188.24, 323.68, 1.79311
_09599_, 188.24, 323.68, 1.79311
_09773_, 188.24, 323.68, 1.79311
rebuffer50, 188.24, 323.68, 1.79311
FILLER_0_114_389, 188.24, 323.68, 1.79311
FILLER_0_115_399, 188.24, 323.68, 1.79311
_07921_, 201.04, 323.68, 1.79311
_07931_, 201.04, 323.68, 1.79311
_07941_, 201.04, 323.68, 1.79311
_09595_, 201.04, 323.68, 1.79311
_09596_, 201.04, 323.68, 1.79311
FILLER_0_114_416, 201.04, 323.68, 1.79311
FILLER_0_114_421, 201.04, 323.68, 1.79311
FILLER_0_115_426, 201.04, 323.68, 1.79311
_07935_, 213.84, 323.68, 1.79312
_07938_, 213.84, 323.68, 1.79312
_07939_, 213.84, 323.68, 1.79312
_07940_, 213.84, 323.68, 1.79312
_07944_, 213.84, 323.68, 1.79312
_07945_, 213.84, 323.68, 1.79312
FILLER_0_115_445, 213.84, 323.68, 1.79312
FILLER_0_115_449, 213.84, 323.68, 1.79312
FILLER_0_115_465, 213.84, 323.68, 1.79312
_07930_, 226.64, 323.68, 1.79313
_07950_, 226.64, 323.68, 1.79313
_07987_, 226.64, 323.68, 1.79313
FILLER_0_116_494, 226.64, 323.68, 1.79313
_07997_, 239.44, 323.68, 1.79314
FILLER_0_114_504, 239.44, 323.68, 1.79314
FILLER_0_116_520, 239.44, 323.68, 1.79314
_07956_, 252.24, 323.68, 1.79315
_08015_, 252.24, 323.68, 1.79315
_08019_, 252.24, 323.68, 1.79315
FILLER_0_116_545, 252.24, 323.68, 1.79315
_07799_, 265.04, 323.68, 1.79316
_08189_, 265.04, 323.68, 1.79316
_08191_, 265.04, 323.68, 1.79316
_08192_, 265.04, 323.68, 1.79316
_08195_, 265.04, 323.68, 1.79316
FILLER_0_115_553, 265.04, 323.68, 1.79316
FILLER_0_116_577, 265.04, 323.68, 1.79316
_06569_, 277.84, 323.68, 1.79318
_08207_, 277.84, 323.68, 1.79318
ANTENNA_187, 277.84, 323.68, 1.79318
FILLER_0_114_579, 277.84, 323.68, 1.79318
FILLER_0_115_584, 277.84, 323.68, 1.79318
_08235_, 290.64, 323.68, 1.7932
_08236_, 290.64, 323.68, 1.7932
_08237_, 290.64, 323.68, 1.7932
_08238_, 290.64, 323.68, 1.7932
_08241_, 290.64, 323.68, 1.7932
_08252_, 290.64, 323.68, 1.7932
FILLER_0_115_610, 290.64, 323.68, 1.7932
FILLER_0_115_632, 290.64, 323.68, 1.7932
_07761_, 303.44, 323.68, 1.79323
_08324_, 303.44, 323.68, 1.79323
_08337_, 303.44, 323.68, 1.79323
FILLER_0_116_653, 303.44, 323.68, 1.79323
_08329_, 316.24, 323.68, 1.79326
_08330_, 316.24, 323.68, 1.79326
_08336_, 316.24, 323.68, 1.79326
_08350_, 316.24, 323.68, 1.79326
FILLER_0_115_668, 316.24, 323.68, 1.79326
_06307_, 341.442, 323.68, 1.79325
_06955_, 341.442, 323.68, 1.79325
_06956_, 341.442, 323.68, 1.79325
_07104_, 341.442, 323.68, 1.79325
_07176_, 341.442, 323.68, 1.79325
rebuffer8, 341.442, 323.68, 1.79325
FILLER_0_115_721, 341.442, 323.68, 1.79325
_06509_, 353.845, 323.68, 1.79322
_06624_, 353.845, 323.68, 1.79322
_06625_, 353.845, 323.68, 1.79322
_06627_, 353.845, 323.68, 1.79322
_06628_, 353.845, 323.68, 1.79322
_06655_, 353.845, 323.68, 1.79322
rebuffer49, 353.845, 323.68, 1.79322
_06622_, 366.247, 323.68, 1.79319
_06647_, 366.247, 323.68, 1.79319
_06652_, 366.247, 323.68, 1.79319
_06741_, 366.247, 323.68, 1.79319
_06743_, 366.247, 323.68, 1.79319
_07604_, 366.247, 323.68, 1.79319
rebuffer9, 366.247, 323.68, 1.79319
FILLER_0_115_785, 366.247, 323.68, 1.79319
FILLER_0_116_794, 366.247, 323.68, 1.79319
_06649_, 378.65, 323.68, 1.79317
_06650_, 378.65, 323.68, 1.79317
_06654_, 378.65, 323.68, 1.79317
_06739_, 378.65, 323.68, 1.79317
FILLER_0_115_822, 378.65, 323.68, 1.79317
_06738_, 391.052, 323.68, 1.79315
_06742_, 391.052, 323.68, 1.79315
_06744_, 391.052, 323.68, 1.79315
_06745_, 391.052, 323.68, 1.79315
_06800_, 391.052, 323.68, 1.79315
_06801_, 391.052, 323.68, 1.79315
_06875_, 391.052, 323.68, 1.79315
rebuffer27, 391.052, 323.68, 1.79315
FILLER_0_114_833, 391.052, 323.68, 1.79315
rebuffer18, 403.455, 323.68, 1.79314
_12726_, 415.857, 323.68, 1.79313
FILLER_0_114_889, 415.857, 323.68, 1.79313
FILLER_0_115_885, 415.857, 323.68, 1.79313
FILLER_0_115_893, 415.857, 323.68, 1.79313
_12664_, 5.52, 318.24, 1.79292
PHY_224, 5.52, 318.24, 1.79292
PHY_226, 5.52, 318.24, 1.79292
output71, 5.52, 318.24, 1.79292
FILLER_0_114_3, 5.52, 318.24, 1.79292
PHY_225, 428.26, 318.24, 1.79326
PHY_227, 428.26, 318.24, 1.79326
input31, 428.26, 318.24, 1.79326
FILLER_0_113_909, 428.26, 318.24, 1.79326
clkbuf_4_5_0_clk, 34.64, 318.24, 1.79292
FILLER_0_113_53, 34.64, 318.24, 1.79292
FILLER_0_114_73, 34.64, 318.24, 1.79292
FILLER_0_113_105, 47.44, 318.24, 1.79293
_11966_, 73.04, 318.24, 1.79294
_11968_, 73.04, 318.24, 1.79294
_11970_, 73.04, 318.24, 1.79294
_12047_, 73.04, 318.24, 1.79294
FILLER_0_112_133, 73.04, 318.24, 1.79294
FILLER_0_112_141, 73.04, 318.24, 1.79294
FILLER_0_113_137, 73.04, 318.24, 1.79294
FILLER_0_113_145, 73.04, 318.24, 1.79294
FILLER_0_114_153, 73.04, 318.24, 1.79294
_11871_, 85.84, 318.24, 1.79295
_11882_, 85.84, 318.24, 1.79295
_11884_, 85.84, 318.24, 1.79295
_11969_, 85.84, 318.24, 1.79295
_12041_, 85.84, 318.24, 1.79295
FILLER_0_113_181, 85.84, 318.24, 1.79295
_12042_, 98.64, 318.24, 1.79297
_12045_, 98.64, 318.24, 1.79297
FILLER_0_112_191, 98.64, 318.24, 1.79297
FILLER_0_112_197, 98.64, 318.24, 1.79297
_11338_, 111.44, 318.24, 1.79298
_11435_, 111.44, 318.24, 1.79298
_11460_, 111.44, 318.24, 1.79298
_11546_, 111.44, 318.24, 1.79298
FILLER_0_113_244, 111.44, 318.24, 1.79298
_11446_, 124.24, 318.24, 1.79301
_11457_, 124.24, 318.24, 1.79301
_11458_, 124.24, 318.24, 1.79301
_11570_, 124.24, 318.24, 1.79301
_11571_, 124.24, 318.24, 1.79301
_11572_, 124.24, 318.24, 1.79301
_11689_, 124.24, 318.24, 1.79301
FILLER_0_114_260, 124.24, 318.24, 1.79301
FILLER_0_114_268, 124.24, 318.24, 1.79301
_11337_, 137.04, 318.24, 1.79304
_11436_, 137.04, 318.24, 1.79304
_11443_, 137.04, 318.24, 1.79304
FILLER_0_112_283, 137.04, 318.24, 1.79304
_11453_, 149.84, 318.24, 1.79308
_11455_, 149.84, 318.24, 1.79308
_11548_, 149.84, 318.24, 1.79308
FILLER_0_112_305, 149.84, 318.24, 1.79308
FILLER_0_113_310, 149.84, 318.24, 1.79308
FILLER_0_113_320, 149.84, 318.24, 1.79308
_07925_, 162.64, 318.24, 1.79312
_11333_, 162.64, 318.24, 1.79312
_11454_, 162.64, 318.24, 1.79312
_12734_, 162.64, 318.24, 1.79312
FILLER_0_113_333, 162.64, 318.24, 1.79312
FILLER_0_113_350, 162.64, 318.24, 1.79312
_09597_, 188.24, 318.24, 1.79318
_09769_, 188.24, 318.24, 1.79318
_09770_, 188.24, 318.24, 1.79318
_09771_, 188.24, 318.24, 1.79318
_09774_, 188.24, 318.24, 1.79318
_09775_, 188.24, 318.24, 1.79318
FILLER_0_113_386, 188.24, 318.24, 1.79318
FILLER_0_114_404, 188.24, 318.24, 1.79318
_07946_, 201.04, 318.24, 1.79318
_07952_, 201.04, 318.24, 1.79318
_09601_, 201.04, 318.24, 1.79318
FILLER_0_114_429, 201.04, 318.24, 1.79318
_07948_, 213.84, 318.24, 1.79319
_07949_, 213.84, 318.24, 1.79319
_07951_, 213.84, 318.24, 1.79319
_07984_, 213.84, 318.24, 1.79319
_07988_, 213.84, 318.24, 1.79319
FILLER_0_113_449, 213.84, 318.24, 1.79319
_07745_, 226.64, 318.24, 1.79321
_07947_, 226.64, 318.24, 1.79321
FILLER_0_112_469, 226.64, 318.24, 1.79321
FILLER_0_112_477, 226.64, 318.24, 1.79321
FILLER_0_113_480, 226.64, 318.24, 1.79321
FILLER_0_113_488, 226.64, 318.24, 1.79321
_07995_, 239.44, 318.24, 1.79323
_07996_, 239.44, 318.24, 1.79323
_07998_, 239.44, 318.24, 1.79323
_07999_, 239.44, 318.24, 1.79323
_08001_, 239.44, 318.24, 1.79323
FILLER_0_112_498, 239.44, 318.24, 1.79323
FILLER_0_112_506, 239.44, 318.24, 1.79323
FILLER_0_113_497, 239.44, 318.24, 1.79323
FILLER_0_114_520, 239.44, 318.24, 1.79323
_08016_, 252.24, 318.24, 1.79325
_08017_, 252.24, 318.24, 1.79325
_08020_, 252.24, 318.24, 1.79325
FILLER_0_114_549, 252.24, 318.24, 1.79325
_08193_, 265.04, 318.24, 1.79327
_08194_, 265.04, 318.24, 1.79327
_08197_, 265.04, 318.24, 1.79327
_08198_, 265.04, 318.24, 1.79327
FILLER_0_113_551, 265.04, 318.24, 1.79327
_08208_, 277.84, 318.24, 1.79329
_08209_, 277.84, 318.24, 1.79329
_08278_, 277.84, 318.24, 1.79329
_08279_, 277.84, 318.24, 1.79329
FILLER_0_112_589, 277.84, 318.24, 1.79329
FILLER_0_113_582, 277.84, 318.24, 1.79329
FILLER_0_113_598, 277.84, 318.24, 1.79329
FILLER_0_114_601, 277.84, 318.24, 1.79329
_08206_, 290.64, 318.24, 1.79332
_08283_, 290.64, 318.24, 1.79332
_08284_, 290.64, 318.24, 1.79332
_08285_, 290.64, 318.24, 1.79332
FILLER_0_113_613, 290.64, 318.24, 1.79332
FILLER_0_113_629, 290.64, 318.24, 1.79332
_08245_, 303.44, 318.24, 1.79335
_08280_, 303.44, 318.24, 1.79335
_08281_, 303.44, 318.24, 1.79335
FILLER_0_114_657, 303.44, 318.24, 1.79335
_08288_, 316.24, 318.24, 1.79338
_08342_, 316.24, 318.24, 1.79338
_08343_, 316.24, 318.24, 1.79338
FILLER_0_112_664, 316.24, 318.24, 1.79338
FILLER_0_113_665, 316.24, 318.24, 1.79338
_06392_, 341.442, 318.24, 1.79337
_06737_, 341.442, 318.24, 1.79337
FILLER_0_113_729, 341.442, 318.24, 1.79337
FILLER_0_114_737, 341.442, 318.24, 1.79337
_06320_, 353.845, 318.24, 1.79335
_06626_, 353.845, 318.24, 1.79335
FILLER_0_112_746, 353.845, 318.24, 1.79335
FILLER_0_113_765, 353.845, 318.24, 1.79335
_06508_, 366.247, 318.24, 1.79332
_06646_, 366.247, 318.24, 1.79332
_06648_, 366.247, 318.24, 1.79332
FILLER_0_112_780, 366.247, 318.24, 1.79332
FILLER_0_113_797, 366.247, 318.24, 1.79332
_06874_, 378.65, 318.24, 1.7933
_07472_, 378.65, 318.24, 1.7933
_07479_, 378.65, 318.24, 1.7933
FILLER_0_113_821, 378.65, 318.24, 1.7933
FILLER_0_114_813, 378.65, 318.24, 1.7933
_06876_, 391.052, 318.24, 1.79328
_07476_, 391.052, 318.24, 1.79328
_07477_, 391.052, 318.24, 1.79328
_07483_, 391.052, 318.24, 1.79328
FILLER_0_113_835, 391.052, 318.24, 1.79328
_07478_, 403.455, 318.24, 1.79327
_07484_, 403.455, 318.24, 1.79327
_12725_, 403.455, 318.24, 1.79327
FILLER_0_113_853, 403.455, 318.24, 1.79327
FILLER_0_113_861, 403.455, 318.24, 1.79327
_12728_, 415.857, 318.24, 1.79326
FILLER_0_112_888, 415.857, 318.24, 1.79326
FILLER_0_113_891, 415.857, 318.24, 1.79326
PHY_220, 5.52, 312.8, 1.79301
PHY_222, 5.52, 312.8, 1.79301
PHY_221, 428.26, 312.8, 1.79336
PHY_223, 428.26, 312.8, 1.79336
FILLER_0_111_909, 428.26, 312.8, 1.79336
FILLER_0_111_51, 34.64, 312.8, 1.79302
FILLER_0_112_76, 34.64, 312.8, 1.79302
FILLER_0_111_105, 47.44, 312.8, 1.79302
_11971_, 73.04, 312.8, 1.79303
_12048_, 73.04, 312.8, 1.79303
_12049_, 73.04, 312.8, 1.79303
FILLER_0_110_133, 73.04, 312.8, 1.79303
FILLER_0_110_141, 73.04, 312.8, 1.79303
FILLER_0_111_137, 73.04, 312.8, 1.79303
_11688_, 85.84, 312.8, 1.79304
_11691_, 85.84, 312.8, 1.79304
_11692_, 85.84, 312.8, 1.79304
_11766_, 85.84, 312.8, 1.79304
_11796_, 85.84, 312.8, 1.79304
_11797_, 85.84, 312.8, 1.79304
_11866_, 98.64, 312.8, 1.79305
_11867_, 98.64, 312.8, 1.79305
_11868_, 98.64, 312.8, 1.79305
_11870_, 98.64, 312.8, 1.79305
_11957_, 98.64, 312.8, 1.79305
FILLER_0_111_196, 98.64, 312.8, 1.79305
_11573_, 111.44, 312.8, 1.79308
_11669_, 111.44, 312.8, 1.79308
FILLER_0_110_224, 111.44, 312.8, 1.79308
FILLER_0_111_218, 111.44, 312.8, 1.79308
FILLER_0_112_236, 111.44, 312.8, 1.79308
FILLER_0_110_248, 124.24, 312.8, 1.7931
_11551_, 137.04, 312.8, 1.79313
_11654_, 137.04, 312.8, 1.79313
_11655_, 137.04, 312.8, 1.79313
FILLER_0_111_273, 137.04, 312.8, 1.79313
FILLER_0_111_293, 137.04, 312.8, 1.79313
_11334_, 149.84, 312.8, 1.79316
_11449_, 149.84, 312.8, 1.79316
_11450_, 149.84, 312.8, 1.79316
_11451_, 149.84, 312.8, 1.79316
_11547_, 149.84, 312.8, 1.79316
FILLER_0_110_301, 149.84, 312.8, 1.79316
FILLER_0_110_309, 149.84, 312.8, 1.79316
FILLER_0_111_304, 149.84, 312.8, 1.79316
FILLER_0_111_313, 149.84, 312.8, 1.79316
_11329_, 162.64, 312.8, 1.7932
_11330_, 162.64, 312.8, 1.7932
_11332_, 162.64, 312.8, 1.7932
_11452_, 162.64, 312.8, 1.7932
_11549_, 162.64, 312.8, 1.7932
FILLER_0_110_331, 162.64, 312.8, 1.7932
FILLER_0_111_337, 162.64, 312.8, 1.7932
FILLER_0_111_345, 162.64, 312.8, 1.7932
FILLER_0_112_355, 162.64, 312.8, 1.7932
_07926_, 188.24, 312.8, 1.79324
_07943_, 188.24, 312.8, 1.79324
_09594_, 188.24, 312.8, 1.79324
_09600_, 188.24, 312.8, 1.79324
_09602_, 188.24, 312.8, 1.79324
_09991_, 188.24, 312.8, 1.79324
FILLER_0_110_397, 188.24, 312.8, 1.79324
FILLER_0_111_389, 188.24, 312.8, 1.79324
FILLER_0_111_400, 188.24, 312.8, 1.79324
FILLER_0_112_401, 188.24, 312.8, 1.79324
_07953_, 201.04, 312.8, 1.79325
_09593_, 201.04, 312.8, 1.79325
FILLER_0_110_421, 201.04, 312.8, 1.79325
FILLER_0_111_413, 201.04, 312.8, 1.79325
_07960_, 213.84, 312.8, 1.79327
_07965_, 213.84, 312.8, 1.79327
FILLER_0_111_464, 213.84, 312.8, 1.79327
_07958_, 226.64, 312.8, 1.79328
_07961_, 226.64, 312.8, 1.79328
_07962_, 226.64, 312.8, 1.79328
_07963_, 226.64, 312.8, 1.79328
_07964_, 226.64, 312.8, 1.79328
_07966_, 226.64, 312.8, 1.79328
FILLER_0_110_477, 226.64, 312.8, 1.79328
FILLER_0_112_491, 226.64, 312.8, 1.79328
_07959_, 239.44, 312.8, 1.7933
_08000_, 239.44, 312.8, 1.7933
_08061_, 239.44, 312.8, 1.7933
_08062_, 239.44, 312.8, 1.7933
_08064_, 239.44, 312.8, 1.7933
_08065_, 239.44, 312.8, 1.7933
FILLER_0_111_501, 239.44, 312.8, 1.7933
_08021_, 252.24, 312.8, 1.79332
_08022_, 252.24, 312.8, 1.79332
_08030_, 252.24, 312.8, 1.79332
_08031_, 252.24, 312.8, 1.79332
_08035_, 252.24, 312.8, 1.79332
_08199_, 265.04, 312.8, 1.79334
_08203_, 265.04, 312.8, 1.79334
_08214_, 265.04, 312.8, 1.79334
FILLER_0_110_555, 265.04, 312.8, 1.79334
FILLER_0_111_553, 265.04, 312.8, 1.79334
FILLER_0_111_561, 265.04, 312.8, 1.79334
FILLER_0_111_573, 265.04, 312.8, 1.79334
FILLER_0_112_569, 265.04, 312.8, 1.79334
FILLER_0_112_578, 265.04, 312.8, 1.79334
_08204_, 277.84, 312.8, 1.79337
_08205_, 277.84, 312.8, 1.79337
_08210_, 277.84, 312.8, 1.79337
FILLER_0_110_580, 277.84, 312.8, 1.79337
FILLER_0_112_605, 277.84, 312.8, 1.79337
_08243_, 290.64, 312.8, 1.7934
_08247_, 290.64, 312.8, 1.7934
FILLER_0_110_613, 290.64, 312.8, 1.7934
FILLER_0_111_629, 290.64, 312.8, 1.7934
FILLER_0_112_621, 290.64, 312.8, 1.7934
_08246_, 303.44, 312.8, 1.79343
_08248_, 303.44, 312.8, 1.79343
_08282_, 303.44, 312.8, 1.79343
_08290_, 303.44, 312.8, 1.79343
_08369_, 303.44, 312.8, 1.79343
FILLER_0_111_643, 303.44, 312.8, 1.79343
_08286_, 316.24, 312.8, 1.79346
_08287_, 316.24, 312.8, 1.79346
_08289_, 316.24, 312.8, 1.79346
_08292_, 316.24, 312.8, 1.79346
_08358_, 316.24, 312.8, 1.79346
FILLER_0_111_662, 316.24, 312.8, 1.79346
FILLER_0_112_686, 316.24, 312.8, 1.79346
_06623_, 341.442, 312.8, 1.79346
_06795_, 341.442, 312.8, 1.79346
_08515_, 341.442, 312.8, 1.79346
_08519_, 341.442, 312.8, 1.79346
_08521_, 341.442, 312.8, 1.79346
_08522_, 341.442, 312.8, 1.79346
_09165_, 341.442, 312.8, 1.79346
_09168_, 341.442, 312.8, 1.79346
FILLER_0_110_725, 341.442, 312.8, 1.79346
FILLER_0_111_725, 341.442, 312.8, 1.79346
_06294_, 353.845, 312.8, 1.79343
_06353_, 353.845, 312.8, 1.79343
_06882_, 353.845, 312.8, 1.79343
_06889_, 353.845, 312.8, 1.79343
_07080_, 353.845, 312.8, 1.79343
_08520_, 353.845, 312.8, 1.79343
_09164_, 353.845, 312.8, 1.79343
FILLER_0_110_747, 353.845, 312.8, 1.79343
_06879_, 366.247, 312.8, 1.79341
_06942_, 366.247, 312.8, 1.79341
_06944_, 366.247, 312.8, 1.79341
_06946_, 366.247, 312.8, 1.79341
FILLER_0_110_777, 366.247, 312.8, 1.79341
FILLER_0_111_772, 366.247, 312.8, 1.79341
_06943_, 378.65, 312.8, 1.79339
_07473_, 378.65, 312.8, 1.79339
_07474_, 378.65, 312.8, 1.79339
_07475_, 378.65, 312.8, 1.79339
FILLER_0_110_808, 378.65, 312.8, 1.79339
FILLER_0_112_813, 378.65, 312.8, 1.79339
FILLER_0_112_824, 378.65, 312.8, 1.79339
_07481_, 391.052, 312.8, 1.79338
_07482_, 391.052, 312.8, 1.79338
_07487_, 391.052, 312.8, 1.79338
FILLER_0_110_832, 391.052, 312.8, 1.79338
FILLER_0_111_827, 391.052, 312.8, 1.79338
FILLER_0_111_847, 391.052, 312.8, 1.79338
_07485_, 403.455, 312.8, 1.79337
_07498_, 403.455, 312.8, 1.79337
_07502_, 403.455, 312.8, 1.79337
_07503_, 403.455, 312.8, 1.79337
FILLER_0_110_863, 403.455, 312.8, 1.79337
_07548_, 415.857, 312.8, 1.79336
_12722_, 415.857, 312.8, 1.79336
_12771_, 5.52, 307.36, 1.79301
PHY_216, 5.52, 307.36, 1.79301
PHY_218, 5.52, 307.36, 1.79301
input50, 5.52, 307.36, 1.79301
PHY_217, 428.26, 307.36, 1.79337
PHY_219, 428.26, 307.36, 1.79337
output90, 428.26, 307.36, 1.79337
FILLER_0_108_913, 428.26, 307.36, 1.79337
FILLER_0_110_77, 34.64, 307.36, 1.79303
FILLER_0_109_105, 47.44, 307.36, 1.79303
_12050_, 73.04, 307.36, 1.79304
_12171_, 73.04, 307.36, 1.79304
_12172_, 73.04, 307.36, 1.79304
FILLER_0_108_133, 73.04, 307.36, 1.79304
FILLER_0_109_137, 73.04, 307.36, 1.79304
FILLER_0_109_159, 73.04, 307.36, 1.79304
FILLER_0_110_153, 73.04, 307.36, 1.79304
_11690_, 85.84, 307.36, 1.79305
_11778_, 85.84, 307.36, 1.79305
_11798_, 85.84, 307.36, 1.79305
_11888_, 85.84, 307.36, 1.79305
_11889_, 85.84, 307.36, 1.79305
FILLER_0_109_181, 85.84, 307.36, 1.79305
FILLER_0_110_180, 85.84, 307.36, 1.79305
_11777_, 98.64, 307.36, 1.79308
_11864_, 98.64, 307.36, 1.79308
_11865_, 98.64, 307.36, 1.79308
_11869_, 98.64, 307.36, 1.79308
_11956_, 98.64, 307.36, 1.79308
FILLER_0_108_197, 98.64, 307.36, 1.79308
FILLER_0_109_203, 98.64, 307.36, 1.79308
_11667_, 111.44, 307.36, 1.79311
_11776_, 111.44, 307.36, 1.79311
_11863_, 111.44, 307.36, 1.79311
max_cap143, 111.44, 307.36, 1.79311
FILLER_0_108_228, 111.44, 307.36, 1.79311
FILLER_0_109_219, 111.44, 307.36, 1.79311
FILLER_0_109_225, 111.44, 307.36, 1.79311
FILLER_0_109_233, 111.44, 307.36, 1.79311
_11662_, 124.24, 307.36, 1.79314
_11665_, 124.24, 307.36, 1.79314
_11666_, 124.24, 307.36, 1.79314
_11772_, 124.24, 307.36, 1.79314
_11773_, 124.24, 307.36, 1.79314
FILLER_0_109_256, 124.24, 307.36, 1.79314
_11658_, 137.04, 307.36, 1.79318
_11659_, 137.04, 307.36, 1.79318
_11660_, 137.04, 307.36, 1.79318
_11770_, 137.04, 307.36, 1.79318
_11771_, 137.04, 307.36, 1.79318
FILLER_0_109_277, 137.04, 307.36, 1.79318
_11322_, 149.84, 307.36, 1.79322
_11447_, 149.84, 307.36, 1.79322
_11448_, 149.84, 307.36, 1.79322
_11550_, 149.84, 307.36, 1.79322
FILLER_0_110_317, 149.84, 307.36, 1.79322
_11179_, 162.64, 307.36, 1.79326
_11331_, 162.64, 307.36, 1.79326
FILLER_0_108_333, 162.64, 307.36, 1.79326
FILLER_0_109_330, 162.64, 307.36, 1.79326
_09592_, 188.24, 307.36, 1.79331
_09603_, 188.24, 307.36, 1.79331
FILLER_0_109_388, 188.24, 307.36, 1.79331
FILLER_0_110_411, 188.24, 307.36, 1.79331
_09609_, 201.04, 307.36, 1.79332
_09610_, 201.04, 307.36, 1.79332
FILLER_0_108_421, 201.04, 307.36, 1.79332
FILLER_0_109_425, 201.04, 307.36, 1.79332
FILLER_0_110_432, 201.04, 307.36, 1.79332
_07968_, 213.84, 307.36, 1.79333
_07971_, 213.84, 307.36, 1.79333
_07973_, 213.84, 307.36, 1.79333
_09607_, 213.84, 307.36, 1.79333
_09608_, 213.84, 307.36, 1.79333
FILLER_0_109_449, 213.84, 307.36, 1.79333
FILLER_0_109_460, 213.84, 307.36, 1.79333
FILLER_0_110_458, 213.84, 307.36, 1.79333
FILLER_0_110_466, 213.84, 307.36, 1.79333
_07967_, 226.64, 307.36, 1.79335
_07969_, 226.64, 307.36, 1.79335
_07977_, 226.64, 307.36, 1.79335
_07979_, 226.64, 307.36, 1.79335
FILLER_0_109_477, 226.64, 307.36, 1.79335
FILLER_0_109_485, 226.64, 307.36, 1.79335
FILLER_0_110_485, 226.64, 307.36, 1.79335
_07954_, 239.44, 307.36, 1.79337
_08018_, 239.44, 307.36, 1.79337
_08032_, 239.44, 307.36, 1.79337
FILLER_0_108_497, 239.44, 307.36, 1.79337
FILLER_0_108_505, 239.44, 307.36, 1.79337
FILLER_0_109_495, 239.44, 307.36, 1.79337
FILLER_0_109_505, 239.44, 307.36, 1.79337
FILLER_0_110_519, 239.44, 307.36, 1.79337
_08023_, 252.24, 307.36, 1.79339
_08024_, 252.24, 307.36, 1.79339
_08029_, 252.24, 307.36, 1.79339
rebuffer22, 252.24, 307.36, 1.79339
FILLER_0_110_547, 252.24, 307.36, 1.79339
_08200_, 265.04, 307.36, 1.79343
_08201_, 265.04, 307.36, 1.79343
_08213_, 265.04, 307.36, 1.79343
_08219_, 265.04, 307.36, 1.79343
_08211_, 277.84, 307.36, 1.79346
_08275_, 277.84, 307.36, 1.79346
FILLER_0_108_583, 277.84, 307.36, 1.79346
FILLER_0_109_588, 277.84, 307.36, 1.79346
_08242_, 290.64, 307.36, 1.79349
_08244_, 290.64, 307.36, 1.79349
_08256_, 290.64, 307.36, 1.79349
_08249_, 303.44, 307.36, 1.79353
_08293_, 303.44, 307.36, 1.79353
_08294_, 303.44, 307.36, 1.79353
_08370_, 303.44, 307.36, 1.79353
FILLER_0_108_641, 303.44, 307.36, 1.79353
FILLER_0_109_653, 303.44, 307.36, 1.79353
FILLER_0_109_661, 303.44, 307.36, 1.79353
_08291_, 316.24, 307.36, 1.79356
_08360_, 316.24, 307.36, 1.79356
_08361_, 316.24, 307.36, 1.79356
FILLER_0_109_669, 316.24, 307.36, 1.79356
FILLER_0_109_673, 316.24, 307.36, 1.79356
FILLER_0_110_685, 316.24, 307.36, 1.79356
_08514_, 341.442, 307.36, 1.79356
_09169_, 341.442, 307.36, 1.79356
FILLER_0_108_725, 341.442, 307.36, 1.79356
FILLER_0_109_718, 341.442, 307.36, 1.79356
FILLER_0_109_724, 341.442, 307.36, 1.79356
_06388_, 353.845, 307.36, 1.79352
_06570_, 353.845, 307.36, 1.79352
_06571_, 353.845, 307.36, 1.79352
FILLER_0_108_750, 353.845, 307.36, 1.79352
_06945_, 366.247, 307.36, 1.79349
_07177_, 366.247, 307.36, 1.79349
FILLER_0_109_777, 366.247, 307.36, 1.79349
FILLER_0_109_791, 366.247, 307.36, 1.79349
_06418_, 378.65, 307.36, 1.79345
_07085_, 378.65, 307.36, 1.79345
_07480_, 378.65, 307.36, 1.79345
_07491_, 378.65, 307.36, 1.79345
FILLER_0_108_804, 378.65, 307.36, 1.79345
FILLER_0_109_821, 378.65, 307.36, 1.79345
_07488_, 391.052, 307.36, 1.79343
_07489_, 391.052, 307.36, 1.79343
_07492_, 391.052, 307.36, 1.79343
_07493_, 391.052, 307.36, 1.79343
_07497_, 391.052, 307.36, 1.79343
FILLER_0_109_833, 391.052, 307.36, 1.79343
_07486_, 403.455, 307.36, 1.7934
_07495_, 403.455, 307.36, 1.7934
_07499_, 403.455, 307.36, 1.7934
_07500_, 403.455, 307.36, 1.7934
FILLER_0_108_853, 403.455, 307.36, 1.7934
FILLER_0_109_865, 403.455, 307.36, 1.7934
FILLER_0_110_869, 403.455, 307.36, 1.7934
_07496_, 415.857, 307.36, 1.79338
_07549_, 415.857, 307.36, 1.79338
_07550_, 415.857, 307.36, 1.79338
_12724_, 415.857, 307.36, 1.79338
FILLER_0_109_905, 415.857, 307.36, 1.79338
PHY_212, 5.52, 301.92, 1.79305
PHY_214, 5.52, 301.92, 1.79305
PHY_213, 428.26, 301.92, 1.79362
PHY_215, 428.26, 301.92, 1.79362
FILLER_0_106_913, 428.26, 301.92, 1.79362
FILLER_0_107_909, 428.26, 301.92, 1.79362
FILLER_0_107_51, 34.64, 301.92, 1.79306
FILLER_0_108_77, 34.64, 301.92, 1.79306
FILLER_0_107_105, 47.44, 301.92, 1.79307
_11735_, 73.04, 301.92, 1.7931
_11972_, 73.04, 301.92, 1.7931
FILLER_0_106_133, 73.04, 301.92, 1.7931
FILLER_0_106_141, 73.04, 301.92, 1.7931
FILLER_0_107_149, 73.04, 301.92, 1.7931
FILLER_0_107_158, 73.04, 301.92, 1.7931
FILLER_0_108_159, 73.04, 301.92, 1.7931
_11732_, 85.84, 301.92, 1.79311
_11734_, 85.84, 301.92, 1.79311
_11737_, 85.84, 301.92, 1.79311
FILLER_0_106_169, 85.84, 301.92, 1.79311
FILLER_0_108_188, 85.84, 301.92, 1.79311
_11767_, 98.64, 301.92, 1.79314
_11862_, 98.64, 301.92, 1.79314
_11958_, 98.64, 301.92, 1.79314
_11959_, 98.64, 301.92, 1.79314
FILLER_0_106_192, 98.64, 301.92, 1.79314
FILLER_0_107_205, 98.64, 301.92, 1.79314
FILLER_0_107_214, 98.64, 301.92, 1.79314
_10478_, 111.44, 301.92, 1.79316
_11668_, 111.44, 301.92, 1.79316
_11774_, 111.44, 301.92, 1.79316
_11775_, 111.44, 301.92, 1.79316
FILLER_0_107_225, 111.44, 301.92, 1.79316
FILLER_0_107_237, 111.44, 301.92, 1.79316
_11554_, 124.24, 301.92, 1.7932
_11557_, 124.24, 301.92, 1.7932
_11661_, 124.24, 301.92, 1.7932
_11663_, 124.24, 301.92, 1.7932
FILLER_0_106_245, 124.24, 301.92, 1.7932
FILLER_0_107_246, 124.24, 301.92, 1.7932
FILLER_0_107_264, 124.24, 301.92, 1.7932
FILLER_0_108_262, 124.24, 301.92, 1.7932
_11335_, 137.04, 301.92, 1.79323
_11552_, 137.04, 301.92, 1.79323
_11553_, 137.04, 301.92, 1.79323
_11555_, 137.04, 301.92, 1.79323
_11656_, 137.04, 301.92, 1.79323
_11657_, 137.04, 301.92, 1.79323
_11768_, 137.04, 301.92, 1.79323
_11769_, 137.04, 301.92, 1.79323
FILLER_0_107_290, 137.04, 301.92, 1.79323
_11183_, 149.84, 301.92, 1.79327
_11556_, 149.84, 301.92, 1.79327
_11036_, 162.64, 301.92, 1.79331
_11037_, 162.64, 301.92, 1.79331
_11176_, 162.64, 301.92, 1.79331
_11180_, 162.64, 301.92, 1.79331
_11181_, 162.64, 301.92, 1.79331
_11182_, 162.64, 301.92, 1.79331
_11323_, 162.64, 301.92, 1.79331
max_cap145, 162.64, 301.92, 1.79331
FILLER_0_107_332, 162.64, 301.92, 1.79331
FILLER_0_108_352, 162.64, 301.92, 1.79331
_09782_, 188.24, 301.92, 1.79337
_09783_, 188.24, 301.92, 1.79337
_09989_, 188.24, 301.92, 1.79337
FILLER_0_107_386, 188.24, 301.92, 1.79337
FILLER_0_107_405, 188.24, 301.92, 1.79337
_09611_, 201.04, 301.92, 1.79338
_09777_, 201.04, 301.92, 1.79338
_09778_, 201.04, 301.92, 1.79338
_09779_, 201.04, 301.92, 1.79338
_09780_, 201.04, 301.92, 1.79338
FILLER_0_107_413, 201.04, 301.92, 1.79338
FILLER_0_108_438, 201.04, 301.92, 1.79338
_07970_, 213.84, 301.92, 1.7934
FILLER_0_107_461, 213.84, 301.92, 1.7934
FILLER_0_108_466, 213.84, 301.92, 1.7934
_07976_, 226.64, 301.92, 1.79342
_07978_, 226.64, 301.92, 1.79342
_07980_, 226.64, 301.92, 1.79342
_07989_, 226.64, 301.92, 1.79342
_07990_, 226.64, 301.92, 1.79342
FILLER_0_108_489, 226.64, 301.92, 1.79342
_08047_, 239.44, 301.92, 1.79344
_08048_, 239.44, 301.92, 1.79344
_08049_, 239.44, 301.92, 1.79344
_08059_, 239.44, 301.92, 1.79344
FILLER_0_107_522, 239.44, 301.92, 1.79344
FILLER_0_108_517, 239.44, 301.92, 1.79344
_08040_, 252.24, 301.92, 1.79347
FILLER_0_106_525, 252.24, 301.92, 1.79347
_08202_, 265.04, 301.92, 1.7935
_08215_, 265.04, 301.92, 1.7935
_08216_, 265.04, 301.92, 1.7935
_08218_, 265.04, 301.92, 1.7935
_08264_, 265.04, 301.92, 1.7935
FILLER_0_107_564, 265.04, 301.92, 1.7935
_08239_, 277.84, 301.92, 1.79353
_08265_, 277.84, 301.92, 1.79353
_08272_, 277.84, 301.92, 1.79353
FILLER_0_106_580, 277.84, 301.92, 1.79353
_08253_, 290.64, 301.92, 1.79357
_08268_, 290.64, 301.92, 1.79357
_08276_, 290.64, 301.92, 1.79357
FILLER_0_106_609, 290.64, 301.92, 1.79357
FILLER_0_106_619, 290.64, 301.92, 1.79357
FILLER_0_107_608, 290.64, 301.92, 1.79357
FILLER_0_108_625, 290.64, 301.92, 1.79357
_07924_, 303.44, 301.92, 1.79361
_08277_, 303.44, 301.92, 1.79361
_08295_, 303.44, 301.92, 1.79361
_08296_, 303.44, 301.92, 1.79361
_08331_, 303.44, 301.92, 1.79361
FILLER_0_107_635, 303.44, 301.92, 1.79361
_08339_, 316.24, 301.92, 1.79366
_08341_, 316.24, 301.92, 1.79366
_08349_, 316.24, 301.92, 1.79366
_08364_, 316.24, 301.92, 1.79366
FILLER_0_107_667, 316.24, 301.92, 1.79366
FILLER_0_107_673, 316.24, 301.92, 1.79366
FILLER_0_107_681, 316.24, 301.92, 1.79366
FILLER_0_108_681, 316.24, 301.92, 1.79366
_08504_, 341.442, 301.92, 1.79368
_08512_, 341.442, 301.92, 1.79368
_08523_, 341.442, 301.92, 1.79368
_07468_, 353.845, 301.92, 1.79366
_07626_, 353.845, 301.92, 1.79366
_07627_, 353.845, 301.92, 1.79366
_07629_, 353.845, 301.92, 1.79366
_08505_, 353.845, 301.92, 1.79366
_08507_, 353.845, 301.92, 1.79366
FILLER_0_107_756, 353.845, 301.92, 1.79366
FILLER_0_107_762, 353.845, 301.92, 1.79366
_07606_, 366.247, 301.92, 1.79365
_07609_, 366.247, 301.92, 1.79365
_07611_, 366.247, 301.92, 1.79365
_07628_, 366.247, 301.92, 1.79365
FILLER_0_107_792, 366.247, 301.92, 1.79365
_06452_, 378.65, 301.92, 1.79364
_07568_, 378.65, 301.92, 1.79364
_07569_, 378.65, 301.92, 1.79364
_07570_, 378.65, 301.92, 1.79364
_07571_, 378.65, 301.92, 1.79364
_07607_, 378.65, 301.92, 1.79364
ANTENNA_189, 378.65, 301.92, 1.79364
FILLER_0_107_821, 378.65, 301.92, 1.79364
_07490_, 391.052, 301.92, 1.79363
_07563_, 391.052, 301.92, 1.79363
_07567_, 391.052, 301.92, 1.79363
FILLER_0_106_838, 391.052, 301.92, 1.79363
FILLER_0_107_835, 391.052, 301.92, 1.79363
FILLER_0_107_841, 391.052, 301.92, 1.79363
_07469_, 403.455, 301.92, 1.79362
_07501_, 403.455, 301.92, 1.79362
_07547_, 403.455, 301.92, 1.79362
_07559_, 403.455, 301.92, 1.79362
FILLER_0_106_865, 403.455, 301.92, 1.79362
FILLER_0_107_852, 403.455, 301.92, 1.79362
FILLER_0_108_869, 403.455, 301.92, 1.79362
_07556_, 415.857, 301.92, 1.79362
FILLER_0_107_889, 415.857, 301.92, 1.79362
PHY_208, 5.52, 296.48, 1.79299
PHY_210, 5.52, 296.48, 1.79299
PHY_209, 428.26, 296.48, 1.79374
PHY_211, 428.26, 296.48, 1.79374
fanout162, 428.26, 296.48, 1.79374
FILLER_0_105_51, 34.64, 296.48, 1.79291
FILLER_0_106_77, 34.64, 296.48, 1.79291
_11651_, 47.44, 296.48, 1.79283
_11755_, 47.44, 296.48, 1.79283
FILLER_0_104_80, 47.44, 296.48, 1.79283
FILLER_0_104_85, 47.44, 296.48, 1.79283
FILLER_0_104_116, 60.24, 296.48, 1.79285
_11490_, 73.04, 296.48, 1.79286
_11733_, 73.04, 296.48, 1.79286
_11738_, 73.04, 296.48, 1.79286
_11842_, 73.04, 296.48, 1.79286
FILLER_0_104_141, 73.04, 296.48, 1.79286
FILLER_0_105_149, 73.04, 296.48, 1.79286
FILLER_0_105_160, 73.04, 296.48, 1.79286
_11602_, 85.84, 296.48, 1.7929
_11605_, 85.84, 296.48, 1.7929
_11736_, 85.84, 296.48, 1.7929
FILLER_0_105_188, 85.84, 296.48, 1.7929
_11489_, 98.64, 296.48, 1.79296
_11604_, 98.64, 296.48, 1.79296
FILLER_0_105_213, 98.64, 296.48, 1.79296
_11356_, 111.44, 296.48, 1.79302
_11358_, 111.44, 296.48, 1.79302
FILLER_0_104_226, 111.44, 296.48, 1.79302
FILLER_0_105_221, 111.44, 296.48, 1.79302
_11357_, 124.24, 296.48, 1.79309
_11558_, 124.24, 296.48, 1.79309
_07448_, 137.04, 296.48, 1.79316
_11437_, 137.04, 296.48, 1.79316
_11439_, 137.04, 296.48, 1.79316
_11664_, 137.04, 296.48, 1.79316
FILLER_0_105_277, 137.04, 296.48, 1.79316
FILLER_0_106_290, 137.04, 296.48, 1.79316
FILLER_0_106_298, 137.04, 296.48, 1.79316
_09804_, 149.84, 296.48, 1.79323
_11033_, 149.84, 296.48, 1.79323
_11038_, 149.84, 296.48, 1.79323
_11184_, 149.84, 296.48, 1.79323
_11185_, 149.84, 296.48, 1.79323
FILLER_0_104_303, 149.84, 296.48, 1.79323
FILLER_0_104_309, 149.84, 296.48, 1.79323
FILLER_0_105_305, 149.84, 296.48, 1.79323
_10321_, 162.64, 296.48, 1.79331
_11034_, 162.64, 296.48, 1.79331
FILLER_0_106_351, 162.64, 296.48, 1.79331
_09781_, 188.24, 296.48, 1.79341
_09784_, 188.24, 296.48, 1.79341
_09785_, 188.24, 296.48, 1.79341
_09992_, 188.24, 296.48, 1.79341
_09993_, 188.24, 296.48, 1.79341
FILLER_0_105_385, 188.24, 296.48, 1.79341
FILLER_0_106_400, 188.24, 296.48, 1.79341
_07972_, 201.04, 296.48, 1.79343
_09612_, 201.04, 296.48, 1.79343
_09613_, 201.04, 296.48, 1.79343
_09614_, 201.04, 296.48, 1.79343
FILLER_0_104_425, 201.04, 296.48, 1.79343
FILLER_0_105_433, 201.04, 296.48, 1.79343
_07449_, 213.84, 296.48, 1.79346
_07955_, 213.84, 296.48, 1.79346
_07975_, 213.84, 296.48, 1.79346
_08010_, 213.84, 296.48, 1.79346
FILLER_0_104_443, 213.84, 296.48, 1.79346
FILLER_0_106_466, 213.84, 296.48, 1.79346
_09605_, 226.64, 296.48, 1.79349
FILLER_0_104_473, 226.64, 296.48, 1.79349
_08025_, 239.44, 296.48, 1.79352
_08033_, 239.44, 296.48, 1.79352
FILLER_0_105_495, 239.44, 296.48, 1.79352
_07890_, 252.24, 296.48, 1.79355
_08034_, 252.24, 296.48, 1.79355
_08036_, 252.24, 296.48, 1.79355
_08041_, 252.24, 296.48, 1.79355
FILLER_0_104_528, 252.24, 296.48, 1.79355
FILLER_0_104_533, 252.24, 296.48, 1.79355
FILLER_0_105_537, 252.24, 296.48, 1.79355
_08038_, 265.04, 296.48, 1.79359
_08184_, 265.04, 296.48, 1.79359
_08212_, 265.04, 296.48, 1.79359
_08217_, 265.04, 296.48, 1.79359
FILLER_0_104_558, 265.04, 296.48, 1.79359
FILLER_0_105_551, 265.04, 296.48, 1.79359
FILLER_0_105_561, 265.04, 296.48, 1.79359
_08240_, 277.84, 296.48, 1.79363
_08251_, 277.84, 296.48, 1.79363
_08257_, 277.84, 296.48, 1.79363
_08263_, 277.84, 296.48, 1.79363
_08266_, 277.84, 296.48, 1.79363
FILLER_0_105_600, 277.84, 296.48, 1.79363
_08250_, 290.64, 296.48, 1.79367
_08254_, 290.64, 296.48, 1.79367
_08269_, 290.64, 296.48, 1.79367
_08273_, 290.64, 296.48, 1.79367
FILLER_0_104_609, 290.64, 296.48, 1.79367
FILLER_0_105_626, 290.64, 296.48, 1.79367
_07763_, 303.44, 296.48, 1.79372
_08274_, 303.44, 296.48, 1.79372
_08298_, 303.44, 296.48, 1.79372
_08299_, 303.44, 296.48, 1.79372
_08351_, 303.44, 296.48, 1.79372
FILLER_0_104_645, 303.44, 296.48, 1.79372
FILLER_0_105_656, 303.44, 296.48, 1.79372
FILLER_0_106_658, 303.44, 296.48, 1.79372
_08316_, 316.24, 296.48, 1.79377
_08338_, 316.24, 296.48, 1.79377
_08347_, 316.24, 296.48, 1.79377
_08348_, 316.24, 296.48, 1.79377
_08362_, 316.24, 296.48, 1.79377
FILLER_0_104_663, 316.24, 296.48, 1.79377
FILLER_0_105_669, 316.24, 296.48, 1.79377
FILLER_0_105_673, 316.24, 296.48, 1.79377
FILLER_0_106_688, 316.24, 296.48, 1.79377
_08524_, 341.442, 296.48, 1.7938
_09161_, 341.442, 296.48, 1.7938
FILLER_0_105_729, 341.442, 296.48, 1.7938
_07630_, 353.845, 296.48, 1.79379
_08506_, 353.845, 296.48, 1.79379
FILLER_0_104_748, 353.845, 296.48, 1.79379
FILLER_0_104_757, 353.845, 296.48, 1.79379
FILLER_0_105_755, 353.845, 296.48, 1.79379
_07612_, 366.247, 296.48, 1.79377
_07613_, 366.247, 296.48, 1.79377
rebuffer46, 366.247, 296.48, 1.79377
FILLER_0_104_779, 366.247, 296.48, 1.79377
FILLER_0_105_777, 366.247, 296.48, 1.79377
FILLER_0_105_785, 366.247, 296.48, 1.79377
_07572_, 378.65, 296.48, 1.79376
_07620_, 378.65, 296.48, 1.79376
FILLER_0_104_801, 378.65, 296.48, 1.79376
FILLER_0_104_809, 378.65, 296.48, 1.79376
FILLER_0_105_811, 378.65, 296.48, 1.79376
_07494_, 391.052, 296.48, 1.79375
_07562_, 391.052, 296.48, 1.79375
_07614_, 391.052, 296.48, 1.79375
_07618_, 391.052, 296.48, 1.79375
_07573_, 403.455, 296.48, 1.79374
_07574_, 403.455, 296.48, 1.79374
_07576_, 403.455, 296.48, 1.79374
_07654_, 403.455, 296.48, 1.79374
FILLER_0_105_853, 403.455, 296.48, 1.79374
_07566_, 415.857, 296.48, 1.79374
_07577_, 415.857, 296.48, 1.79374
FILLER_0_104_887, 415.857, 296.48, 1.79374
FILLER_0_105_889, 415.857, 296.48, 1.79374
FILLER_0_105_903, 415.857, 296.48, 1.79374
FILLER_0_106_905, 415.857, 296.48, 1.79374
PHY_204, 5.52, 291.04, 1.79291
PHY_206, 5.52, 291.04, 1.79291
PHY_205, 428.26, 291.04, 1.79369
PHY_207, 428.26, 291.04, 1.79369
input53, 428.26, 291.04, 1.79369
_12701_, 34.64, 291.04, 1.79272
FILLER_0_103_51, 34.64, 291.04, 1.79272
FILLER_0_103_57, 34.64, 291.04, 1.79272
_11646_, 47.44, 291.04, 1.79256
_11754_, 47.44, 291.04, 1.79256
_11756_, 47.44, 291.04, 1.79256
_11757_, 47.44, 291.04, 1.79256
FILLER_0_103_85, 47.44, 291.04, 1.79256
_11537_, 60.24, 291.04, 1.79257
_11607_, 60.24, 291.04, 1.79257
_11608_, 60.24, 291.04, 1.79257
_11610_, 60.24, 291.04, 1.79257
_11611_, 60.24, 291.04, 1.79257
FILLER_0_103_109, 60.24, 291.04, 1.79257
FILLER_0_103_113, 60.24, 291.04, 1.79257
FILLER_0_104_124, 60.24, 291.04, 1.79257
FILLER_0_104_132, 60.24, 291.04, 1.79257
_11491_, 73.04, 291.04, 1.7926
_11492_, 73.04, 291.04, 1.7926
_11493_, 73.04, 291.04, 1.7926
_11494_, 73.04, 291.04, 1.7926
FILLER_0_103_160, 73.04, 291.04, 1.7926
_11202_, 85.84, 291.04, 1.79267
_11363_, 85.84, 291.04, 1.79267
_11364_, 85.84, 291.04, 1.79267
_11359_, 98.64, 291.04, 1.79275
_11361_, 98.64, 291.04, 1.79275
_11487_, 98.64, 291.04, 1.79275
_11488_, 98.64, 291.04, 1.79275
_11603_, 98.64, 291.04, 1.79275
FILLER_0_102_193, 98.64, 291.04, 1.79275
FILLER_0_103_193, 98.64, 291.04, 1.79275
FILLER_0_103_205, 98.64, 291.04, 1.79275
_11051_, 111.44, 291.04, 1.79285
_11173_, 111.44, 291.04, 1.79285
_11198_, 111.44, 291.04, 1.79285
_11199_, 111.44, 291.04, 1.79285
_11200_, 111.44, 291.04, 1.79285
_11201_, 111.44, 291.04, 1.79285
_11360_, 111.44, 291.04, 1.79285
FILLER_0_103_243, 111.44, 291.04, 1.79285
_11047_, 124.24, 291.04, 1.79296
_11048_, 124.24, 291.04, 1.79296
_11049_, 124.24, 291.04, 1.79296
FILLER_0_102_245, 124.24, 291.04, 1.79296
FILLER_0_103_250, 124.24, 291.04, 1.79296
FILLER_0_103_269, 124.24, 291.04, 1.79296
FILLER_0_104_264, 124.24, 291.04, 1.79296
_07419_, 137.04, 291.04, 1.79307
_07747_, 137.04, 291.04, 1.79307
_10746_, 137.04, 291.04, 1.79307
_11438_, 137.04, 291.04, 1.79307
_10563_, 149.84, 291.04, 1.79318
_10725_, 149.84, 291.04, 1.79318
_11035_, 149.84, 291.04, 1.79318
_11039_, 149.84, 291.04, 1.79318
FILLER_0_102_301, 149.84, 291.04, 1.79318
FILLER_0_102_309, 149.84, 291.04, 1.79318
FILLER_0_103_310, 149.84, 291.04, 1.79318
_10562_, 162.64, 291.04, 1.7933
_10732_, 162.64, 291.04, 1.7933
FILLER_0_103_331, 162.64, 291.04, 1.7933
FILLER_0_103_353, 162.64, 291.04, 1.7933
_09786_, 188.24, 291.04, 1.79342
_09994_, 188.24, 291.04, 1.79342
_09995_, 188.24, 291.04, 1.79342
_09996_, 188.24, 291.04, 1.79342
_10174_, 188.24, 291.04, 1.79342
FILLER_0_103_389, 188.24, 291.04, 1.79342
FILLER_0_103_406, 188.24, 291.04, 1.79342
_07982_, 201.04, 291.04, 1.79344
_09604_, 201.04, 291.04, 1.79344
_09606_, 201.04, 291.04, 1.79344
_09615_, 201.04, 291.04, 1.79344
_07974_, 213.84, 291.04, 1.79345
_07981_, 213.84, 291.04, 1.79345
_07985_, 213.84, 291.04, 1.79345
_07991_, 213.84, 291.04, 1.79345
FILLER_0_103_441, 213.84, 291.04, 1.79345
FILLER_0_103_456, 213.84, 291.04, 1.79345
FILLER_0_104_465, 213.84, 291.04, 1.79345
_08002_, 226.64, 291.04, 1.79348
_08009_, 226.64, 291.04, 1.79348
_08027_, 226.64, 291.04, 1.79348
_08028_, 226.64, 291.04, 1.79348
_08056_, 226.64, 291.04, 1.79348
FILLER_0_102_469, 226.64, 291.04, 1.79348
FILLER_0_103_485, 226.64, 291.04, 1.79348
_08044_, 239.44, 291.04, 1.79351
_08045_, 239.44, 291.04, 1.79351
_08060_, 239.44, 291.04, 1.79351
_08066_, 239.44, 291.04, 1.79351
_08067_, 239.44, 291.04, 1.79351
FILLER_0_102_495, 239.44, 291.04, 1.79351
FILLER_0_102_506, 239.44, 291.04, 1.79351
FILLER_0_104_516, 239.44, 291.04, 1.79351
_08042_, 252.24, 291.04, 1.79354
_08043_, 252.24, 291.04, 1.79354
_08058_, 252.24, 291.04, 1.79354
FILLER_0_102_528, 252.24, 291.04, 1.79354
FILLER_0_102_533, 252.24, 291.04, 1.79354
FILLER_0_104_542, 252.24, 291.04, 1.79354
_08039_, 265.04, 291.04, 1.79358
_08099_, 265.04, 291.04, 1.79358
_08183_, 265.04, 291.04, 1.79358
_08185_, 265.04, 291.04, 1.79358
FILLER_0_104_566, 265.04, 291.04, 1.79358
_08255_, 277.84, 291.04, 1.79362
FILLER_0_102_579, 277.84, 291.04, 1.79362
FILLER_0_102_589, 277.84, 291.04, 1.79362
FILLER_0_103_600, 277.84, 291.04, 1.79362
FILLER_0_104_596, 277.84, 291.04, 1.79362
_08267_, 290.64, 291.04, 1.79366
_08270_, 290.64, 291.04, 1.79366
FILLER_0_103_613, 290.64, 291.04, 1.79366
_08297_, 303.44, 291.04, 1.79371
_08300_, 303.44, 291.04, 1.79371
_08353_, 303.44, 291.04, 1.79371
wire135, 303.44, 291.04, 1.79371
FILLER_0_102_636, 303.44, 291.04, 1.79371
FILLER_0_102_645, 303.44, 291.04, 1.79371
FILLER_0_103_636, 303.44, 291.04, 1.79371
_08332_, 316.24, 291.04, 1.7938
_08333_, 316.24, 291.04, 1.7938
_08355_, 316.24, 291.04, 1.7938
FILLER_0_102_664, 316.24, 291.04, 1.7938
FILLER_0_102_672, 316.24, 291.04, 1.7938
FILLER_0_103_666, 316.24, 291.04, 1.7938
_08373_, 341.442, 291.04, 1.79384
_08525_, 341.442, 291.04, 1.79384
_08526_, 341.442, 291.04, 1.79384
rebuffer19, 341.442, 291.04, 1.79384
FILLER_0_102_717, 341.442, 291.04, 1.79384
FILLER_0_102_729, 341.442, 291.04, 1.79384
FILLER_0_103_719, 341.442, 291.04, 1.79384
FILLER_0_103_729, 341.442, 291.04, 1.79384
FILLER_0_104_737, 341.442, 291.04, 1.79384
_07610_, 353.845, 291.04, 1.7938
_09153_, 353.845, 291.04, 1.7938
FILLER_0_102_751, 353.845, 291.04, 1.7938
_07027_, 366.247, 291.04, 1.79377
_07619_, 366.247, 291.04, 1.79377
_07624_, 366.247, 291.04, 1.79377
_07625_, 366.247, 291.04, 1.79377
_08501_, 366.247, 291.04, 1.79377
_08502_, 366.247, 291.04, 1.79377
_07601_, 378.65, 291.04, 1.79374
_07602_, 378.65, 291.04, 1.79374
_07603_, 378.65, 291.04, 1.79374
_07608_, 378.65, 291.04, 1.79374
_07621_, 378.65, 291.04, 1.79374
_07615_, 391.052, 291.04, 1.79372
_07635_, 391.052, 291.04, 1.79372
_07636_, 391.052, 291.04, 1.79372
FILLER_0_102_825, 391.052, 291.04, 1.79372
FILLER_0_103_844, 391.052, 291.04, 1.79372
_07575_, 403.455, 291.04, 1.7937
_07645_, 403.455, 291.04, 1.7937
_07646_, 403.455, 291.04, 1.7937
_07653_, 403.455, 291.04, 1.7937
_07655_, 403.455, 291.04, 1.7937
_07578_, 415.857, 291.04, 1.79369
_07643_, 415.857, 291.04, 1.79369
_12774_, 415.857, 291.04, 1.79369
FILLER_0_103_880, 415.857, 291.04, 1.79369
FILLER_0_103_892, 415.857, 291.04, 1.79369
PHY_200, 5.52, 285.6, 1.7929
PHY_202, 5.52, 285.6, 1.7929
output93, 5.52, 285.6, 1.7929
_07659_, 428.26, 285.6, 1.79382
PHY_201, 428.26, 285.6, 1.79382
PHY_203, 428.26, 285.6, 1.79382
FILLER_0_102_21, 13.68, 285.6, 1.79291
FILLER_0_101_51, 34.64, 285.6, 1.79269
FILLER_0_102_77, 34.64, 285.6, 1.79269
_11855_, 47.44, 285.6, 1.79246
_11858_, 47.44, 285.6, 1.79246
_11859_, 47.44, 285.6, 1.79246
_11860_, 47.44, 285.6, 1.79246
FILLER_0_101_81, 47.44, 285.6, 1.79246
FILLER_0_101_99, 47.44, 285.6, 1.79246
_11606_, 60.24, 285.6, 1.79241
_11609_, 60.24, 285.6, 1.79241
_11740_, 60.24, 285.6, 1.79241
_11741_, 60.24, 285.6, 1.79241
_11753_, 60.24, 285.6, 1.79241
_11856_, 60.24, 285.6, 1.79241
FILLER_0_101_108, 60.24, 285.6, 1.79241
FILLER_0_102_121, 60.24, 285.6, 1.79241
_11362_, 73.04, 285.6, 1.79245
_11365_, 73.04, 285.6, 1.79245
_11422_, 73.04, 285.6, 1.79245
FILLER_0_100_137, 73.04, 285.6, 1.79245
FILLER_0_101_144, 73.04, 285.6, 1.79245
FILLER_0_101_159, 73.04, 285.6, 1.79245
_11052_, 85.84, 285.6, 1.79252
_11204_, 85.84, 285.6, 1.79252
_11205_, 85.84, 285.6, 1.79252
_11298_, 85.84, 285.6, 1.79252
FILLER_0_101_169, 85.84, 285.6, 1.79252
_11055_, 98.64, 285.6, 1.79264
_11056_, 98.64, 285.6, 1.79264
_11140_, 98.64, 285.6, 1.79264
FILLER_0_101_221, 111.44, 285.6, 1.79277
_10877_, 124.24, 285.6, 1.79291
_10878_, 124.24, 285.6, 1.79291
_11012_, 124.24, 285.6, 1.79291
FILLER_0_100_245, 124.24, 285.6, 1.79291
FILLER_0_101_261, 124.24, 285.6, 1.79291
_10736_, 137.04, 285.6, 1.79304
_10876_, 137.04, 285.6, 1.79304
_11015_, 137.04, 285.6, 1.79304
_11016_, 137.04, 285.6, 1.79304
FILLER_0_100_272, 137.04, 285.6, 1.79304
FILLER_0_101_274, 137.04, 285.6, 1.79304
FILLER_0_101_281, 137.04, 285.6, 1.79304
FILLER_0_101_296, 137.04, 285.6, 1.79304
_10565_, 149.84, 285.6, 1.79318
_10566_, 149.84, 285.6, 1.79318
_10726_, 149.84, 285.6, 1.79318
_10733_, 149.84, 285.6, 1.79318
_10734_, 149.84, 285.6, 1.79318
_10735_, 149.84, 285.6, 1.79318
FILLER_0_101_308, 149.84, 285.6, 1.79318
_10409_, 162.64, 285.6, 1.79332
_10560_, 162.64, 285.6, 1.79332
_10564_, 162.64, 285.6, 1.79332
_10729_, 162.64, 285.6, 1.79332
_10730_, 162.64, 285.6, 1.79332
_10731_, 162.64, 285.6, 1.79332
FILLER_0_101_328, 162.64, 285.6, 1.79332
_09788_, 188.24, 285.6, 1.79349
_10173_, 188.24, 285.6, 1.79349
_10175_, 188.24, 285.6, 1.79349
FILLER_0_101_393, 188.24, 285.6, 1.79349
FILLER_0_102_411, 188.24, 285.6, 1.79349
_09616_, 201.04, 285.6, 1.79351
_09787_, 201.04, 285.6, 1.79351
FILLER_0_100_417, 201.04, 285.6, 1.79351
_08003_, 213.84, 285.6, 1.79354
_08004_, 213.84, 285.6, 1.79354
rebuffer24, 213.84, 285.6, 1.79354
FILLER_0_100_440, 213.84, 285.6, 1.79354
FILLER_0_101_445, 213.84, 285.6, 1.79354
FILLER_0_102_457, 213.84, 285.6, 1.79354
_08050_, 226.64, 285.6, 1.79357
FILLER_0_100_473, 226.64, 285.6, 1.79357
_08068_, 239.44, 285.6, 1.7936
_08070_, 239.44, 285.6, 1.7936
FILLER_0_100_506, 239.44, 285.6, 1.7936
FILLER_0_101_497, 239.44, 285.6, 1.7936
FILLER_0_101_505, 239.44, 285.6, 1.7936
FILLER_0_101_513, 239.44, 285.6, 1.7936
FILLER_0_101_519, 239.44, 285.6, 1.7936
_08063_, 252.24, 285.6, 1.79363
_08090_, 252.24, 285.6, 1.79363
_08094_, 252.24, 285.6, 1.79363
_08095_, 252.24, 285.6, 1.79363
_08098_, 252.24, 285.6, 1.79363
rebuffer16, 252.24, 285.6, 1.79363
FILLER_0_101_539, 252.24, 285.6, 1.79363
FILLER_0_101_550, 252.24, 285.6, 1.79363
FILLER_0_102_546, 252.24, 285.6, 1.79363
_08037_, 265.04, 285.6, 1.79368
_08138_, 265.04, 285.6, 1.79368
_08260_, 265.04, 285.6, 1.79368
FILLER_0_101_561, 265.04, 285.6, 1.79368
FILLER_0_101_569, 265.04, 285.6, 1.79368
_08220_, 277.84, 285.6, 1.79374
_08223_, 277.84, 285.6, 1.79374
_08258_, 277.84, 285.6, 1.79374
_08259_, 277.84, 285.6, 1.79374
_08261_, 277.84, 285.6, 1.79374
FILLER_0_100_583, 277.84, 285.6, 1.79374
FILLER_0_101_585, 277.84, 285.6, 1.79374
_08271_, 290.64, 285.6, 1.79379
_08301_, 290.64, 285.6, 1.79379
_08303_, 290.64, 285.6, 1.79379
FILLER_0_100_608, 290.64, 285.6, 1.79379
FILLER_0_101_607, 290.64, 285.6, 1.79379
FILLER_0_101_629, 290.64, 285.6, 1.79379
_08302_, 303.44, 285.6, 1.79385
_08304_, 303.44, 285.6, 1.79385
_08312_, 303.44, 285.6, 1.79385
_08313_, 303.44, 285.6, 1.79385
_08314_, 303.44, 285.6, 1.79385
_08315_, 303.44, 285.6, 1.79385
FILLER_0_101_649, 303.44, 285.6, 1.79385
_08352_, 316.24, 285.6, 1.79393
_08354_, 316.24, 285.6, 1.79393
_08357_, 316.24, 285.6, 1.79393
_08359_, 316.24, 285.6, 1.79393
_08500_, 341.442, 285.6, 1.79395
_08527_, 341.442, 285.6, 1.79395
_09149_, 341.442, 285.6, 1.79395
FILLER_0_101_725, 341.442, 285.6, 1.79395
_07026_, 353.845, 285.6, 1.79392
_07518_, 353.845, 285.6, 1.79392
_07529_, 353.845, 285.6, 1.79392
_08528_, 353.845, 285.6, 1.79392
_08529_, 353.845, 285.6, 1.79392
FILLER_0_100_745, 353.845, 285.6, 1.79392
FILLER_0_100_757, 353.845, 285.6, 1.79392
FILLER_0_101_758, 353.845, 285.6, 1.79392
FILLER_0_101_769, 353.845, 285.6, 1.79392
_07095_, 366.247, 285.6, 1.79389
_07528_, 366.247, 285.6, 1.79389
_07530_, 366.247, 285.6, 1.79389
_07623_, 366.247, 285.6, 1.79389
_07631_, 366.247, 285.6, 1.79389
_07648_, 366.247, 285.6, 1.79389
rebuffer35, 366.247, 285.6, 1.79389
FILLER_0_100_779, 366.247, 285.6, 1.79389
FILLER_0_101_791, 366.247, 285.6, 1.79389
_07531_, 378.65, 285.6, 1.79386
_07564_, 378.65, 285.6, 1.79386
_07565_, 378.65, 285.6, 1.79386
FILLER_0_100_799, 378.65, 285.6, 1.79386
FILLER_0_100_807, 378.65, 285.6, 1.79386
_07622_, 391.052, 285.6, 1.79384
_07632_, 391.052, 285.6, 1.79384
_07634_, 391.052, 285.6, 1.79384
_07649_, 391.052, 285.6, 1.79384
FILLER_0_101_827, 391.052, 285.6, 1.79384
FILLER_0_101_837, 391.052, 285.6, 1.79384
_07656_, 403.455, 285.6, 1.79383
_08498_, 403.455, 285.6, 1.79383
FILLER_0_101_863, 403.455, 285.6, 1.79383
_07637_, 415.857, 285.6, 1.79382
_07642_, 415.857, 285.6, 1.79382
_07644_, 415.857, 285.6, 1.79382
_07657_, 415.857, 285.6, 1.79382
rebuffer17, 415.857, 285.6, 1.79382
rebuffer47, 415.857, 285.6, 1.79382
FILLER_0_100_883, 415.857, 285.6, 1.79382
FILLER_0_101_885, 415.857, 285.6, 1.79382
FILLER_0_101_893, 415.857, 285.6, 1.79382
_12695_, 5.52, 280.16, 1.79302
PHY_196, 5.52, 280.16, 1.79302
PHY_198, 5.52, 280.16, 1.79302
PHY_197, 428.26, 280.16, 1.79402
PHY_199, 428.26, 280.16, 1.79402
FILLER_0_99_907, 428.26, 280.16, 1.79402
FILLER_0_98_61, 34.64, 280.16, 1.79294
FILLER_0_100_77, 34.64, 280.16, 1.79294
_11647_, 47.44, 280.16, 1.79283
_11648_, 47.44, 280.16, 1.79283
_11650_, 47.44, 280.16, 1.79283
_11857_, 47.44, 280.16, 1.79283
FILLER_0_99_81, 47.44, 280.16, 1.79283
FILLER_0_99_95, 47.44, 280.16, 1.79283
_11739_, 60.24, 280.16, 1.79284
_11742_, 60.24, 280.16, 1.79284
FILLER_0_98_110, 60.24, 280.16, 1.79284
FILLER_0_99_113, 60.24, 280.16, 1.79284
_11318_, 73.04, 280.16, 1.79288
_11432_, 73.04, 280.16, 1.79288
_11433_, 73.04, 280.16, 1.79288
FILLER_0_99_157, 73.04, 280.16, 1.79288
_11057_, 85.84, 280.16, 1.79292
_11172_, 85.84, 280.16, 1.79292
_11203_, 85.84, 280.16, 1.79292
FILLER_0_99_165, 85.84, 280.16, 1.79292
_08136_, 98.64, 280.16, 1.793
_11150_, 98.64, 280.16, 1.793
_11151_, 98.64, 280.16, 1.793
FILLER_0_98_197, 98.64, 280.16, 1.793
FILLER_0_99_205, 98.64, 280.16, 1.793
_10874_, 111.44, 280.16, 1.79308
_11017_, 111.44, 280.16, 1.79308
_11018_, 111.44, 280.16, 1.79308
_11019_, 111.44, 280.16, 1.79308
_11020_, 111.44, 280.16, 1.79308
_11144_, 111.44, 280.16, 1.79308
_11147_, 111.44, 280.16, 1.79308
_11317_, 111.44, 280.16, 1.79308
FILLER_0_99_228, 111.44, 280.16, 1.79308
_10873_, 124.24, 280.16, 1.79317
_10875_, 124.24, 280.16, 1.79317
_10880_, 124.24, 280.16, 1.79317
_10881_, 124.24, 280.16, 1.79317
_11013_, 124.24, 280.16, 1.79317
_11014_, 124.24, 280.16, 1.79317
FILLER_0_98_247, 124.24, 280.16, 1.79317
FILLER_0_98_258, 124.24, 280.16, 1.79317
FILLER_0_99_256, 124.24, 280.16, 1.79317
_10724_, 137.04, 280.16, 1.79327
_10879_, 137.04, 280.16, 1.79327
FILLER_0_99_276, 137.04, 280.16, 1.79327
FILLER_0_99_281, 137.04, 280.16, 1.79327
FILLER_0_100_298, 137.04, 280.16, 1.79327
_08135_, 149.84, 280.16, 1.79337
_10406_, 149.84, 280.16, 1.79337
_10410_, 149.84, 280.16, 1.79337
_10567_, 149.84, 280.16, 1.79337
_10568_, 149.84, 280.16, 1.79337
FILLER_0_99_301, 149.84, 280.16, 1.79337
FILLER_0_99_310, 149.84, 280.16, 1.79337
_10049_, 162.64, 280.16, 1.79347
_10405_, 162.64, 280.16, 1.79347
FILLER_0_99_329, 162.64, 280.16, 1.79347
_09997_, 188.24, 280.16, 1.79358
_10038_, 188.24, 280.16, 1.79358
_10235_, 188.24, 280.16, 1.79358
FILLER_0_98_387, 188.24, 280.16, 1.79358
_07983_, 201.04, 280.16, 1.7936
_09591_, 201.04, 280.16, 1.7936
_09617_, 201.04, 280.16, 1.7936
_09618_, 201.04, 280.16, 1.7936
_09619_, 201.04, 280.16, 1.7936
FILLER_0_98_413, 201.04, 280.16, 1.7936
FILLER_0_99_418, 201.04, 280.16, 1.7936
FILLER_0_99_438, 201.04, 280.16, 1.7936
_07986_, 213.84, 280.16, 1.79363
_08005_, 213.84, 280.16, 1.79363
_08006_, 213.84, 280.16, 1.79363
_08007_, 213.84, 280.16, 1.79363
_08008_, 213.84, 280.16, 1.79363
_08051_, 213.84, 280.16, 1.79363
FILLER_0_99_454, 213.84, 280.16, 1.79363
FILLER_0_100_453, 213.84, 280.16, 1.79363
FILLER_0_100_465, 213.84, 280.16, 1.79363
_08052_, 226.64, 280.16, 1.79366
_08053_, 226.64, 280.16, 1.79366
_08055_, 226.64, 280.16, 1.79366
_08057_, 226.64, 280.16, 1.79366
_08072_, 226.64, 280.16, 1.79366
FILLER_0_98_469, 226.64, 280.16, 1.79366
FILLER_0_99_470, 226.64, 280.16, 1.79366
FILLER_0_99_494, 226.64, 280.16, 1.79366
_08069_, 239.44, 280.16, 1.79371
_08071_, 239.44, 280.16, 1.79371
FILLER_0_98_504, 239.44, 280.16, 1.79371
FILLER_0_99_505, 239.44, 280.16, 1.79371
FILLER_0_99_513, 239.44, 280.16, 1.79371
FILLER_0_99_522, 239.44, 280.16, 1.79371
FILLER_0_100_520, 239.44, 280.16, 1.79371
_08087_, 252.24, 280.16, 1.79376
FILLER_0_98_523, 252.24, 280.16, 1.79376
_07754_, 265.04, 280.16, 1.79382
_07798_, 265.04, 280.16, 1.79382
_08105_, 265.04, 280.16, 1.79382
_08106_, 265.04, 280.16, 1.79382
_08107_, 265.04, 280.16, 1.79382
_08221_, 265.04, 280.16, 1.79382
FILLER_0_99_574, 265.04, 280.16, 1.79382
_07795_, 277.84, 280.16, 1.79388
_07803_, 277.84, 280.16, 1.79388
_08222_, 277.84, 280.16, 1.79388
_08305_, 277.84, 280.16, 1.79388
_08306_, 277.84, 280.16, 1.79388
FILLER_0_99_599, 277.84, 280.16, 1.79388
_07869_, 290.64, 280.16, 1.79394
_08262_, 290.64, 280.16, 1.79394
_08310_, 290.64, 280.16, 1.79394
FILLER_0_98_613, 290.64, 280.16, 1.79394
FILLER_0_99_610, 290.64, 280.16, 1.79394
_08308_, 303.44, 280.16, 1.79401
_08311_, 303.44, 280.16, 1.79401
FILLER_0_98_645, 303.44, 280.16, 1.79401
_07762_, 316.24, 280.16, 1.79409
_08356_, 316.24, 280.16, 1.79409
FILLER_0_98_672, 316.24, 280.16, 1.79409
FILLER_0_99_668, 316.24, 280.16, 1.79409
_08495_, 341.442, 280.16, 1.79413
_08532_, 341.442, 280.16, 1.79413
_08533_, 341.442, 280.16, 1.79413
_09137_, 341.442, 280.16, 1.79413
FILLER_0_99_718, 341.442, 280.16, 1.79413
FILLER_0_99_729, 341.442, 280.16, 1.79413
_07156_, 353.845, 280.16, 1.79411
_07508_, 353.845, 280.16, 1.79411
FILLER_0_99_759, 353.845, 280.16, 1.79411
_07509_, 366.247, 280.16, 1.79409
_07510_, 366.247, 280.16, 1.79409
_07517_, 366.247, 280.16, 1.79409
FILLER_0_98_784, 366.247, 280.16, 1.79409
FILLER_0_99_780, 366.247, 280.16, 1.79409
FILLER_0_99_792, 366.247, 280.16, 1.79409
_07525_, 378.65, 280.16, 1.79407
_07526_, 378.65, 280.16, 1.79407
_07532_, 378.65, 280.16, 1.79407
FILLER_0_98_807, 378.65, 280.16, 1.79407
_07616_, 391.052, 280.16, 1.79405
_07617_, 391.052, 280.16, 1.79405
_07633_, 391.052, 280.16, 1.79405
_07647_, 391.052, 280.16, 1.79405
_07650_, 391.052, 280.16, 1.79405
FILLER_0_99_829, 391.052, 280.16, 1.79405
FILLER_0_99_837, 391.052, 280.16, 1.79405
FILLER_0_99_848, 391.052, 280.16, 1.79405
_07651_, 403.455, 280.16, 1.79403
_07652_, 403.455, 280.16, 1.79403
_07658_, 403.455, 280.16, 1.79403
FILLER_0_98_862, 403.455, 280.16, 1.79403
FILLER_0_99_861, 403.455, 280.16, 1.79403
FILLER_0_100_869, 403.455, 280.16, 1.79403
_07660_, 415.857, 280.16, 1.79402
_08493_, 415.857, 280.16, 1.79402
rebuffer20, 415.857, 280.16, 1.79402
FILLER_0_98_885, 415.857, 280.16, 1.79402
FILLER_0_99_888, 415.857, 280.16, 1.79402
FILLER_0_100_895, 415.857, 280.16, 1.79402
_12684_, 5.52, 274.72, 1.79308
PHY_192, 5.52, 274.72, 1.79308
PHY_194, 5.52, 274.72, 1.79308
input61, 5.52, 274.72, 1.79308
FILLER_0_98_3, 5.52, 274.72, 1.79308
PHY_193, 428.26, 274.72, 1.79397
PHY_195, 428.26, 274.72, 1.79397
output121, 428.26, 274.72, 1.79397
FILLER_0_96_913, 428.26, 274.72, 1.79397
ANTENNA_139, 13.68, 274.72, 1.79309
ANTENNA_140, 13.68, 274.72, 1.79309
ANTENNA_141, 13.68, 274.72, 1.79309
ANTENNA_142, 13.68, 274.72, 1.79309
ANTENNA_143, 13.68, 274.72, 1.79309
_11534_, 34.64, 274.72, 1.793
_11536_, 34.64, 274.72, 1.793
FILLER_0_97_51, 34.64, 274.72, 1.793
_11418_, 47.44, 274.72, 1.79296
_11535_, 47.44, 274.72, 1.79296
_11649_, 47.44, 274.72, 1.79296
FILLER_0_97_101, 47.44, 274.72, 1.79296
_11545_, 60.24, 274.72, 1.793
_11763_, 60.24, 274.72, 1.793
FILLER_0_97_109, 60.24, 274.72, 1.793
FILLER_0_97_113, 60.24, 274.72, 1.793
FILLER_0_98_126, 60.24, 274.72, 1.793
_11169_, 73.04, 274.72, 1.79304
_11319_, 73.04, 274.72, 1.79304
_11320_, 73.04, 274.72, 1.79304
_11321_, 73.04, 274.72, 1.79304
_11423_, 73.04, 274.72, 1.79304
_11434_, 73.04, 274.72, 1.79304
FILLER_0_97_156, 73.04, 274.72, 1.79304
_11032_, 85.84, 274.72, 1.7931
_11170_, 85.84, 274.72, 1.7931
_11171_, 85.84, 274.72, 1.7931
FILLER_0_98_186, 85.84, 274.72, 1.7931
_11315_, 98.64, 274.72, 1.79318
_11316_, 98.64, 274.72, 1.79318
FILLER_0_96_190, 98.64, 274.72, 1.79318
FILLER_0_97_214, 98.64, 274.72, 1.79318
_11145_, 111.44, 274.72, 1.79325
_11146_, 111.44, 274.72, 1.79325
_11148_, 111.44, 274.72, 1.79325
_11149_, 111.44, 274.72, 1.79325
FILLER_0_97_220, 111.44, 274.72, 1.79325
_10737_, 124.24, 274.72, 1.79333
FILLER_0_96_245, 124.24, 274.72, 1.79333
FILLER_0_96_283, 137.04, 274.72, 1.79341
FILLER_0_98_298, 137.04, 274.72, 1.79341
_10396_, 149.84, 274.72, 1.79349
_10407_, 149.84, 274.72, 1.79349
_10408_, 149.84, 274.72, 1.79349
_10411_, 149.84, 274.72, 1.79349
_10569_, 149.84, 274.72, 1.79349
FILLER_0_97_305, 149.84, 274.72, 1.79349
FILLER_0_97_320, 149.84, 274.72, 1.79349
_10035_, 162.64, 274.72, 1.79357
_10046_, 162.64, 274.72, 1.79357
_10232_, 162.64, 274.72, 1.79357
_10234_, 162.64, 274.72, 1.79357
_10239_, 162.64, 274.72, 1.79357
FILLER_0_97_349, 162.64, 274.72, 1.79357
FILLER_0_98_344, 162.64, 274.72, 1.79357
FILLER_0_98_352, 162.64, 274.72, 1.79357
_10036_, 188.24, 274.72, 1.79367
_10037_, 188.24, 274.72, 1.79367
_10040_, 188.24, 274.72, 1.79367
_10041_, 188.24, 274.72, 1.79367
_10044_, 188.24, 274.72, 1.79367
_09833_, 201.04, 274.72, 1.79368
_09988_, 201.04, 274.72, 1.79368
FILLER_0_96_417, 201.04, 274.72, 1.79368
FILLER_0_97_417, 201.04, 274.72, 1.79368
FILLER_0_98_433, 201.04, 274.72, 1.79368
_08075_, 213.84, 274.72, 1.79369
_09590_, 213.84, 274.72, 1.79369
FILLER_0_97_461, 213.84, 274.72, 1.79369
_07755_, 226.64, 274.72, 1.79372
_08054_, 226.64, 274.72, 1.79372
_08073_, 226.64, 274.72, 1.79372
_08074_, 226.64, 274.72, 1.79372
_08081_, 226.64, 274.72, 1.79372
_08084_, 226.64, 274.72, 1.79372
rebuffer36, 226.64, 274.72, 1.79372
FILLER_0_96_471, 226.64, 274.72, 1.79372
FILLER_0_97_477, 226.64, 274.72, 1.79372
FILLER_0_98_483, 226.64, 274.72, 1.79372
_06728_, 239.44, 274.72, 1.79377
_06843_, 239.44, 274.72, 1.79377
FILLER_0_96_502, 239.44, 274.72, 1.79377
FILLER_0_97_495, 239.44, 274.72, 1.79377
FILLER_0_97_517, 239.44, 274.72, 1.79377
_06694_, 252.24, 274.72, 1.79383
_06698_, 252.24, 274.72, 1.79383
_06727_, 252.24, 274.72, 1.79383
FILLER_0_97_542, 252.24, 274.72, 1.79383
FILLER_0_98_545, 252.24, 274.72, 1.79383
_06701_, 265.04, 274.72, 1.79389
FILLER_0_97_573, 265.04, 274.72, 1.79389
_07804_, 277.84, 274.72, 1.79395
_07805_, 277.84, 274.72, 1.79395
_07806_, 277.84, 274.72, 1.79395
_07808_, 277.84, 274.72, 1.79395
FILLER_0_96_584, 277.84, 274.72, 1.79395
_07766_, 290.64, 274.72, 1.79401
_07767_, 290.64, 274.72, 1.79401
_07768_, 290.64, 274.72, 1.79401
_08307_, 290.64, 274.72, 1.79401
FILLER_0_97_607, 290.64, 274.72, 1.79401
FILLER_0_97_617, 290.64, 274.72, 1.79401
FILLER_0_98_622, 290.64, 274.72, 1.79401
_07386_, 303.44, 274.72, 1.79409
_07387_, 303.44, 274.72, 1.79409
_07388_, 303.44, 274.72, 1.79409
_07857_, 303.44, 274.72, 1.79409
_08309_, 303.44, 274.72, 1.79409
FILLER_0_96_641, 303.44, 274.72, 1.79409
FILLER_0_96_645, 303.44, 274.72, 1.79409
FILLER_0_97_647, 303.44, 274.72, 1.79409
_08376_, 316.24, 274.72, 1.79416
_12752_, 316.24, 274.72, 1.79416
ANTENNA_134, 316.24, 274.72, 1.79416
ANTENNA_136, 316.24, 274.72, 1.79416
FILLER_0_97_663, 316.24, 274.72, 1.79416
FILLER_0_97_673, 316.24, 274.72, 1.79416
_08492_, 341.442, 274.72, 1.79416
_08530_, 341.442, 274.72, 1.79416
_08531_, 341.442, 274.72, 1.79416
_08534_, 341.442, 274.72, 1.79416
_08535_, 341.442, 274.72, 1.79416
_09138_, 341.442, 274.72, 1.79416
_09139_, 341.442, 274.72, 1.79416
ANTENNA_138, 341.442, 274.72, 1.79416
_07511_, 353.845, 274.72, 1.79411
_08724_, 353.845, 274.72, 1.79411
_09142_, 353.845, 274.72, 1.79411
FILLER_0_96_757, 353.845, 274.72, 1.79411
FILLER_0_98_769, 353.845, 274.72, 1.79411
_07512_, 366.247, 274.72, 1.79408
_07513_, 366.247, 274.72, 1.79408
_07514_, 366.247, 274.72, 1.79408
_07519_, 366.247, 274.72, 1.79408
_07520_, 366.247, 274.72, 1.79408
_07521_, 366.247, 274.72, 1.79408
FILLER_0_97_779, 366.247, 274.72, 1.79408
FILLER_0_97_785, 366.247, 274.72, 1.79408
_07527_, 378.65, 274.72, 1.79405
_07600_, 378.65, 274.72, 1.79405
FILLER_0_96_804, 378.65, 274.72, 1.79405
_07533_, 391.052, 274.72, 1.79402
_07560_, 391.052, 274.72, 1.79402
FILLER_0_97_833, 391.052, 274.72, 1.79402
_08496_, 403.455, 274.72, 1.79399
FILLER_0_96_861, 403.455, 274.72, 1.79399
FILLER_0_98_869, 403.455, 274.72, 1.79399
_07580_, 415.857, 274.72, 1.79397
_07581_, 415.857, 274.72, 1.79397
_07638_, 415.857, 274.72, 1.79397
_07639_, 415.857, 274.72, 1.79397
_07640_, 415.857, 274.72, 1.79397
_07641_, 415.857, 274.72, 1.79397
_07661_, 415.857, 274.72, 1.79397
FILLER_0_96_884, 415.857, 274.72, 1.79397
FILLER_0_97_879, 415.857, 274.72, 1.79397
FILLER_0_97_893, 415.857, 274.72, 1.79397
PHY_188, 5.52, 269.28, 1.79287
PHY_190, 5.52, 269.28, 1.79287
PHY_189, 428.26, 269.28, 1.79431
PHY_191, 428.26, 269.28, 1.79431
FILLER_0_94_913, 428.26, 269.28, 1.79431
FILLER_0_95_909, 428.26, 269.28, 1.79431
_12703_, 34.64, 269.28, 1.79238
FILLER_0_95_51, 34.64, 269.28, 1.79238
FILLER_0_96_77, 34.64, 269.28, 1.79238
_11419_, 47.44, 269.28, 1.79192
_11420_, 47.44, 269.28, 1.79192
_11421_, 47.44, 269.28, 1.79192
_11533_, 47.44, 269.28, 1.79192
_11645_, 47.44, 269.28, 1.79192
FILLER_0_95_81, 47.44, 269.28, 1.79192
FILLER_0_95_102, 47.44, 269.28, 1.79192
_11544_, 60.24, 269.28, 1.79206
_11652_, 60.24, 269.28, 1.79206
_11653_, 60.24, 269.28, 1.79206
_11299_, 73.04, 269.28, 1.79221
_11431_, 73.04, 269.28, 1.79221
FILLER_0_94_136, 73.04, 269.28, 1.79221
FILLER_0_96_153, 73.04, 269.28, 1.79221
_11029_, 85.84, 269.28, 1.79235
_11030_, 85.84, 269.28, 1.79235
_11031_, 85.84, 269.28, 1.79235
_11141_, 85.84, 269.28, 1.79235
FILLER_0_95_164, 85.84, 269.28, 1.79235
FILLER_0_95_169, 85.84, 269.28, 1.79235
FILLER_0_96_176, 85.84, 269.28, 1.79235
_10896_, 98.64, 269.28, 1.79251
_10897_, 98.64, 269.28, 1.79251
_11023_, 98.64, 269.28, 1.79251
_11142_, 98.64, 269.28, 1.79251
FILLER_0_95_197, 98.64, 269.28, 1.79251
_10887_, 111.44, 269.28, 1.79269
_11022_, 111.44, 269.28, 1.79269
_10738_, 124.24, 269.28, 1.79287
_10882_, 124.24, 269.28, 1.79287
_10884_, 124.24, 269.28, 1.79287
_10886_, 124.24, 269.28, 1.79287
_11021_, 124.24, 269.28, 1.79287
FILLER_0_95_262, 124.24, 269.28, 1.79287
_10570_, 137.04, 269.28, 1.79306
_10739_, 137.04, 269.28, 1.79306
_10740_, 137.04, 269.28, 1.79306
_10885_, 137.04, 269.28, 1.79306
_10233_, 149.84, 269.28, 1.79326
_10397_, 149.84, 269.28, 1.79326
_10545_, 149.84, 269.28, 1.79326
_10574_, 149.84, 269.28, 1.79326
FILLER_0_95_312, 149.84, 269.28, 1.79326
_10238_, 162.64, 269.28, 1.79346
_10391_, 162.64, 269.28, 1.79346
_10392_, 162.64, 269.28, 1.79346
FILLER_0_95_332, 162.64, 269.28, 1.79346
_09826_, 188.24, 269.28, 1.79369
_09834_, 188.24, 269.28, 1.79369
_09835_, 188.24, 269.28, 1.79369
_09836_, 188.24, 269.28, 1.79369
_10039_, 188.24, 269.28, 1.79369
FILLER_0_94_392, 188.24, 269.28, 1.79369
FILLER_0_95_388, 188.24, 269.28, 1.79369
FILLER_0_95_393, 188.24, 269.28, 1.79369
_09620_, 201.04, 269.28, 1.79372
_09621_, 201.04, 269.28, 1.79372
_09789_, 201.04, 269.28, 1.79372
FILLER_0_95_431, 201.04, 269.28, 1.79372
_07434_, 213.84, 269.28, 1.79377
_08101_, 213.84, 269.28, 1.79377
_08130_, 213.84, 269.28, 1.79377
_08142_, 213.84, 269.28, 1.79377
_08165_, 213.84, 269.28, 1.79377
FILLER_0_94_445, 213.84, 269.28, 1.79377
_06558_, 226.64, 269.28, 1.79382
_06559_, 226.64, 269.28, 1.79382
_06614_, 226.64, 269.28, 1.79382
FILLER_0_94_477, 226.64, 269.28, 1.79382
FILLER_0_95_474, 226.64, 269.28, 1.79382
FILLER_0_95_488, 226.64, 269.28, 1.79382
_06691_, 239.44, 269.28, 1.79388
_06721_, 239.44, 269.28, 1.79388
_06723_, 239.44, 269.28, 1.79388
_06724_, 239.44, 269.28, 1.79388
_06725_, 239.44, 269.28, 1.79388
_06726_, 239.44, 269.28, 1.79388
FILLER_0_94_501, 239.44, 269.28, 1.79388
FILLER_0_95_516, 239.44, 269.28, 1.79388
FILLER_0_96_516, 239.44, 269.28, 1.79388
_06618_, 252.24, 269.28, 1.79395
_06692_, 252.24, 269.28, 1.79395
_06693_, 252.24, 269.28, 1.79395
_06695_, 252.24, 269.28, 1.79395
_06696_, 252.24, 269.28, 1.79395
_06697_, 252.24, 269.28, 1.79395
_06699_, 252.24, 269.28, 1.79395
_06700_, 252.24, 269.28, 1.79395
FILLER_0_94_526, 252.24, 269.28, 1.79395
_06555_, 265.04, 269.28, 1.79402
_06560_, 265.04, 269.28, 1.79402
_06561_, 265.04, 269.28, 1.79402
_07809_, 277.84, 269.28, 1.7941
_07810_, 277.84, 269.28, 1.7941
_07811_, 277.84, 269.28, 1.7941
_07820_, 277.84, 269.28, 1.7941
FILLER_0_95_589, 277.84, 269.28, 1.7941
_07838_, 290.64, 269.28, 1.79418
_07839_, 290.64, 269.28, 1.79418
_07840_, 290.64, 269.28, 1.79418
_07854_, 290.64, 269.28, 1.79418
_07855_, 290.64, 269.28, 1.79418
FILLER_0_95_620, 290.64, 269.28, 1.79418
_07856_, 303.44, 269.28, 1.79426
_07858_, 303.44, 269.28, 1.79426
_07859_, 303.44, 269.28, 1.79426
_07862_, 303.44, 269.28, 1.79426
FILLER_0_94_640, 303.44, 269.28, 1.79426
FILLER_0_94_645, 303.44, 269.28, 1.79426
FILLER_0_95_653, 303.44, 269.28, 1.79426
_07023_, 316.24, 269.28, 1.79434
_07863_, 316.24, 269.28, 1.79434
_07865_, 316.24, 269.28, 1.79434
_07881_, 316.24, 269.28, 1.79434
_08491_, 316.24, 269.28, 1.79434
FILLER_0_94_674, 316.24, 269.28, 1.79434
FILLER_0_95_663, 316.24, 269.28, 1.79434
FILLER_0_95_673, 316.24, 269.28, 1.79434
FILLER_0_96_685, 316.24, 269.28, 1.79434
_08536_, 341.442, 269.28, 1.79438
_09132_, 341.442, 269.28, 1.79438
_09133_, 341.442, 269.28, 1.79438
FILLER_0_95_724, 341.442, 269.28, 1.79438
FILLER_0_96_743, 341.442, 269.28, 1.79438
_06567_, 353.845, 269.28, 1.79437
FILLER_0_94_746, 353.845, 269.28, 1.79437
FILLER_0_94_757, 353.845, 269.28, 1.79437
_06749_, 366.247, 269.28, 1.79435
_07515_, 366.247, 269.28, 1.79435
_07516_, 366.247, 269.28, 1.79435
FILLER_0_94_778, 366.247, 269.28, 1.79435
FILLER_0_95_773, 366.247, 269.28, 1.79435
FILLER_0_95_781, 366.247, 269.28, 1.79435
FILLER_0_95_785, 366.247, 269.28, 1.79435
FILLER_0_95_796, 366.247, 269.28, 1.79435
_07522_, 378.65, 269.28, 1.79434
_07523_, 378.65, 269.28, 1.79434
_07536_, 378.65, 269.28, 1.79434
_07537_, 378.65, 269.28, 1.79434
_07540_, 378.65, 269.28, 1.79434
FILLER_0_94_808, 378.65, 269.28, 1.79434
_07524_, 391.052, 269.28, 1.79433
_07534_, 391.052, 269.28, 1.79433
_07538_, 391.052, 269.28, 1.79433
_07504_, 403.455, 269.28, 1.79432
_07544_, 403.455, 269.28, 1.79432
_07561_, 403.455, 269.28, 1.79432
_07579_, 403.455, 269.28, 1.79432
FILLER_0_94_857, 403.455, 269.28, 1.79432
FILLER_0_94_865, 403.455, 269.28, 1.79432
FILLER_0_95_856, 403.455, 269.28, 1.79432
_08490_, 415.857, 269.28, 1.79431
FILLER_0_95_889, 415.857, 269.28, 1.79431
FILLER_0_96_897, 415.857, 269.28, 1.79431
PHY_184, 5.52, 263.84, 1.79324
PHY_186, 5.52, 263.84, 1.79324
_07583_, 428.26, 263.84, 1.79446
PHY_185, 428.26, 263.84, 1.79446
PHY_187, 428.26, 263.84, 1.79446
input27, 428.26, 263.84, 1.79446
FILLER_0_92_907, 428.26, 263.84, 1.79446
FILLER_0_93_910, 428.26, 263.84, 1.79446
ANTENNA_155, 13.68, 263.84, 1.79324
ANTENNA_156, 13.68, 263.84, 1.79324
ANTENNA_157, 13.68, 263.84, 1.79324
_11861_, 34.64, 263.84, 1.79314
_12037_, 34.64, 263.84, 1.79314
FILLER_0_92_53, 34.64, 263.84, 1.79314
FILLER_0_93_53, 34.64, 263.84, 1.79314
FILLER_0_94_77, 34.64, 263.84, 1.79314
_11417_, 47.44, 263.84, 1.79312
_11643_, 47.44, 263.84, 1.79312
_11644_, 47.44, 263.84, 1.79312
_11752_, 47.44, 263.84, 1.79312
FILLER_0_93_88, 47.44, 263.84, 1.79312
_11540_, 60.24, 263.84, 1.79316
FILLER_0_93_106, 60.24, 263.84, 1.79316
FILLER_0_93_125, 60.24, 263.84, 1.79316
_11168_, 73.04, 263.84, 1.79321
_11314_, 73.04, 263.84, 1.79321
_11430_, 73.04, 263.84, 1.79321
_11538_, 73.04, 263.84, 1.79321
_11539_, 73.04, 263.84, 1.79321
FILLER_0_93_150, 73.04, 263.84, 1.79321
_10891_, 85.84, 263.84, 1.79326
_10893_, 85.84, 263.84, 1.79326
_10894_, 85.84, 263.84, 1.79326
_11005_, 85.84, 263.84, 1.79326
FILLER_0_93_162, 85.84, 263.84, 1.79326
FILLER_0_93_188, 85.84, 263.84, 1.79326
FILLER_0_94_184, 85.84, 263.84, 1.79326
_10888_, 98.64, 263.84, 1.79331
_10889_, 98.64, 263.84, 1.79331
_10895_, 98.64, 263.84, 1.79331
_10898_, 98.64, 263.84, 1.79331
FILLER_0_92_197, 98.64, 263.84, 1.79331
FILLER_0_93_214, 98.64, 263.84, 1.79331
FILLER_0_94_208, 98.64, 263.84, 1.79331
_10744_, 111.44, 263.84, 1.79338
_11011_, 111.44, 263.84, 1.79338
_11143_, 111.44, 263.84, 1.79338
FILLER_0_94_231, 111.44, 263.84, 1.79338
_10741_, 124.24, 263.84, 1.79347
_10883_, 124.24, 263.84, 1.79347
FILLER_0_92_246, 124.24, 263.84, 1.79347
FILLER_0_93_266, 124.24, 263.84, 1.79347
FILLER_0_94_263, 124.24, 263.84, 1.79347
_10573_, 137.04, 263.84, 1.79355
_10707_, 137.04, 263.84, 1.79355
_10742_, 137.04, 263.84, 1.79355
_10743_, 137.04, 263.84, 1.79355
FILLER_0_93_288, 137.04, 263.84, 1.79355
FILLER_0_94_287, 137.04, 263.84, 1.79355
FILLER_0_94_298, 137.04, 263.84, 1.79355
_10546_, 149.84, 263.84, 1.79365
_10575_, 149.84, 263.84, 1.79365
FILLER_0_92_301, 149.84, 263.84, 1.79365
FILLER_0_92_309, 149.84, 263.84, 1.79365
FILLER_0_93_315, 149.84, 263.84, 1.79365
FILLER_0_93_327, 149.84, 263.84, 1.79365
FILLER_0_94_321, 149.84, 263.84, 1.79365
_10241_, 162.64, 263.84, 1.79375
_10544_, 162.64, 263.84, 1.79375
FILLER_0_92_337, 162.64, 263.84, 1.79375
FILLER_0_94_343, 162.64, 263.84, 1.79375
_09837_, 188.24, 263.84, 1.79389
_09838_, 188.24, 263.84, 1.79389
FILLER_0_93_388, 188.24, 263.84, 1.79389
_09624_, 201.04, 263.84, 1.79394
_09625_, 201.04, 263.84, 1.79394
_09626_, 201.04, 263.84, 1.79394
_09628_, 201.04, 263.84, 1.79394
FILLER_0_93_416, 201.04, 263.84, 1.79394
_06685_, 213.84, 263.84, 1.79399
_07078_, 213.84, 263.84, 1.79399
_08102_, 213.84, 263.84, 1.79399
_08104_, 213.84, 263.84, 1.79399
_09627_, 213.84, 263.84, 1.79399
FILLER_0_92_445, 213.84, 263.84, 1.79399
FILLER_0_93_449, 213.84, 263.84, 1.79399
_06687_, 226.64, 263.84, 1.79405
_06688_, 226.64, 263.84, 1.79405
_06689_, 226.64, 263.84, 1.79405
_08139_, 226.64, 263.84, 1.79405
FILLER_0_92_469, 226.64, 263.84, 1.79405
FILLER_0_93_484, 226.64, 263.84, 1.79405
_06690_, 239.44, 263.84, 1.79411
_06722_, 239.44, 263.84, 1.79411
_06865_, 239.44, 263.84, 1.79411
FILLER_0_93_512, 239.44, 263.84, 1.79411
_06609_, 252.24, 263.84, 1.79417
_06612_, 252.24, 263.84, 1.79417
_06613_, 252.24, 263.84, 1.79417
_06617_, 252.24, 263.84, 1.79417
_06686_, 252.24, 263.84, 1.79417
FILLER_0_92_525, 252.24, 263.84, 1.79417
FILLER_0_94_540, 252.24, 263.84, 1.79417
_06350_, 265.04, 263.84, 1.79424
_09569_, 265.04, 263.84, 1.79424
FILLER_0_92_557, 265.04, 263.84, 1.79424
FILLER_0_94_578, 265.04, 263.84, 1.79424
_07801_, 277.84, 263.84, 1.79431
_07821_, 277.84, 263.84, 1.79431
FILLER_0_92_582, 277.84, 263.84, 1.79431
FILLER_0_93_594, 277.84, 263.84, 1.79431
_07853_, 290.64, 263.84, 1.79438
_07861_, 290.64, 263.84, 1.79438
_07872_, 290.64, 263.84, 1.79438
_07875_, 290.64, 263.84, 1.79438
FILLER_0_92_610, 290.64, 263.84, 1.79438
FILLER_0_93_617, 290.64, 263.84, 1.79438
_07860_, 303.44, 263.84, 1.79445
_07864_, 303.44, 263.84, 1.79445
_07866_, 303.44, 263.84, 1.79445
_07874_, 303.44, 263.84, 1.79445
_07878_, 303.44, 263.84, 1.79445
FILLER_0_92_645, 303.44, 263.84, 1.79445
FILLER_0_93_646, 303.44, 263.84, 1.79445
_07882_, 316.24, 263.84, 1.79453
_07884_, 316.24, 263.84, 1.79453
_08096_, 316.24, 263.84, 1.79453
_08112_, 316.24, 263.84, 1.79453
FILLER_0_92_667, 316.24, 263.84, 1.79453
FILLER_0_93_665, 316.24, 263.84, 1.79453
FILLER_0_93_673, 316.24, 263.84, 1.79453
FILLER_0_93_683, 316.24, 263.84, 1.79453
_06957_, 341.442, 263.84, 1.79457
_08110_, 341.442, 263.84, 1.79457
_12753_, 341.442, 263.84, 1.79457
ANTENNA_144, 341.442, 263.84, 1.79457
FILLER_0_93_721, 341.442, 263.84, 1.79457
_06566_, 353.845, 263.84, 1.79454
_06886_, 353.845, 263.84, 1.79454
_06958_, 353.845, 263.84, 1.79454
_07505_, 353.845, 263.84, 1.79454
_07506_, 353.845, 263.84, 1.79454
ANTENNA_145, 353.845, 263.84, 1.79454
ANTENNA_147, 353.845, 263.84, 1.79454
FILLER_0_92_752, 353.845, 263.84, 1.79454
_06779_, 366.247, 263.84, 1.79452
_06785_, 366.247, 263.84, 1.79452
_06787_, 366.247, 263.84, 1.79452
_07535_, 366.247, 263.84, 1.79452
_07541_, 366.247, 263.84, 1.79452
FILLER_0_93_778, 366.247, 263.84, 1.79452
FILLER_0_93_785, 366.247, 263.84, 1.79452
_07467_, 378.65, 263.84, 1.7945
_07552_, 378.65, 263.84, 1.7945
FILLER_0_94_813, 378.65, 263.84, 1.7945
_07507_, 391.052, 263.84, 1.79448
_07539_, 391.052, 263.84, 1.79448
_07551_, 391.052, 263.84, 1.79448
_07553_, 391.052, 263.84, 1.79448
_07554_, 391.052, 263.84, 1.79448
_07557_, 391.052, 263.84, 1.79448
FILLER_0_93_830, 391.052, 263.84, 1.79448
_07542_, 403.455, 263.84, 1.79447
_07543_, 403.455, 263.84, 1.79447
_07545_, 403.455, 263.84, 1.79447
_07589_, 403.455, 263.84, 1.79447
_07555_, 415.857, 263.84, 1.79446
_07558_, 415.857, 263.84, 1.79446
_07582_, 415.857, 263.84, 1.79446
_07584_, 415.857, 263.84, 1.79446
_07585_, 415.857, 263.84, 1.79446
_07598_, 415.857, 263.84, 1.79446
FILLER_0_92_881, 415.857, 263.84, 1.79446
FILLER_0_93_888, 415.857, 263.84, 1.79446
FILLER_0_94_893, 415.857, 263.84, 1.79446
FILLER_0_94_905, 415.857, 263.84, 1.79446
PHY_180, 5.52, 258.4, 1.79335
PHY_182, 5.52, 258.4, 1.79335
input62, 5.52, 258.4, 1.79335
PHY_181, 428.26, 258.4, 1.79463
PHY_183, 428.26, 258.4, 1.79463
FILLER_0_90_906, 428.26, 258.4, 1.79463
ANTENNA_158, 13.68, 258.4, 1.79335
ANTENNA_162, 13.68, 258.4, 1.79335
FILLER_0_92_23, 13.68, 258.4, 1.79335
_12034_, 34.64, 258.4, 1.79328
_12038_, 34.64, 258.4, 1.79328
FILLER_0_90_63, 34.64, 258.4, 1.79328
FILLER_0_91_57, 34.64, 258.4, 1.79328
FILLER_0_92_75, 34.64, 258.4, 1.79328
_11853_, 47.44, 258.4, 1.79328
_11854_, 47.44, 258.4, 1.79328
_11953_, 47.44, 258.4, 1.79328
FILLER_0_90_80, 47.44, 258.4, 1.79328
FILLER_0_91_80, 47.44, 258.4, 1.79328
FILLER_0_91_105, 47.44, 258.4, 1.79328
_11424_, 60.24, 258.4, 1.7933
_11425_, 60.24, 258.4, 1.7933
_11426_, 60.24, 258.4, 1.7933
_11429_, 60.24, 258.4, 1.7933
_11850_, 60.24, 258.4, 1.7933
FILLER_0_91_113, 60.24, 258.4, 1.7933
FILLER_0_92_121, 60.24, 258.4, 1.7933
_11166_, 73.04, 258.4, 1.79334
_11167_, 73.04, 258.4, 1.79334
_11313_, 73.04, 258.4, 1.79334
FILLER_0_90_137, 73.04, 258.4, 1.79334
FILLER_0_91_137, 73.04, 258.4, 1.79334
FILLER_0_91_147, 73.04, 258.4, 1.79334
_10863_, 85.84, 258.4, 1.79337
_11024_, 85.84, 258.4, 1.79337
_11026_, 85.84, 258.4, 1.79337
FILLER_0_90_165, 85.84, 258.4, 1.79337
FILLER_0_91_169, 85.84, 258.4, 1.79337
FILLER_0_92_183, 85.84, 258.4, 1.79337
_10745_, 98.64, 258.4, 1.79341
_10909_, 98.64, 258.4, 1.79341
_11054_, 98.64, 258.4, 1.79341
FILLER_0_90_190, 98.64, 258.4, 1.79341
FILLER_0_91_216, 98.64, 258.4, 1.79341
_10752_, 111.44, 258.4, 1.79348
_10907_, 111.44, 258.4, 1.79348
_10908_, 111.44, 258.4, 1.79348
_11050_, 111.44, 258.4, 1.79348
_11053_, 111.44, 258.4, 1.79348
_10872_, 124.24, 258.4, 1.79355
FILLER_0_90_247, 124.24, 258.4, 1.79355
FILLER_0_90_253, 124.24, 258.4, 1.79355
_10572_, 137.04, 258.4, 1.79363
_10899_, 137.04, 258.4, 1.79363
_10900_, 137.04, 258.4, 1.79363
_10901_, 137.04, 258.4, 1.79363
FILLER_0_91_272, 137.04, 258.4, 1.79363
FILLER_0_91_293, 137.04, 258.4, 1.79363
_10414_, 149.84, 258.4, 1.79371
_10415_, 149.84, 258.4, 1.79371
_10571_, 149.84, 258.4, 1.79371
_10576_, 149.84, 258.4, 1.79371
_10577_, 149.84, 258.4, 1.79371
FILLER_0_90_304, 149.84, 258.4, 1.79371
FILLER_0_91_320, 149.84, 258.4, 1.79371
_10047_, 162.64, 258.4, 1.7938
_10388_, 162.64, 258.4, 1.7938
_10416_, 162.64, 258.4, 1.7938
_10417_, 162.64, 258.4, 1.7938
_10418_, 162.64, 258.4, 1.7938
FILLER_0_90_333, 162.64, 258.4, 1.7938
FILLER_0_91_328, 162.64, 258.4, 1.7938
_09845_, 188.24, 258.4, 1.79397
_10178_, 188.24, 258.4, 1.79397
FILLER_0_90_397, 188.24, 258.4, 1.79397
FILLER_0_91_389, 188.24, 258.4, 1.79397
FILLER_0_91_393, 188.24, 258.4, 1.79397
_10000_, 201.04, 258.4, 1.79402
_10180_, 201.04, 258.4, 1.79402
FILLER_0_90_417, 201.04, 258.4, 1.79402
FILLER_0_90_421, 201.04, 258.4, 1.79402
FILLER_0_91_420, 201.04, 258.4, 1.79402
_06615_, 213.84, 258.4, 1.79407
_06864_, 213.84, 258.4, 1.79407
_07889_, 213.84, 258.4, 1.79407
_08103_, 213.84, 258.4, 1.79407
_08143_, 213.84, 258.4, 1.79407
_09999_, 213.84, 258.4, 1.79407
FILLER_0_90_450, 213.84, 258.4, 1.79407
_08140_, 226.64, 258.4, 1.79413
_08141_, 226.64, 258.4, 1.79413
_08146_, 226.64, 258.4, 1.79413
_08147_, 226.64, 258.4, 1.79413
_08154_, 226.64, 258.4, 1.79413
FILLER_0_91_473, 226.64, 258.4, 1.79413
FILLER_0_91_493, 226.64, 258.4, 1.79413
_06684_, 239.44, 258.4, 1.79419
_06719_, 239.44, 258.4, 1.79419
_06840_, 239.44, 258.4, 1.79419
_06866_, 239.44, 258.4, 1.79419
_07423_, 239.44, 258.4, 1.79419
FILLER_0_90_504, 239.44, 258.4, 1.79419
FILLER_0_91_501, 239.44, 258.4, 1.79419
FILLER_0_91_505, 239.44, 258.4, 1.79419
_06841_, 252.24, 258.4, 1.79426
_06863_, 252.24, 258.4, 1.79426
_07796_, 252.24, 258.4, 1.79426
_07802_, 265.04, 258.4, 1.79433
_07807_, 265.04, 258.4, 1.79433
_07812_, 265.04, 258.4, 1.79433
_07813_, 265.04, 258.4, 1.79433
_09567_, 265.04, 258.4, 1.79433
_09568_, 265.04, 258.4, 1.79433
_09570_, 265.04, 258.4, 1.79433
FILLER_0_91_555, 265.04, 258.4, 1.79433
FILLER_0_92_566, 265.04, 258.4, 1.79433
_07800_, 277.84, 258.4, 1.79441
_07815_, 277.84, 258.4, 1.79441
_07822_, 277.84, 258.4, 1.79441
_07833_, 277.84, 258.4, 1.79441
_08584_, 277.84, 258.4, 1.79441
FILLER_0_90_583, 277.84, 258.4, 1.79441
FILLER_0_90_589, 277.84, 258.4, 1.79441
FILLER_0_91_592, 277.84, 258.4, 1.79441
FILLER_0_92_596, 277.84, 258.4, 1.79441
_07819_, 290.64, 258.4, 1.7945
_07832_, 290.64, 258.4, 1.7945
_07867_, 290.64, 258.4, 1.7945
_07892_, 290.64, 258.4, 1.7945
FILLER_0_91_613, 290.64, 258.4, 1.7945
FILLER_0_91_622, 290.64, 258.4, 1.7945
FILLER_0_92_622, 290.64, 258.4, 1.7945
_07022_, 303.44, 258.4, 1.79458
_07873_, 303.44, 258.4, 1.79458
FILLER_0_90_639, 303.44, 258.4, 1.79458
FILLER_0_90_645, 303.44, 258.4, 1.79458
FILLER_0_91_652, 303.44, 258.4, 1.79458
_07789_, 316.24, 258.4, 1.79467
_07880_, 316.24, 258.4, 1.79467
_07883_, 316.24, 258.4, 1.79467
_08097_, 316.24, 258.4, 1.79467
FILLER_0_91_667, 316.24, 258.4, 1.79467
FILLER_0_91_673, 316.24, 258.4, 1.79467
FILLER_0_91_683, 316.24, 258.4, 1.79467
_06359_, 341.442, 258.4, 1.79474
FILLER_0_91_719, 341.442, 258.4, 1.79474
_06885_, 353.845, 258.4, 1.79471
_06960_, 353.845, 258.4, 1.79471
_08723_, 353.845, 258.4, 1.79471
_08725_, 353.845, 258.4, 1.79471
ANTENNA_150, 353.845, 258.4, 1.79471
ANTENNA_152, 353.845, 258.4, 1.79471
ANTENNA_153, 353.845, 258.4, 1.79471
ANTENNA_154, 353.845, 258.4, 1.79471
FILLER_0_90_753, 353.845, 258.4, 1.79471
_06748_, 366.247, 258.4, 1.79469
_06786_, 366.247, 258.4, 1.79469
FILLER_0_91_785, 366.247, 258.4, 1.79469
_06750_, 378.65, 258.4, 1.79467
_06780_, 378.65, 258.4, 1.79467
FILLER_0_90_805, 378.65, 258.4, 1.79467
_06893_, 391.052, 258.4, 1.79465
_06894_, 391.052, 258.4, 1.79465
FILLER_0_91_833, 391.052, 258.4, 1.79465
FILLER_0_92_849, 391.052, 258.4, 1.79465
_07587_, 403.455, 258.4, 1.79464
FILLER_0_90_861, 403.455, 258.4, 1.79464
_07586_, 415.857, 258.4, 1.79463
_07594_, 415.857, 258.4, 1.79463
_07596_, 415.857, 258.4, 1.79463
_07599_, 415.857, 258.4, 1.79463
FILLER_0_91_890, 415.857, 258.4, 1.79463
PHY_176, 5.52, 252.96, 1.79344
PHY_178, 5.52, 252.96, 1.79344
PHY_177, 428.26, 252.96, 1.79469
PHY_179, 428.26, 252.96, 1.79469
FILLER_0_88_911, 428.26, 252.96, 1.79469
FILLER_0_89_909, 428.26, 252.96, 1.79469
_11951_, 34.64, 252.96, 1.79338
_11952_, 34.64, 252.96, 1.79338
_11954_, 34.64, 252.96, 1.79338
_11955_, 34.64, 252.96, 1.79338
_12036_, 34.64, 252.96, 1.79338
_12382_, 34.64, 252.96, 1.79338
_12383_, 34.64, 252.96, 1.79338
FILLER_0_89_51, 34.64, 252.96, 1.79338
_11761_, 47.44, 252.96, 1.79339
_11762_, 47.44, 252.96, 1.79339
_11851_, 47.44, 252.96, 1.79339
_11852_, 47.44, 252.96, 1.79339
_11949_, 47.44, 252.96, 1.79339
_11950_, 47.44, 252.96, 1.79339
_12035_, 47.44, 252.96, 1.79339
FILLER_0_89_103, 47.44, 252.96, 1.79339
FILLER_0_90_100, 47.44, 252.96, 1.79339
_11543_, 60.24, 252.96, 1.79342
_11848_, 60.24, 252.96, 1.79342
_11849_, 60.24, 252.96, 1.79342
FILLER_0_88_109, 60.24, 252.96, 1.79342
_11309_, 73.04, 252.96, 1.79346
_11312_, 73.04, 252.96, 1.79346
_11427_, 73.04, 252.96, 1.79346
_11541_, 73.04, 252.96, 1.79346
_11542_, 73.04, 252.96, 1.79346
FILLER_0_89_142, 73.04, 252.96, 1.79346
_10706_, 85.84, 252.96, 1.7935
_11027_, 85.84, 252.96, 1.7935
_11028_, 85.84, 252.96, 1.7935
_11163_, 85.84, 252.96, 1.7935
_11164_, 85.84, 252.96, 1.7935
_11165_, 85.84, 252.96, 1.7935
_11311_, 85.84, 252.96, 1.7935
FILLER_0_89_169, 85.84, 252.96, 1.7935
_10751_, 98.64, 252.96, 1.79355
_10910_, 98.64, 252.96, 1.79355
FILLER_0_89_196, 98.64, 252.96, 1.79355
_10748_, 111.44, 252.96, 1.79363
_10749_, 111.44, 252.96, 1.79363
_10750_, 111.44, 252.96, 1.79363
_10905_, 111.44, 252.96, 1.79363
_10906_, 111.44, 252.96, 1.79363
FILLER_0_89_225, 111.44, 252.96, 1.79363
_10722_, 124.24, 252.96, 1.79371
_10869_, 124.24, 252.96, 1.79371
_10871_, 124.24, 252.96, 1.79371
_11007_, 124.24, 252.96, 1.79371
_11008_, 124.24, 252.96, 1.79371
FILLER_0_88_246, 124.24, 252.96, 1.79371
_10412_, 137.04, 252.96, 1.79379
_10557_, 137.04, 252.96, 1.79379
FILLER_0_90_294, 137.04, 252.96, 1.79379
_10413_, 149.84, 252.96, 1.79388
FILLER_0_88_309, 149.84, 252.96, 1.79388
FILLER_0_89_323, 149.84, 252.96, 1.79388
_10230_, 162.64, 252.96, 1.79396
_10242_, 162.64, 252.96, 1.79396
_10179_, 188.24, 252.96, 1.79411
_10181_, 188.24, 252.96, 1.79411
FILLER_0_89_405, 188.24, 252.96, 1.79411
_10001_, 201.04, 252.96, 1.79416
_10002_, 201.04, 252.96, 1.79416
_10003_, 201.04, 252.96, 1.79416
_10182_, 201.04, 252.96, 1.79416
FILLER_0_88_417, 201.04, 252.96, 1.79416
FILLER_0_89_418, 201.04, 252.96, 1.79416
_08145_, 213.84, 252.96, 1.79422
_08396_, 213.84, 252.96, 1.79422
FILLER_0_89_439, 213.84, 252.96, 1.79422
FILLER_0_89_461, 213.84, 252.96, 1.79422
FILLER_0_90_465, 213.84, 252.96, 1.79422
_08026_, 226.64, 252.96, 1.79427
_08148_, 226.64, 252.96, 1.79427
_08149_, 226.64, 252.96, 1.79427
_08150_, 226.64, 252.96, 1.79427
_08151_, 226.64, 252.96, 1.79427
_08155_, 226.64, 252.96, 1.79427
_10137_, 226.64, 252.96, 1.79427
FILLER_0_88_477, 226.64, 252.96, 1.79427
FILLER_0_89_482, 226.64, 252.96, 1.79427
FILLER_0_89_490, 226.64, 252.96, 1.79427
FILLER_0_90_481, 226.64, 252.96, 1.79427
_06345_, 239.44, 252.96, 1.79434
_06553_, 239.44, 252.96, 1.79434
_06554_, 239.44, 252.96, 1.79434
_06556_, 239.44, 252.96, 1.79434
_06717_, 239.44, 252.96, 1.79434
FILLER_0_88_499, 239.44, 252.96, 1.79434
FILLER_0_89_501, 239.44, 252.96, 1.79434
_07794_, 252.24, 252.96, 1.79441
_08133_, 252.24, 252.96, 1.79441
_09564_, 252.24, 252.96, 1.79441
_09565_, 252.24, 252.96, 1.79441
_09749_, 252.24, 252.96, 1.79441
FILLER_0_88_523, 252.24, 252.96, 1.79441
FILLER_0_90_541, 252.24, 252.96, 1.79441
_09571_, 265.04, 252.96, 1.79449
FILLER_0_89_557, 265.04, 252.96, 1.79449
_07817_, 277.84, 252.96, 1.79457
_07823_, 277.84, 252.96, 1.79457
FILLER_0_88_584, 277.84, 252.96, 1.79457
FILLER_0_88_589, 277.84, 252.96, 1.79457
_07835_, 290.64, 252.96, 1.79465
_07836_, 290.64, 252.96, 1.79465
_07845_, 290.64, 252.96, 1.79465
FILLER_0_88_617, 290.64, 252.96, 1.79465
FILLER_0_89_609, 290.64, 252.96, 1.79465
FILLER_0_89_617, 290.64, 252.96, 1.79465
FILLER_0_89_630, 290.64, 252.96, 1.79465
_07750_, 303.44, 252.96, 1.79473
_07787_, 303.44, 252.96, 1.79473
_07788_, 303.44, 252.96, 1.79473
_07842_, 303.44, 252.96, 1.79473
_07843_, 303.44, 252.96, 1.79473
_07905_, 303.44, 252.96, 1.79473
_07906_, 303.44, 252.96, 1.79473
_07908_, 303.44, 252.96, 1.79473
_07778_, 316.24, 252.96, 1.79482
_07790_, 316.24, 252.96, 1.79482
_08392_, 316.24, 252.96, 1.79482
FILLER_0_88_671, 316.24, 252.96, 1.79482
_08726_, 341.442, 252.96, 1.79484
_09186_, 341.442, 252.96, 1.79484
FILLER_0_89_724, 341.442, 252.96, 1.79484
FILLER_0_89_741, 341.442, 252.96, 1.79484
FILLER_0_90_736, 341.442, 252.96, 1.79484
_06890_, 353.845, 252.96, 1.79481
_06891_, 353.845, 252.96, 1.79481
_06959_, 353.845, 252.96, 1.79481
_08728_, 353.845, 252.96, 1.79481
FILLER_0_88_752, 353.845, 252.96, 1.79481
FILLER_0_89_749, 353.845, 252.96, 1.79481
FILLER_0_89_757, 353.845, 252.96, 1.79481
_06880_, 366.247, 252.96, 1.79478
_06883_, 366.247, 252.96, 1.79478
_06887_, 366.247, 252.96, 1.79478
_06888_, 366.247, 252.96, 1.79478
_06947_, 366.247, 252.96, 1.79478
FILLER_0_90_792, 366.247, 252.96, 1.79478
_06781_, 378.65, 252.96, 1.79475
_06783_, 378.65, 252.96, 1.79475
_06784_, 378.65, 252.96, 1.79475
_06878_, 378.65, 252.96, 1.79475
_06881_, 378.65, 252.96, 1.79475
FILLER_0_88_806, 378.65, 252.96, 1.79475
FILLER_0_89_807, 378.65, 252.96, 1.79475
_06788_, 391.052, 252.96, 1.79472
_06789_, 391.052, 252.96, 1.79472
_06791_, 391.052, 252.96, 1.79472
_06969_, 391.052, 252.96, 1.79472
FILLER_0_89_836, 391.052, 252.96, 1.79472
_07546_, 403.455, 252.96, 1.7947
_07590_, 403.455, 252.96, 1.7947
_07591_, 403.455, 252.96, 1.7947
_07592_, 403.455, 252.96, 1.7947
rebuffer31, 403.455, 252.96, 1.7947
FILLER_0_88_856, 403.455, 252.96, 1.7947
FILLER_0_89_865, 403.455, 252.96, 1.7947
FILLER_0_90_878, 403.455, 252.96, 1.7947
_07588_, 415.857, 252.96, 1.79469
_07595_, 415.857, 252.96, 1.79469
_07597_, 415.857, 252.96, 1.79469
FILLER_0_88_890, 415.857, 252.96, 1.79469
_12765_, 5.52, 247.52, 1.79349
PHY_172, 5.52, 247.52, 1.79349
PHY_174, 5.52, 247.52, 1.79349
input43, 5.52, 247.52, 1.79349
FILLER_0_87_6, 5.52, 247.52, 1.79349
PHY_173, 428.26, 247.52, 1.79484
PHY_175, 428.26, 247.52, 1.79484
input2, 428.26, 247.52, 1.79484
FILLER_0_87_910, 428.26, 247.52, 1.79484
_12705_, 13.68, 247.52, 1.79349
_12138_, 34.64, 247.52, 1.79349
_12139_, 34.64, 247.52, 1.79349
_12140_, 34.64, 247.52, 1.79349
FILLER_0_87_53, 34.64, 247.52, 1.79349
_11946_, 47.44, 247.52, 1.7935
_11947_, 47.44, 247.52, 1.7935
_11948_, 47.44, 247.52, 1.7935
FILLER_0_86_80, 47.44, 247.52, 1.7935
FILLER_0_87_93, 47.44, 247.52, 1.7935
_11846_, 60.24, 247.52, 1.79354
_11847_, 60.24, 247.52, 1.79354
FILLER_0_87_109, 60.24, 247.52, 1.79354
FILLER_0_88_131, 60.24, 247.52, 1.79354
_11308_, 73.04, 247.52, 1.79359
_11310_, 73.04, 247.52, 1.79359
_11428_, 73.04, 247.52, 1.79359
_11844_, 73.04, 247.52, 1.79359
FILLER_0_86_141, 73.04, 247.52, 1.79359
FILLER_0_87_155, 73.04, 247.52, 1.79359
FILLER_0_88_153, 73.04, 247.52, 1.79359
_11158_, 85.84, 247.52, 1.79364
_11161_, 85.84, 247.52, 1.79364
_11162_, 85.84, 247.52, 1.79364
_11305_, 85.84, 247.52, 1.79364
_11306_, 85.84, 247.52, 1.79364
_11307_, 85.84, 247.52, 1.79364
FILLER_0_87_181, 85.84, 247.52, 1.79364
FILLER_0_88_186, 85.84, 247.52, 1.79364
_10753_, 98.64, 247.52, 1.79369
_11155_, 98.64, 247.52, 1.79369
_11156_, 98.64, 247.52, 1.79369
_11157_, 98.64, 247.52, 1.79369
_11302_, 98.64, 247.52, 1.79369
FILLER_0_87_189, 98.64, 247.52, 1.79369
FILLER_0_87_216, 98.64, 247.52, 1.79369
FILLER_0_88_209, 98.64, 247.52, 1.79369
_10866_, 111.44, 247.52, 1.79376
_11153_, 111.44, 247.52, 1.79376
FILLER_0_87_237, 111.44, 247.52, 1.79376
_10721_, 124.24, 247.52, 1.79383
_10868_, 124.24, 247.52, 1.79383
_10870_, 124.24, 247.52, 1.79383
_11006_, 124.24, 247.52, 1.79383
FILLER_0_86_249, 124.24, 247.52, 1.79383
FILLER_0_86_253, 124.24, 247.52, 1.79383
FILLER_0_87_246, 124.24, 247.52, 1.79383
FILLER_0_87_271, 124.24, 247.52, 1.79383
_10400_, 137.04, 247.52, 1.7939
_10404_, 137.04, 247.52, 1.7939
_10553_, 137.04, 247.52, 1.7939
_10554_, 137.04, 247.52, 1.7939
_10555_, 137.04, 247.52, 1.7939
_10556_, 137.04, 247.52, 1.7939
_10050_, 149.84, 247.52, 1.79398
_10221_, 149.84, 247.52, 1.79398
_10231_, 149.84, 247.52, 1.79398
_10399_, 149.84, 247.52, 1.79398
_10401_, 149.84, 247.52, 1.79398
_10403_, 149.84, 247.52, 1.79398
_10051_, 162.64, 247.52, 1.79406
_10225_, 162.64, 247.52, 1.79406
_10226_, 162.64, 247.52, 1.79406
_10227_, 162.64, 247.52, 1.79406
_10228_, 162.64, 247.52, 1.79406
_10229_, 162.64, 247.52, 1.79406
_10389_, 162.64, 247.52, 1.79406
FILLER_0_88_345, 162.64, 247.52, 1.79406
_10183_, 188.24, 247.52, 1.79421
FILLER_0_86_389, 188.24, 247.52, 1.79421
FILLER_0_86_397, 188.24, 247.52, 1.79421
FILLER_0_87_405, 188.24, 247.52, 1.79421
FILLER_0_88_398, 188.24, 247.52, 1.79421
FILLER_0_88_409, 188.24, 247.52, 1.79421
_08394_, 201.04, 247.52, 1.79427
_09998_, 201.04, 247.52, 1.79427
_10004_, 201.04, 247.52, 1.79427
_10005_, 201.04, 247.52, 1.79427
_10006_, 201.04, 247.52, 1.79427
_10008_, 201.04, 247.52, 1.79427
FILLER_0_88_433, 201.04, 247.52, 1.79427
_08169_, 213.84, 247.52, 1.79433
_08386_, 213.84, 247.52, 1.79433
_08388_, 213.84, 247.52, 1.79433
_08395_, 213.84, 247.52, 1.79433
FILLER_0_86_439, 213.84, 247.52, 1.79433
FILLER_0_87_443, 213.84, 247.52, 1.79433
FILLER_0_88_466, 213.84, 247.52, 1.79433
_08153_, 226.64, 247.52, 1.7944
_08156_, 226.64, 247.52, 1.7944
_08162_, 226.64, 247.52, 1.7944
FILLER_0_86_468, 226.64, 247.52, 1.7944
FILLER_0_87_469, 226.64, 247.52, 1.7944
_06839_, 239.44, 247.52, 1.79446
_07454_, 239.44, 247.52, 1.79446
_07681_, 239.44, 247.52, 1.79446
FILLER_0_87_501, 239.44, 247.52, 1.79446
_09566_, 252.24, 247.52, 1.79454
_09750_, 252.24, 247.52, 1.79454
_09751_, 252.24, 247.52, 1.79454
FILLER_0_86_533, 252.24, 247.52, 1.79454
_07818_, 265.04, 247.52, 1.79461
_07828_, 265.04, 247.52, 1.79461
_09572_, 265.04, 247.52, 1.79461
FILLER_0_87_573, 265.04, 247.52, 1.79461
FILLER_0_88_569, 265.04, 247.52, 1.79461
_07824_, 277.84, 247.52, 1.79469
_07834_, 277.84, 247.52, 1.79469
_07846_, 277.84, 247.52, 1.79469
_07900_, 277.84, 247.52, 1.79469
FILLER_0_87_589, 277.84, 247.52, 1.79469
_07769_, 290.64, 247.52, 1.79477
_07837_, 290.64, 247.52, 1.79477
_07841_, 290.64, 247.52, 1.79477
_07844_, 290.64, 247.52, 1.79477
FILLER_0_86_613, 290.64, 247.52, 1.79477
FILLER_0_87_617, 290.64, 247.52, 1.79477
_07791_, 303.44, 247.52, 1.79486
_07830_, 303.44, 247.52, 1.79486
_07831_, 303.44, 247.52, 1.79486
_07909_, 303.44, 247.52, 1.79486
FILLER_0_86_636, 303.44, 247.52, 1.79486
FILLER_0_87_649, 303.44, 247.52, 1.79486
FILLER_0_87_661, 303.44, 247.52, 1.79486
_08377_, 316.24, 247.52, 1.79495
_08390_, 316.24, 247.52, 1.79495
_08393_, 316.24, 247.52, 1.79495
_08398_, 316.24, 247.52, 1.79495
FILLER_0_87_669, 316.24, 247.52, 1.79495
FILLER_0_87_673, 316.24, 247.52, 1.79495
FILLER_0_87_681, 316.24, 247.52, 1.79495
_08443_, 341.442, 247.52, 1.795
_08489_, 341.442, 247.52, 1.795
_08537_, 341.442, 247.52, 1.795
_08538_, 341.442, 247.52, 1.795
FILLER_0_86_730, 341.442, 247.52, 1.795
_06961_, 353.845, 247.52, 1.79496
_06962_, 353.845, 247.52, 1.79496
_06963_, 353.845, 247.52, 1.79496
FILLER_0_86_748, 353.845, 247.52, 1.79496
FILLER_0_87_755, 353.845, 247.52, 1.79496
FILLER_0_88_770, 353.845, 247.52, 1.79496
_06884_, 366.247, 247.52, 1.79492
_06948_, 366.247, 247.52, 1.79492
_08706_, 366.247, 247.52, 1.79492
FILLER_0_88_791, 366.247, 247.52, 1.79492
_06892_, 378.65, 247.52, 1.79489
_06970_, 378.65, 247.52, 1.79489
FILLER_0_86_803, 378.65, 247.52, 1.79489
FILLER_0_87_805, 378.65, 247.52, 1.79489
_06790_, 391.052, 247.52, 1.79486
_07725_, 391.052, 247.52, 1.79486
_07727_, 391.052, 247.52, 1.79486
FILLER_0_86_829, 391.052, 247.52, 1.79486
FILLER_0_87_833, 391.052, 247.52, 1.79486
FILLER_0_88_848, 391.052, 247.52, 1.79486
_07593_, 403.455, 247.52, 1.79485
FILLER_0_86_864, 403.455, 247.52, 1.79485
_07675_, 415.857, 247.52, 1.79484
_07677_, 415.857, 247.52, 1.79484
_07678_, 415.857, 247.52, 1.79484
FILLER_0_86_892, 415.857, 247.52, 1.79484
FILLER_0_87_887, 415.857, 247.52, 1.79484
FILLER_0_87_897, 415.857, 247.52, 1.79484
PHY_168, 5.52, 242.08, 1.79356
PHY_170, 5.52, 242.08, 1.79356
_07686_, 428.26, 242.08, 1.79474
PHY_169, 428.26, 242.08, 1.79474
PHY_171, 428.26, 242.08, 1.79474
FILLER_0_84_912, 428.26, 242.08, 1.79474
FILLER_0_85_910, 428.26, 242.08, 1.79474
_12033_, 34.64, 242.08, 1.79349
_12039_, 34.64, 242.08, 1.79349
_12137_, 34.64, 242.08, 1.79349
_12207_, 34.64, 242.08, 1.79349
FILLER_0_84_56, 34.64, 242.08, 1.79349
FILLER_0_85_53, 34.64, 242.08, 1.79349
FILLER_0_85_62, 34.64, 242.08, 1.79349
FILLER_0_86_65, 34.64, 242.08, 1.79349
_12029_, 47.44, 242.08, 1.7935
_12030_, 47.44, 242.08, 1.7935
_12032_, 47.44, 242.08, 1.7935
FILLER_0_85_96, 47.44, 242.08, 1.7935
FILLER_0_85_104, 47.44, 242.08, 1.7935
FILLER_0_86_104, 47.44, 242.08, 1.7935
_11843_, 60.24, 242.08, 1.79353
_11845_, 60.24, 242.08, 1.79353
_11938_, 60.24, 242.08, 1.79353
_11943_, 60.24, 242.08, 1.79353
_11944_, 60.24, 242.08, 1.79353
_11945_, 60.24, 242.08, 1.79353
FILLER_0_85_125, 60.24, 242.08, 1.79353
FILLER_0_86_122, 60.24, 242.08, 1.79353
_11765_, 73.04, 242.08, 1.79359
_11839_, 73.04, 242.08, 1.79359
_11840_, 73.04, 242.08, 1.79359
_11841_, 73.04, 242.08, 1.79359
FILLER_0_85_160, 73.04, 242.08, 1.79359
_11152_, 85.84, 242.08, 1.79366
_11159_, 85.84, 242.08, 1.79366
_11160_, 85.84, 242.08, 1.79366
_11304_, 85.84, 242.08, 1.79366
FILLER_0_85_169, 85.84, 242.08, 1.79366
FILLER_0_85_182, 85.84, 242.08, 1.79366
_11154_, 98.64, 242.08, 1.79374
_11300_, 98.64, 242.08, 1.79374
_11301_, 98.64, 242.08, 1.79374
_11303_, 98.64, 242.08, 1.79374
FILLER_0_85_190, 98.64, 242.08, 1.79374
_07416_, 111.44, 242.08, 1.79381
_07420_, 111.44, 242.08, 1.79381
_10864_, 111.44, 242.08, 1.79381
_10865_, 111.44, 242.08, 1.79381
_11025_, 111.44, 242.08, 1.79381
FILLER_0_84_221, 111.44, 242.08, 1.79381
FILLER_0_86_232, 111.44, 242.08, 1.79381
_10709_, 124.24, 242.08, 1.7939
_10720_, 124.24, 242.08, 1.7939
_10867_, 124.24, 242.08, 1.7939
_11009_, 124.24, 242.08, 1.7939
_11010_, 124.24, 242.08, 1.7939
FILLER_0_84_249, 124.24, 242.08, 1.7939
_10552_, 137.04, 242.08, 1.79398
_10711_, 137.04, 242.08, 1.79398
_10718_, 137.04, 242.08, 1.79398
FILLER_0_85_275, 137.04, 242.08, 1.79398
FILLER_0_85_298, 137.04, 242.08, 1.79398
FILLER_0_86_295, 137.04, 242.08, 1.79398
_10048_, 149.84, 242.08, 1.79407
_10224_, 149.84, 242.08, 1.79407
_10398_, 149.84, 242.08, 1.79407
_10402_, 149.84, 242.08, 1.79407
FILLER_0_85_317, 149.84, 242.08, 1.79407
FILLER_0_86_321, 149.84, 242.08, 1.79407
_10220_, 162.64, 242.08, 1.79416
_10222_, 162.64, 242.08, 1.79416
_10223_, 162.64, 242.08, 1.79416
_10243_, 162.64, 242.08, 1.79416
FILLER_0_85_349, 162.64, 242.08, 1.79416
_07044_, 188.24, 242.08, 1.79431
_10010_, 188.24, 242.08, 1.79431
_10184_, 188.24, 242.08, 1.79431
_10185_, 188.24, 242.08, 1.79431
_10186_, 188.24, 242.08, 1.79431
_10357_, 188.24, 242.08, 1.79431
_10358_, 188.24, 242.08, 1.79431
FILLER_0_84_385, 188.24, 242.08, 1.79431
FILLER_0_85_405, 188.24, 242.08, 1.79431
_07757_, 201.04, 242.08, 1.79438
_09790_, 201.04, 242.08, 1.79438
_09791_, 201.04, 242.08, 1.79438
_10007_, 201.04, 242.08, 1.79438
_10009_, 201.04, 242.08, 1.79438
FILLER_0_84_417, 201.04, 242.08, 1.79438
FILLER_0_85_417, 201.04, 242.08, 1.79438
FILLER_0_85_433, 201.04, 242.08, 1.79438
FILLER_0_86_429, 201.04, 242.08, 1.79438
_08170_, 213.84, 242.08, 1.79444
_08171_, 213.84, 242.08, 1.79444
_08387_, 213.84, 242.08, 1.79444
FILLER_0_85_466, 213.84, 242.08, 1.79444
_07043_, 226.64, 242.08, 1.79451
_07679_, 226.64, 242.08, 1.79451
_08152_, 226.64, 242.08, 1.79451
_08167_, 226.64, 242.08, 1.79451
_08168_, 226.64, 242.08, 1.79451
_08172_, 226.64, 242.08, 1.79451
_08382_, 226.64, 242.08, 1.79451
FILLER_0_86_489, 226.64, 242.08, 1.79451
_07452_, 239.44, 242.08, 1.79458
_07453_, 239.44, 242.08, 1.79458
_07672_, 239.44, 242.08, 1.79458
_07673_, 239.44, 242.08, 1.79458
_07680_, 239.44, 242.08, 1.79458
FILLER_0_84_508, 239.44, 242.08, 1.79458
_09573_, 252.24, 242.08, 1.79466
_09574_, 252.24, 242.08, 1.79466
_09748_, 252.24, 242.08, 1.79466
FILLER_0_84_529, 252.24, 242.08, 1.79466
FILLER_0_84_533, 252.24, 242.08, 1.79466
FILLER_0_85_540, 252.24, 242.08, 1.79466
_07825_, 265.04, 242.08, 1.79475
_07829_, 265.04, 242.08, 1.79475
FILLER_0_85_573, 265.04, 242.08, 1.79475
_07827_, 277.84, 242.08, 1.79483
_07847_, 277.84, 242.08, 1.79483
_07848_, 277.84, 242.08, 1.79483
_07895_, 277.84, 242.08, 1.79483
FILLER_0_84_581, 277.84, 242.08, 1.79483
FILLER_0_85_590, 277.84, 242.08, 1.79483
_07770_, 290.64, 242.08, 1.79492
FILLER_0_84_608, 290.64, 242.08, 1.79492
FILLER_0_85_607, 290.64, 242.08, 1.79492
_07772_, 303.44, 242.08, 1.79502
_07774_, 303.44, 242.08, 1.79502
_07779_, 303.44, 242.08, 1.79502
FILLER_0_84_636, 303.44, 242.08, 1.79502
FILLER_0_85_641, 303.44, 242.08, 1.79502
_08378_, 316.24, 242.08, 1.79511
_08385_, 316.24, 242.08, 1.79511
FILLER_0_85_668, 316.24, 242.08, 1.79511
_08444_, 341.442, 242.08, 1.79511
_08539_, 341.442, 242.08, 1.79511
FILLER_0_85_723, 341.442, 242.08, 1.79511
FILLER_0_85_741, 341.442, 242.08, 1.79511
_06964_, 353.845, 242.08, 1.79503
_08727_, 353.845, 242.08, 1.79503
_08729_, 353.845, 242.08, 1.79503
_08734_, 353.845, 242.08, 1.79503
FILLER_0_84_749, 353.845, 242.08, 1.79503
FILLER_0_85_767, 353.845, 242.08, 1.79503
_06949_, 366.247, 242.08, 1.79495
_06950_, 366.247, 242.08, 1.79495
_06951_, 366.247, 242.08, 1.79495
_06965_, 366.247, 242.08, 1.79495
_08722_, 366.247, 242.08, 1.79495
_06966_, 378.65, 242.08, 1.79488
_06967_, 378.65, 242.08, 1.79488
_06971_, 378.65, 242.08, 1.79488
_08757_, 378.65, 242.08, 1.79488
FILLER_0_85_809, 378.65, 242.08, 1.79488
FILLER_0_86_813, 378.65, 242.08, 1.79488
_07393_, 391.052, 242.08, 1.79482
_07726_, 391.052, 242.08, 1.79482
_08488_, 391.052, 242.08, 1.79482
FILLER_0_85_833, 391.052, 242.08, 1.79482
_07682_, 403.455, 242.08, 1.79477
_07683_, 403.455, 242.08, 1.79477
_07684_, 403.455, 242.08, 1.79477
_07720_, 403.455, 242.08, 1.79477
_07721_, 403.455, 242.08, 1.79477
_07724_, 403.455, 242.08, 1.79477
FILLER_0_84_860, 403.455, 242.08, 1.79477
FILLER_0_85_863, 403.455, 242.08, 1.79477
_07662_, 415.857, 242.08, 1.79475
_07663_, 415.857, 242.08, 1.79475
_07666_, 415.857, 242.08, 1.79475
_07670_, 415.857, 242.08, 1.79475
FILLER_0_84_892, 415.857, 242.08, 1.79475
PHY_164, 5.52, 236.64, 1.79372
PHY_166, 5.52, 236.64, 1.79372
PHY_165, 428.26, 236.64, 1.7951
PHY_167, 428.26, 236.64, 1.7951
output96, 428.26, 236.64, 1.7951
FILLER_0_83_912, 428.26, 236.64, 1.7951
_12031_, 34.64, 236.64, 1.79369
_12135_, 34.64, 236.64, 1.79369
_12136_, 34.64, 236.64, 1.79369
_12206_, 34.64, 236.64, 1.79369
fanout151, 34.64, 236.64, 1.79369
fanout153, 34.64, 236.64, 1.79369
FILLER_0_83_51, 34.64, 236.64, 1.79369
FILLER_0_83_60, 34.64, 236.64, 1.79369
_12020_, 47.44, 236.64, 1.79371
FILLER_0_82_85, 47.44, 236.64, 1.79371
FILLER_0_84_103, 47.44, 236.64, 1.79371
_11936_, 60.24, 236.64, 1.79373
_11937_, 60.24, 236.64, 1.79373
_12019_, 60.24, 236.64, 1.79373
FILLER_0_83_132, 60.24, 236.64, 1.79373
FILLER_0_84_127, 60.24, 236.64, 1.79373
_11799_, 73.04, 236.64, 1.79377
_11800_, 73.04, 236.64, 1.79377
_11801_, 73.04, 236.64, 1.79377
_11895_, 73.04, 236.64, 1.79377
_11896_, 73.04, 236.64, 1.79377
_11897_, 73.04, 236.64, 1.79377
_11898_, 73.04, 236.64, 1.79377
_11973_, 73.04, 236.64, 1.79377
FILLER_0_82_134, 73.04, 236.64, 1.79377
FILLER_0_83_159, 73.04, 236.64, 1.79377
_10449_, 85.84, 236.64, 1.79383
_11891_, 85.84, 236.64, 1.79383
_11892_, 85.84, 236.64, 1.79383
_11893_, 85.84, 236.64, 1.79383
_11894_, 85.84, 236.64, 1.79383
FILLER_0_82_173, 85.84, 236.64, 1.79383
FILLER_0_83_173, 85.84, 236.64, 1.79383
FILLER_0_84_187, 85.84, 236.64, 1.79383
_11355_, 98.64, 236.64, 1.79389
_11486_, 98.64, 236.64, 1.79389
FILLER_0_82_190, 98.64, 236.64, 1.79389
_08132_, 111.44, 236.64, 1.79397
_11351_, 111.44, 236.64, 1.79397
FILLER_0_82_220, 111.44, 236.64, 1.79397
_10904_, 124.24, 236.64, 1.79404
FILLER_0_82_245, 124.24, 236.64, 1.79404
FILLER_0_82_253, 124.24, 236.64, 1.79404
FILLER_0_83_249, 124.24, 236.64, 1.79404
FILLER_0_84_269, 124.24, 236.64, 1.79404
_10710_, 137.04, 236.64, 1.79412
_10717_, 137.04, 236.64, 1.79412
_10719_, 137.04, 236.64, 1.79412
FILLER_0_83_273, 137.04, 236.64, 1.79412
FILLER_0_83_281, 137.04, 236.64, 1.79412
FILLER_0_83_292, 137.04, 236.64, 1.79412
_10550_, 149.84, 236.64, 1.79421
_10551_, 149.84, 236.64, 1.79421
_10715_, 149.84, 236.64, 1.79421
_10716_, 149.84, 236.64, 1.79421
_07024_, 162.64, 236.64, 1.79429
_10359_, 162.64, 236.64, 1.79429
_10547_, 162.64, 236.64, 1.79429
_10548_, 162.64, 236.64, 1.79429
FILLER_0_83_333, 162.64, 236.64, 1.79429
FILLER_0_84_355, 162.64, 236.64, 1.79429
_10012_, 188.24, 236.64, 1.79444
_10015_, 188.24, 236.64, 1.79444
_10365_, 188.24, 236.64, 1.79444
FILLER_0_83_405, 188.24, 236.64, 1.79444
FILLER_0_84_409, 188.24, 236.64, 1.79444
_09792_, 201.04, 236.64, 1.79451
_09794_, 201.04, 236.64, 1.79451
_09795_, 201.04, 236.64, 1.79451
_10011_, 201.04, 236.64, 1.79451
FILLER_0_82_415, 201.04, 236.64, 1.79451
FILLER_0_83_418, 201.04, 236.64, 1.79451
FILLER_0_83_436, 201.04, 236.64, 1.79451
_08144_, 213.84, 236.64, 1.79458
_08166_, 213.84, 236.64, 1.79458
FILLER_0_83_449, 213.84, 236.64, 1.79458
FILLER_0_83_461, 213.84, 236.64, 1.79458
FILLER_0_84_465, 213.84, 236.64, 1.79458
_07042_, 226.64, 236.64, 1.79465
_07424_, 226.64, 236.64, 1.79465
_08158_, 226.64, 236.64, 1.79465
_08163_, 226.64, 236.64, 1.79465
_08177_, 226.64, 236.64, 1.79465
_08383_, 226.64, 236.64, 1.79465
FILLER_0_83_482, 226.64, 236.64, 1.79465
FILLER_0_84_485, 226.64, 236.64, 1.79465
_07429_, 239.44, 236.64, 1.79473
_07430_, 239.44, 236.64, 1.79473
_07431_, 239.44, 236.64, 1.79473
_07671_, 239.44, 236.64, 1.79473
FILLER_0_82_503, 239.44, 236.64, 1.79473
FILLER_0_83_501, 239.44, 236.64, 1.79473
_07797_, 252.24, 236.64, 1.79481
_07814_, 252.24, 236.64, 1.79481
_09575_, 252.24, 236.64, 1.79481
_09752_, 252.24, 236.64, 1.79481
FILLER_0_82_529, 252.24, 236.64, 1.79481
FILLER_0_82_533, 252.24, 236.64, 1.79481
FILLER_0_84_546, 252.24, 236.64, 1.79481
_07826_, 265.04, 236.64, 1.7949
_07849_, 265.04, 236.64, 1.7949
_07850_, 265.04, 236.64, 1.7949
_07851_, 265.04, 236.64, 1.7949
FILLER_0_82_556, 265.04, 236.64, 1.7949
FILLER_0_83_552, 265.04, 236.64, 1.7949
_07792_, 277.84, 236.64, 1.795
_07793_, 277.84, 236.64, 1.795
FILLER_0_83_580, 277.84, 236.64, 1.795
_07771_, 290.64, 236.64, 1.7951
_07776_, 290.64, 236.64, 1.7951
_09555_, 290.64, 236.64, 1.7951
_09556_, 290.64, 236.64, 1.7951
_09557_, 290.64, 236.64, 1.7951
_09558_, 290.64, 236.64, 1.7951
FILLER_0_83_606, 290.64, 236.64, 1.7951
FILLER_0_83_623, 290.64, 236.64, 1.7951
FILLER_0_84_628, 290.64, 236.64, 1.7951
_07773_, 303.44, 236.64, 1.7952
_07775_, 303.44, 236.64, 1.7952
_07777_, 303.44, 236.64, 1.7952
_07780_, 303.44, 236.64, 1.7952
_07784_, 303.44, 236.64, 1.7952
_07785_, 303.44, 236.64, 1.7952
_07786_, 303.44, 236.64, 1.7952
FILLER_0_82_641, 303.44, 236.64, 1.7952
_08379_, 316.24, 236.64, 1.79531
_08381_, 316.24, 236.64, 1.79531
_08389_, 316.24, 236.64, 1.79531
FILLER_0_83_685, 316.24, 236.64, 1.79531
FILLER_0_84_677, 316.24, 236.64, 1.79531
FILLER_0_84_685, 316.24, 236.64, 1.79531
_08445_, 341.442, 236.64, 1.79535
_08485_, 341.442, 236.64, 1.79535
_08486_, 341.442, 236.64, 1.79535
_08487_, 341.442, 236.64, 1.79535
FILLER_0_82_720, 341.442, 236.64, 1.79535
FILLER_0_82_727, 341.442, 236.64, 1.79535
_08738_, 353.845, 236.64, 1.7953
_08739_, 353.845, 236.64, 1.7953
FILLER_0_82_744, 353.845, 236.64, 1.7953
_06782_, 366.247, 236.64, 1.79525
_06952_, 366.247, 236.64, 1.79525
_06953_, 366.247, 236.64, 1.79525
_08702_, 366.247, 236.64, 1.79525
_06954_, 378.65, 236.64, 1.79521
_06968_, 378.65, 236.64, 1.79521
_08700_, 378.65, 236.64, 1.79521
_07394_, 391.052, 236.64, 1.79517
_07395_, 391.052, 236.64, 1.79517
_07722_, 391.052, 236.64, 1.79517
_08483_, 391.052, 236.64, 1.79517
_08484_, 391.052, 236.64, 1.79517
FILLER_0_82_837, 391.052, 236.64, 1.79517
FILLER_0_84_847, 391.052, 236.64, 1.79517
_07664_, 403.455, 236.64, 1.79514
_07676_, 403.455, 236.64, 1.79514
_07728_, 403.455, 236.64, 1.79514
FILLER_0_82_860, 403.455, 236.64, 1.79514
FILLER_0_83_871, 403.455, 236.64, 1.79514
_07674_, 415.857, 236.64, 1.79511
_07685_, 415.857, 236.64, 1.79511
rebuffer32, 415.857, 236.64, 1.79511
FILLER_0_83_879, 415.857, 236.64, 1.79511
FILLER_0_83_885, 415.857, 236.64, 1.79511
FILLER_0_83_893, 415.857, 236.64, 1.79511
PHY_160, 5.52, 231.2, 1.79379
PHY_162, 5.52, 231.2, 1.79379
input13, 5.52, 231.2, 1.79379
FILLER_0_81_3, 5.52, 231.2, 1.79379
PHY_161, 428.26, 231.2, 1.79517
PHY_163, 428.26, 231.2, 1.79517
FILLER_0_80_908, 428.26, 231.2, 1.79517
FILLER_0_81_909, 428.26, 231.2, 1.79517
_12699_, 13.68, 231.2, 1.79379
FILLER_0_82_19, 13.68, 231.2, 1.79379
_12134_, 34.64, 231.2, 1.79376
_12203_, 34.64, 231.2, 1.79376
_12204_, 34.64, 231.2, 1.79376
_12205_, 34.64, 231.2, 1.79376
FILLER_0_82_76, 34.64, 231.2, 1.79376
_12017_, 47.44, 231.2, 1.79376
_12018_, 47.44, 231.2, 1.79376
_12040_, 47.44, 231.2, 1.79376
_12112_, 47.44, 231.2, 1.79376
_12114_, 47.44, 231.2, 1.79376
_12132_, 47.44, 231.2, 1.79376
FILLER_0_81_89, 47.44, 231.2, 1.79376
FILLER_0_81_105, 47.44, 231.2, 1.79376
_11985_, 60.24, 231.2, 1.7938
_12111_, 60.24, 231.2, 1.7938
FILLER_0_81_125, 60.24, 231.2, 1.7938
_11980_, 73.04, 231.2, 1.79385
_11981_, 73.04, 231.2, 1.79385
_11982_, 73.04, 231.2, 1.79385
_11983_, 73.04, 231.2, 1.79385
_11984_, 73.04, 231.2, 1.79385
FILLER_0_80_133, 73.04, 231.2, 1.79385
FILLER_0_80_146, 73.04, 231.2, 1.79385
FILLER_0_82_153, 73.04, 231.2, 1.79385
_10704_, 85.84, 231.2, 1.79391
_10892_, 85.84, 231.2, 1.79391
_11600_, 85.84, 231.2, 1.79391
_11601_, 85.84, 231.2, 1.79391
_11890_, 85.84, 231.2, 1.79391
FILLER_0_81_161, 85.84, 231.2, 1.79391
_11461_, 98.64, 231.2, 1.79397
_11483_, 98.64, 231.2, 1.79397
_11484_, 98.64, 231.2, 1.79397
_11485_, 98.64, 231.2, 1.79397
_11574_, 98.64, 231.2, 1.79397
_11599_, 98.64, 231.2, 1.79397
FILLER_0_80_192, 98.64, 231.2, 1.79397
FILLER_0_81_212, 98.64, 231.2, 1.79397
FILLER_0_82_210, 98.64, 231.2, 1.79397
_11350_, 111.44, 231.2, 1.79405
_11481_, 111.44, 231.2, 1.79405
_11482_, 111.44, 231.2, 1.79405
max_cap144, 111.44, 231.2, 1.79405
_10902_, 124.24, 231.2, 1.79413
_10903_, 124.24, 231.2, 1.79413
_11195_, 124.24, 231.2, 1.79413
_11197_, 124.24, 231.2, 1.79413
FILLER_0_80_245, 124.24, 231.2, 1.79413
FILLER_0_80_253, 124.24, 231.2, 1.79413
FILLER_0_81_248, 124.24, 231.2, 1.79413
FILLER_0_81_259, 124.24, 231.2, 1.79413
_11348_, 137.04, 231.2, 1.79421
FILLER_0_80_278, 137.04, 231.2, 1.79421
FILLER_0_81_276, 137.04, 231.2, 1.79421
_10549_, 149.84, 231.2, 1.7943
_10712_, 149.84, 231.2, 1.7943
_10713_, 149.84, 231.2, 1.7943
_10714_, 149.84, 231.2, 1.7943
FILLER_0_80_301, 149.84, 231.2, 1.7943
FILLER_0_81_305, 149.84, 231.2, 1.7943
FILLER_0_81_314, 149.84, 231.2, 1.7943
FILLER_0_82_321, 149.84, 231.2, 1.7943
_07756_, 162.64, 231.2, 1.79438
_09840_, 162.64, 231.2, 1.79438
_10361_, 162.64, 231.2, 1.79438
_10363_, 162.64, 231.2, 1.79438
_10515_, 162.64, 231.2, 1.79438
FILLER_0_81_350, 162.64, 231.2, 1.79438
_10013_, 188.24, 231.2, 1.79453
_10014_, 188.24, 231.2, 1.79453
_10192_, 188.24, 231.2, 1.79453
_10366_, 188.24, 231.2, 1.79453
_07923_, 201.04, 231.2, 1.7946
_09796_, 201.04, 231.2, 1.7946
_09987_, 201.04, 231.2, 1.7946
_08076_, 213.84, 231.2, 1.79468
_08131_, 213.84, 231.2, 1.79468
_08157_, 213.84, 231.2, 1.79468
_09589_, 213.84, 231.2, 1.79468
FILLER_0_82_455, 213.84, 231.2, 1.79468
_07422_, 226.64, 231.2, 1.79477
_08175_, 226.64, 231.2, 1.79477
_08176_, 226.64, 231.2, 1.79477
_08182_, 226.64, 231.2, 1.79477
FILLER_0_80_470, 226.64, 231.2, 1.79477
FILLER_0_81_469, 226.64, 231.2, 1.79477
FILLER_0_81_491, 226.64, 231.2, 1.79477
FILLER_0_82_482, 226.64, 231.2, 1.79477
FILLER_0_82_490, 226.64, 231.2, 1.79477
_07432_, 239.44, 231.2, 1.79486
_07433_, 239.44, 231.2, 1.79486
_07435_, 239.44, 231.2, 1.79486
_07436_, 239.44, 231.2, 1.79486
_07437_, 239.44, 231.2, 1.79486
_07450_, 239.44, 231.2, 1.79486
FILLER_0_81_499, 239.44, 231.2, 1.79486
FILLER_0_81_505, 239.44, 231.2, 1.79486
_07455_, 252.24, 231.2, 1.79495
_07667_, 252.24, 231.2, 1.79495
_09753_, 252.24, 231.2, 1.79495
_09551_, 265.04, 231.2, 1.79505
_09576_, 265.04, 231.2, 1.79505
_09577_, 265.04, 231.2, 1.79505
FILLER_0_82_572, 265.04, 231.2, 1.79505
_09562_, 277.84, 231.2, 1.79515
FILLER_0_82_601, 277.84, 231.2, 1.79515
_07781_, 290.64, 231.2, 1.79525
_07782_, 290.64, 231.2, 1.79525
_09742_, 290.64, 231.2, 1.79525
FILLER_0_81_609, 290.64, 231.2, 1.79525
FILLER_0_80_637, 303.44, 231.2, 1.79535
FILLER_0_80_645, 303.44, 231.2, 1.79535
FILLER_0_82_657, 303.44, 231.2, 1.79535
_08384_, 316.24, 231.2, 1.79545
_08403_, 316.24, 231.2, 1.79545
FILLER_0_80_674, 316.24, 231.2, 1.79545
FILLER_0_81_673, 316.24, 231.2, 1.79545
_08540_, 341.442, 231.2, 1.79544
_09278_, 341.442, 231.2, 1.79544
_09279_, 341.442, 231.2, 1.79544
FILLER_0_80_719, 341.442, 231.2, 1.79544
FILLER_0_81_717, 341.442, 231.2, 1.79544
FILLER_0_81_725, 341.442, 231.2, 1.79544
FILLER_0_81_729, 341.442, 231.2, 1.79544
FILLER_0_81_739, 341.442, 231.2, 1.79544
_08730_, 353.845, 231.2, 1.79539
_08732_, 353.845, 231.2, 1.79539
_08733_, 353.845, 231.2, 1.79539
_08735_, 353.845, 231.2, 1.79539
_08750_, 353.845, 231.2, 1.79539
FILLER_0_80_751, 353.845, 231.2, 1.79539
FILLER_0_81_754, 353.845, 231.2, 1.79539
_08701_, 366.247, 231.2, 1.79534
_08703_, 366.247, 231.2, 1.79534
_08704_, 366.247, 231.2, 1.79534
FILLER_0_81_773, 366.247, 231.2, 1.79534
FILLER_0_81_781, 366.247, 231.2, 1.79534
_07391_, 378.65, 231.2, 1.79529
_07392_, 378.65, 231.2, 1.79529
FILLER_0_80_803, 378.65, 231.2, 1.79529
FILLER_0_81_810, 378.65, 231.2, 1.79529
FILLER_0_82_813, 378.65, 231.2, 1.79529
_07723_, 391.052, 231.2, 1.79524
_07729_, 391.052, 231.2, 1.79524
FILLER_0_81_837, 391.052, 231.2, 1.79524
FILLER_0_82_845, 391.052, 231.2, 1.79524
_07665_, 403.455, 231.2, 1.7952
_07689_, 403.455, 231.2, 1.7952
_07709_, 403.455, 231.2, 1.7952
_07669_, 415.857, 231.2, 1.79517
_07688_, 415.857, 231.2, 1.79517
_07716_, 415.857, 231.2, 1.79517
PHY_156, 5.52, 225.76, 1.79391
PHY_158, 5.52, 225.76, 1.79391
PHY_157, 428.26, 225.76, 1.79543
PHY_159, 428.26, 225.76, 1.79543
FILLER_0_78_909, 428.26, 225.76, 1.79543
FILLER_0_79_909, 428.26, 225.76, 1.79543
_12133_, 34.64, 225.76, 1.79388
_12201_, 34.64, 225.76, 1.79388
_12202_, 34.64, 225.76, 1.79388
_12266_, 34.64, 225.76, 1.79388
FILLER_0_79_71, 34.64, 225.76, 1.79388
FILLER_0_80_65, 34.64, 225.76, 1.79388
FILLER_0_80_73, 34.64, 225.76, 1.79388
_12016_, 47.44, 225.76, 1.79389
_12109_, 47.44, 225.76, 1.79389
_12110_, 47.44, 225.76, 1.79389
_12113_, 47.44, 225.76, 1.79389
_12199_, 47.44, 225.76, 1.79389
_12200_, 47.44, 225.76, 1.79389
FILLER_0_79_91, 47.44, 225.76, 1.79389
FILLER_0_79_99, 47.44, 225.76, 1.79389
_12070_, 60.24, 225.76, 1.79393
_12072_, 60.24, 225.76, 1.79393
_12073_, 60.24, 225.76, 1.79393
_12074_, 60.24, 225.76, 1.79393
_12174_, 60.24, 225.76, 1.79393
_12175_, 60.24, 225.76, 1.79393
_11764_, 73.04, 225.76, 1.79399
_11979_, 73.04, 225.76, 1.79399
_12071_, 73.04, 225.76, 1.79399
FILLER_0_79_160, 73.04, 225.76, 1.79399
FILLER_0_80_154, 73.04, 225.76, 1.79399
_11598_, 85.84, 225.76, 1.79405
_11731_, 85.84, 225.76, 1.79405
FILLER_0_78_173, 85.84, 225.76, 1.79405
FILLER_0_79_169, 85.84, 225.76, 1.79405
FILLER_0_79_177, 85.84, 225.76, 1.79405
_11728_, 98.64, 225.76, 1.79411
_11477_, 111.44, 225.76, 1.79418
_11479_, 111.44, 225.76, 1.79418
_11480_, 111.44, 225.76, 1.79418
_11575_, 111.44, 225.76, 1.79418
_11576_, 111.44, 225.76, 1.79418
_11579_, 111.44, 225.76, 1.79418
FILLER_0_78_221, 111.44, 225.76, 1.79418
FILLER_0_79_225, 111.44, 225.76, 1.79418
_11041_, 124.24, 225.76, 1.79426
_11045_, 124.24, 225.76, 1.79426
_11046_, 124.24, 225.76, 1.79426
_11196_, 124.24, 225.76, 1.79426
FILLER_0_79_251, 124.24, 225.76, 1.79426
FILLER_0_79_259, 124.24, 225.76, 1.79426
FILLER_0_80_261, 124.24, 225.76, 1.79426
_11191_, 137.04, 225.76, 1.79433
_11193_, 137.04, 225.76, 1.79433
_11194_, 137.04, 225.76, 1.79433
_11347_, 137.04, 225.76, 1.79433
_11349_, 137.04, 225.76, 1.79433
FILLER_0_79_289, 137.04, 225.76, 1.79433
_09655_, 149.84, 225.76, 1.79441
_10394_, 149.84, 225.76, 1.79441
_11190_, 149.84, 225.76, 1.79441
_11192_, 149.84, 225.76, 1.79441
_11344_, 149.84, 225.76, 1.79441
_11345_, 149.84, 225.76, 1.79441
FILLER_0_79_305, 149.84, 225.76, 1.79441
FILLER_0_79_326, 149.84, 225.76, 1.79441
_10520_, 162.64, 225.76, 1.7945
_10016_, 188.24, 225.76, 1.79464
_10017_, 188.24, 225.76, 1.79464
_10193_, 188.24, 225.76, 1.79464
_10364_, 188.24, 225.76, 1.79464
FILLER_0_79_393, 188.24, 225.76, 1.79464
FILLER_0_80_407, 188.24, 225.76, 1.79464
_09768_, 201.04, 225.76, 1.79471
_09797_, 201.04, 225.76, 1.79471
_09986_, 201.04, 225.76, 1.79471
FILLER_0_78_412, 201.04, 225.76, 1.79471
FILLER_0_79_417, 201.04, 225.76, 1.79471
FILLER_0_79_433, 201.04, 225.76, 1.79471
_07415_, 213.84, 225.76, 1.79479
_08164_, 213.84, 225.76, 1.79479
_08180_, 213.84, 225.76, 1.79479
_09629_, 213.84, 225.76, 1.79479
_09630_, 213.84, 225.76, 1.79479
FILLER_0_78_445, 213.84, 225.76, 1.79479
FILLER_0_79_443, 213.84, 225.76, 1.79479
_06349_, 226.64, 225.76, 1.79488
_07033_, 226.64, 225.76, 1.79488
_08173_, 226.64, 225.76, 1.79488
_08181_, 226.64, 225.76, 1.79488
_08407_, 226.64, 225.76, 1.79488
FILLER_0_79_484, 226.64, 225.76, 1.79488
FILLER_0_79_493, 226.64, 225.76, 1.79488
_07426_, 239.44, 225.76, 1.79497
_07427_, 239.44, 225.76, 1.79497
_07428_, 239.44, 225.76, 1.79497
_07438_, 239.44, 225.76, 1.79497
_07439_, 239.44, 225.76, 1.79497
_07445_, 239.44, 225.76, 1.79497
_07451_, 239.44, 225.76, 1.79497
FILLER_0_79_501, 239.44, 225.76, 1.79497
FILLER_0_80_509, 239.44, 225.76, 1.79497
FILLER_0_80_522, 239.44, 225.76, 1.79497
_07668_, 252.24, 225.76, 1.79507
_09754_, 252.24, 225.76, 1.79507
_09955_, 252.24, 225.76, 1.79507
FILLER_0_78_527, 252.24, 225.76, 1.79507
FILLER_0_79_549, 252.24, 225.76, 1.79507
FILLER_0_80_548, 252.24, 225.76, 1.79507
_09578_, 265.04, 225.76, 1.79517
_09579_, 265.04, 225.76, 1.79517
_09758_, 265.04, 225.76, 1.79517
FILLER_0_79_578, 265.04, 225.76, 1.79517
_09559_, 277.84, 225.76, 1.79529
_09560_, 277.84, 225.76, 1.79529
_09561_, 277.84, 225.76, 1.79529
_09563_, 277.84, 225.76, 1.79529
_09741_, 277.84, 225.76, 1.79529
_09743_, 277.84, 225.76, 1.79529
_07852_, 290.64, 225.76, 1.79541
_07870_, 290.64, 225.76, 1.79541
FILLER_0_78_608, 290.64, 225.76, 1.79541
FILLER_0_79_611, 290.64, 225.76, 1.79541
_07876_, 303.44, 225.76, 1.79553
_08380_, 303.44, 225.76, 1.79553
_08404_, 303.44, 225.76, 1.79553
_08405_, 303.44, 225.76, 1.79553
FILLER_0_78_637, 303.44, 225.76, 1.79553
FILLER_0_79_637, 303.44, 225.76, 1.79553
FILLER_0_79_645, 303.44, 225.76, 1.79553
_07877_, 316.24, 225.76, 1.79566
_07879_, 316.24, 225.76, 1.79566
_08402_, 316.24, 225.76, 1.79566
_08426_, 316.24, 225.76, 1.79566
FILLER_0_79_673, 316.24, 225.76, 1.79566
FILLER_0_80_684, 316.24, 225.76, 1.79566
_08481_, 341.442, 225.76, 1.79571
_08541_, 341.442, 225.76, 1.79571
FILLER_0_79_725, 341.442, 225.76, 1.79571
_08731_, 353.845, 225.76, 1.79566
_08736_, 353.845, 225.76, 1.79566
_08737_, 353.845, 225.76, 1.79566
_08749_, 353.845, 225.76, 1.79566
_08751_, 353.845, 225.76, 1.79566
FILLER_0_79_749, 353.845, 225.76, 1.79566
_06295_, 366.247, 225.76, 1.7956
_07225_, 366.247, 225.76, 1.7956
_08705_, 366.247, 225.76, 1.7956
_08755_, 366.247, 225.76, 1.7956
FILLER_0_78_778, 366.247, 225.76, 1.7956
FILLER_0_79_781, 366.247, 225.76, 1.7956
FILLER_0_79_785, 366.247, 225.76, 1.7956
_07301_, 378.65, 225.76, 1.79555
_07306_, 378.65, 225.76, 1.79555
_07389_, 378.65, 225.76, 1.79555
_07390_, 378.65, 225.76, 1.79555
FILLER_0_78_808, 378.65, 225.76, 1.79555
FILLER_0_79_800, 378.65, 225.76, 1.79555
FILLER_0_80_813, 378.65, 225.76, 1.79555
_07322_, 391.052, 225.76, 1.7955
_07323_, 391.052, 225.76, 1.7955
_07325_, 391.052, 225.76, 1.7955
_07383_, 391.052, 225.76, 1.7955
_07384_, 391.052, 225.76, 1.7955
FILLER_0_79_826, 391.052, 225.76, 1.7955
FILLER_0_79_834, 391.052, 225.76, 1.7955
FILLER_0_80_849, 391.052, 225.76, 1.7955
_07396_, 403.455, 225.76, 1.79546
_07397_, 403.455, 225.76, 1.79546
_07690_, 403.455, 225.76, 1.79546
_07710_, 403.455, 225.76, 1.79546
FILLER_0_78_863, 403.455, 225.76, 1.79546
FILLER_0_79_857, 403.455, 225.76, 1.79546
FILLER_0_80_869, 403.455, 225.76, 1.79546
_07687_, 415.857, 225.76, 1.79543
_07713_, 415.857, 225.76, 1.79543
_07719_, 415.857, 225.76, 1.79543
FILLER_0_79_881, 415.857, 225.76, 1.79543
PHY_152, 5.52, 220.32, 1.794
PHY_154, 5.52, 220.32, 1.794
input30, 5.52, 220.32, 1.794
FILLER_0_77_7, 5.52, 220.32, 1.794
PHY_153, 428.26, 220.32, 1.79565
PHY_155, 428.26, 220.32, 1.79565
input19, 428.26, 220.32, 1.79565
FILLER_0_77_909, 428.26, 220.32, 1.79565
_12711_, 13.68, 220.32, 1.794
FILLER_0_77_15, 13.68, 220.32, 1.794
_12260_, 34.64, 220.32, 1.79403
_12263_, 34.64, 220.32, 1.79403
_12265_, 34.64, 220.32, 1.79403
FILLER_0_76_53, 34.64, 220.32, 1.79403
FILLER_0_77_72, 34.64, 220.32, 1.79403
FILLER_0_78_77, 34.64, 220.32, 1.79403
_12176_, 47.44, 220.32, 1.79406
_12196_, 47.44, 220.32, 1.79406
_12198_, 47.44, 220.32, 1.79406
FILLER_0_76_85, 47.44, 220.32, 1.79406
FILLER_0_77_80, 47.44, 220.32, 1.79406
FILLER_0_77_88, 47.44, 220.32, 1.79406
FILLER_0_77_96, 47.44, 220.32, 1.79406
FILLER_0_77_104, 47.44, 220.32, 1.79406
_12069_, 60.24, 220.32, 1.79411
_12173_, 60.24, 220.32, 1.79411
_12235_, 60.24, 220.32, 1.79411
FILLER_0_78_120, 60.24, 220.32, 1.79411
FILLER_0_78_131, 60.24, 220.32, 1.79411
_11975_, 73.04, 220.32, 1.79416
_11977_, 73.04, 220.32, 1.79416
_11978_, 73.04, 220.32, 1.79416
_12064_, 73.04, 220.32, 1.79416
FILLER_0_77_144, 73.04, 220.32, 1.79416
_11729_, 85.84, 220.32, 1.79421
_11730_, 85.84, 220.32, 1.79421
_11976_, 85.84, 220.32, 1.79421
_12051_, 85.84, 220.32, 1.79421
_12054_, 85.84, 220.32, 1.79421
FILLER_0_77_169, 85.84, 220.32, 1.79421
FILLER_0_77_185, 85.84, 220.32, 1.79421
FILLER_0_78_187, 85.84, 220.32, 1.79421
_11465_, 98.64, 220.32, 1.79426
_11472_, 98.64, 220.32, 1.79426
_11595_, 98.64, 220.32, 1.79426
_11597_, 98.64, 220.32, 1.79426
FILLER_0_76_193, 98.64, 220.32, 1.79426
FILLER_0_76_197, 98.64, 220.32, 1.79426
FILLER_0_77_198, 98.64, 220.32, 1.79426
_11463_, 111.44, 220.32, 1.79432
_11464_, 111.44, 220.32, 1.79432
_11476_, 111.44, 220.32, 1.79432
_11478_, 111.44, 220.32, 1.79432
_11578_, 111.44, 220.32, 1.79432
FILLER_0_76_222, 111.44, 220.32, 1.79432
FILLER_0_77_220, 111.44, 220.32, 1.79432
FILLER_0_77_237, 111.44, 220.32, 1.79432
FILLER_0_78_232, 111.44, 220.32, 1.79432
_10747_, 124.24, 220.32, 1.79438
_11040_, 124.24, 220.32, 1.79438
_11042_, 124.24, 220.32, 1.79438
_11577_, 124.24, 220.32, 1.79438
FILLER_0_76_249, 124.24, 220.32, 1.79438
FILLER_0_78_265, 124.24, 220.32, 1.79438
_11043_, 137.04, 220.32, 1.79444
_11340_, 137.04, 220.32, 1.79444
_11346_, 137.04, 220.32, 1.79444
FILLER_0_77_293, 137.04, 220.32, 1.79444
_11044_, 149.84, 220.32, 1.7945
_11186_, 149.84, 220.32, 1.7945
_11188_, 149.84, 220.32, 1.7945
_11189_, 149.84, 220.32, 1.7945
_11341_, 149.84, 220.32, 1.7945
_11343_, 149.84, 220.32, 1.7945
FILLER_0_76_301, 149.84, 220.32, 1.7945
FILLER_0_77_310, 149.84, 220.32, 1.7945
_10513_, 162.64, 220.32, 1.79456
_10521_, 162.64, 220.32, 1.79456
_10620_, 162.64, 220.32, 1.79456
_10621_, 162.64, 220.32, 1.79456
_10625_, 162.64, 220.32, 1.79456
_10626_, 162.64, 220.32, 1.79456
FILLER_0_77_329, 162.64, 220.32, 1.79456
_09982_, 188.24, 220.32, 1.79459
_10170_, 188.24, 220.32, 1.79459
_11342_, 188.24, 220.32, 1.79459
FILLER_0_77_385, 188.24, 220.32, 1.79459
_09537_, 201.04, 220.32, 1.79455
_09983_, 201.04, 220.32, 1.79455
FILLER_0_77_414, 201.04, 220.32, 1.79455
FILLER_0_77_437, 201.04, 220.32, 1.79455
_09587_, 213.84, 220.32, 1.79451
_09631_, 213.84, 220.32, 1.79451
_09632_, 213.84, 220.32, 1.79451
_09740_, 213.84, 220.32, 1.79451
clkbuf_0_clk, 213.84, 220.32, 1.79451
FILLER_0_78_453, 213.84, 220.32, 1.79451
_08174_, 226.64, 220.32, 1.79465
_08408_, 226.64, 220.32, 1.79465
FILLER_0_76_469, 226.64, 220.32, 1.79465
FILLER_0_77_468, 226.64, 220.32, 1.79465
FILLER_0_77_493, 226.64, 220.32, 1.79465
FILLER_0_78_492, 226.64, 220.32, 1.79465
_07425_, 239.44, 220.32, 1.7948
_07446_, 239.44, 220.32, 1.7948
_09550_, 239.44, 220.32, 1.7948
FILLER_0_77_501, 239.44, 220.32, 1.7948
FILLER_0_77_517, 239.44, 220.32, 1.7948
_09755_, 252.24, 220.32, 1.79496
_09958_, 252.24, 220.32, 1.79496
FILLER_0_76_528, 252.24, 220.32, 1.79496
FILLER_0_77_537, 252.24, 220.32, 1.79496
FILLER_0_77_545, 252.24, 220.32, 1.79496
_07783_, 265.04, 220.32, 1.79512
_09747_, 265.04, 220.32, 1.79512
_09961_, 265.04, 220.32, 1.79512
FILLER_0_77_551, 265.04, 220.32, 1.79512
FILLER_0_77_573, 265.04, 220.32, 1.79512
FILLER_0_78_569, 265.04, 220.32, 1.79512
_09744_, 277.84, 220.32, 1.79528
FILLER_0_76_581, 277.84, 220.32, 1.79528
_07871_, 290.64, 220.32, 1.79544
_07887_, 290.64, 220.32, 1.79544
_07891_, 290.64, 220.32, 1.79544
_07893_, 290.64, 220.32, 1.79544
_07894_, 290.64, 220.32, 1.79544
_07910_, 290.64, 220.32, 1.79544
FILLER_0_76_607, 290.64, 220.32, 1.79544
FILLER_0_77_612, 290.64, 220.32, 1.79544
FILLER_0_78_626, 290.64, 220.32, 1.79544
_07886_, 303.44, 220.32, 1.79561
_07903_, 303.44, 220.32, 1.79561
_07911_, 303.44, 220.32, 1.79561
_08425_, 303.44, 220.32, 1.79561
FILLER_0_76_638, 303.44, 220.32, 1.79561
FILLER_0_77_661, 303.44, 220.32, 1.79561
_07885_, 316.24, 220.32, 1.79578
_07902_, 316.24, 220.32, 1.79578
_08092_, 316.24, 220.32, 1.79578
_08114_, 316.24, 220.32, 1.79578
_08482_, 341.442, 220.32, 1.79584
_08542_, 341.442, 220.32, 1.79584
_09356_, 341.442, 220.32, 1.79584
_09357_, 341.442, 220.32, 1.79584
FILLER_0_76_723, 341.442, 220.32, 1.79584
_08721_, 353.845, 220.32, 1.7958
_08752_, 353.845, 220.32, 1.7958
ANTENNA_9, 353.845, 220.32, 1.7958
FILLER_0_76_748, 353.845, 220.32, 1.7958
FILLER_0_77_753, 353.845, 220.32, 1.7958
FILLER_0_77_761, 353.845, 220.32, 1.7958
FILLER_0_78_764, 353.845, 220.32, 1.7958
_08707_, 366.247, 220.32, 1.79576
_08708_, 366.247, 220.32, 1.79576
_08712_, 366.247, 220.32, 1.79576
FILLER_0_76_774, 366.247, 220.32, 1.79576
FILLER_0_77_797, 366.247, 220.32, 1.79576
FILLER_0_78_795, 366.247, 220.32, 1.79576
_07300_, 378.65, 220.32, 1.79573
_07302_, 378.65, 220.32, 1.79573
_07305_, 378.65, 220.32, 1.79573
_07308_, 391.052, 220.32, 1.79569
_07324_, 391.052, 220.32, 1.79569
_07326_, 391.052, 220.32, 1.79569
_07385_, 391.052, 220.32, 1.79569
FILLER_0_77_833, 391.052, 220.32, 1.79569
_07717_, 403.455, 220.32, 1.79566
_07718_, 403.455, 220.32, 1.79566
_08480_, 403.455, 220.32, 1.79566
FILLER_0_76_857, 403.455, 220.32, 1.79566
FILLER_0_76_865, 403.455, 220.32, 1.79566
FILLER_0_77_853, 403.455, 220.32, 1.79566
FILLER_0_77_866, 403.455, 220.32, 1.79566
FILLER_0_78_869, 403.455, 220.32, 1.79566
_07730_, 415.857, 220.32, 1.79565
_07731_, 415.857, 220.32, 1.79565
PHY_148, 5.52, 214.88, 1.79414
PHY_150, 5.52, 214.88, 1.79414
PHY_149, 428.26, 214.88, 1.7958
PHY_151, 428.26, 214.88, 1.7958
fanout163, 428.26, 214.88, 1.7958
_12712_, 13.68, 214.88, 1.79414
_12259_, 34.64, 214.88, 1.79414
_12261_, 34.64, 214.88, 1.79414
_12262_, 34.64, 214.88, 1.79414
_12264_, 34.64, 214.88, 1.79414
_12318_, 34.64, 214.88, 1.79414
_12319_, 34.64, 214.88, 1.79414
_12320_, 34.64, 214.88, 1.79414
FILLER_0_75_69, 34.64, 214.88, 1.79414
FILLER_0_76_67, 34.64, 214.88, 1.79414
_12197_, 47.44, 214.88, 1.79418
_12244_, 47.44, 214.88, 1.79418
_12245_, 47.44, 214.88, 1.79418
_12246_, 47.44, 214.88, 1.79418
_12316_, 47.44, 214.88, 1.79418
FILLER_0_75_84, 47.44, 214.88, 1.79418
FILLER_0_75_92, 47.44, 214.88, 1.79418
FILLER_0_76_96, 47.44, 214.88, 1.79418
FILLER_0_76_104, 47.44, 214.88, 1.79418
_12065_, 60.24, 214.88, 1.79423
_12066_, 60.24, 214.88, 1.79423
_12067_, 60.24, 214.88, 1.79423
_12068_, 60.24, 214.88, 1.79423
_12170_, 60.24, 214.88, 1.79423
FILLER_0_75_108, 60.24, 214.88, 1.79423
FILLER_0_75_120, 60.24, 214.88, 1.79423
_11974_, 73.04, 214.88, 1.79429
_12057_, 73.04, 214.88, 1.79429
_12058_, 73.04, 214.88, 1.79429
_12059_, 73.04, 214.88, 1.79429
_12060_, 73.04, 214.88, 1.79429
_12061_, 73.04, 214.88, 1.79429
_12062_, 73.04, 214.88, 1.79429
_12063_, 73.04, 214.88, 1.79429
FILLER_0_74_133, 73.04, 214.88, 1.79429
_12052_, 85.84, 214.88, 1.79434
_12055_, 85.84, 214.88, 1.79434
_12056_, 85.84, 214.88, 1.79434
FILLER_0_75_162, 85.84, 214.88, 1.79434
FILLER_0_76_175, 85.84, 214.88, 1.79434
FILLER_0_76_185, 85.84, 214.88, 1.79434
_11469_, 98.64, 214.88, 1.79441
_11470_, 98.64, 214.88, 1.79441
_11471_, 98.64, 214.88, 1.79441
_11596_, 98.64, 214.88, 1.79441
_11724_, 98.64, 214.88, 1.79441
FILLER_0_74_192, 98.64, 214.88, 1.79441
FILLER_0_75_198, 98.64, 214.88, 1.79441
_11339_, 111.44, 214.88, 1.79447
_11354_, 111.44, 214.88, 1.79447
_11693_, 111.44, 214.88, 1.79447
FILLER_0_74_217, 111.44, 214.88, 1.79447
FILLER_0_75_237, 111.44, 214.88, 1.79447
_07036_, 124.24, 214.88, 1.79454
_11468_, 124.24, 214.88, 1.79454
FILLER_0_74_248, 124.24, 214.88, 1.79454
FILLER_0_74_253, 124.24, 214.88, 1.79454
FILLER_0_75_249, 124.24, 214.88, 1.79454
_10708_, 137.04, 214.88, 1.79461
_11466_, 137.04, 214.88, 1.79461
_11588_, 137.04, 214.88, 1.79461
FILLER_0_74_276, 137.04, 214.88, 1.79461
_09656_, 149.84, 214.88, 1.79468
_11187_, 149.84, 214.88, 1.79468
FILLER_0_74_302, 149.84, 214.88, 1.79468
FILLER_0_74_309, 149.84, 214.88, 1.79468
FILLER_0_76_327, 149.84, 214.88, 1.79468
_09538_, 162.64, 214.88, 1.79475
FILLER_0_75_329, 162.64, 214.88, 1.79475
_09766_, 188.24, 214.88, 1.79489
_09980_, 188.24, 214.88, 1.79489
_09981_, 188.24, 214.88, 1.79489
_09985_, 188.24, 214.88, 1.79489
_10171_, 188.24, 214.88, 1.79489
FILLER_0_75_402, 188.24, 214.88, 1.79489
FILLER_0_76_408, 188.24, 214.88, 1.79489
_09767_, 201.04, 214.88, 1.79497
_09984_, 201.04, 214.88, 1.79497
FILLER_0_75_437, 201.04, 214.88, 1.79497
FILLER_0_76_433, 201.04, 214.88, 1.79497
_09549_, 213.84, 214.88, 1.79506
_09585_, 213.84, 214.88, 1.79506
_09586_, 213.84, 214.88, 1.79506
_09588_, 213.84, 214.88, 1.79506
_09760_, 213.84, 214.88, 1.79506
FILLER_0_75_445, 213.84, 214.88, 1.79506
FILLER_0_75_459, 213.84, 214.88, 1.79506
_08161_, 226.64, 214.88, 1.79517
_08406_, 226.64, 214.88, 1.79517
FILLER_0_74_477, 226.64, 214.88, 1.79517
FILLER_0_75_488, 226.64, 214.88, 1.79517
_09580_, 239.44, 214.88, 1.79528
_09581_, 239.44, 214.88, 1.79528
_09954_, 239.44, 214.88, 1.79528
_09962_, 239.44, 214.88, 1.79528
_09963_, 239.44, 214.88, 1.79528
_10152_, 239.44, 214.88, 1.79528
FILLER_0_74_508, 239.44, 214.88, 1.79528
_09756_, 252.24, 214.88, 1.7954
_09757_, 252.24, 214.88, 1.7954
_09759_, 252.24, 214.88, 1.7954
_09959_, 252.24, 214.88, 1.7954
_09960_, 252.24, 214.88, 1.7954
_10153_, 252.24, 214.88, 1.7954
FILLER_0_75_539, 252.24, 214.88, 1.7954
FILLER_0_76_537, 252.24, 214.88, 1.7954
_07764_, 265.04, 214.88, 1.79553
_09745_, 265.04, 214.88, 1.79553
_09746_, 265.04, 214.88, 1.79553
_09956_, 265.04, 214.88, 1.79553
_09957_, 265.04, 214.88, 1.79553
FILLER_0_74_563, 265.04, 214.88, 1.79553
FILLER_0_75_552, 265.04, 214.88, 1.79553
FILLER_0_75_561, 265.04, 214.88, 1.79553
_07896_, 277.84, 214.88, 1.79566
_07897_, 277.84, 214.88, 1.79566
_09552_, 277.84, 214.88, 1.79566
_09554_, 277.84, 214.88, 1.79566
FILLER_0_74_589, 277.84, 214.88, 1.79566
FILLER_0_75_579, 277.84, 214.88, 1.79566
FILLER_0_75_599, 277.84, 214.88, 1.79566
_07868_, 290.64, 214.88, 1.7958
_07899_, 290.64, 214.88, 1.7958
_07916_, 290.64, 214.88, 1.7958
FILLER_0_74_611, 290.64, 214.88, 1.7958
FILLER_0_75_608, 290.64, 214.88, 1.7958
FILLER_0_76_621, 290.64, 214.88, 1.7958
_07904_, 303.44, 214.88, 1.79594
_07912_, 303.44, 214.88, 1.79594
FILLER_0_74_641, 303.44, 214.88, 1.79594
FILLER_0_74_645, 303.44, 214.88, 1.79594
FILLER_0_75_636, 303.44, 214.88, 1.79594
_08089_, 316.24, 214.88, 1.79608
_08091_, 316.24, 214.88, 1.79608
_08093_, 316.24, 214.88, 1.79608
_08479_, 341.442, 214.88, 1.79614
_08543_, 341.442, 214.88, 1.79614
FILLER_0_74_719, 341.442, 214.88, 1.79614
FILLER_0_75_721, 341.442, 214.88, 1.79614
FILLER_0_75_736, 341.442, 214.88, 1.79614
_07759_, 353.845, 214.88, 1.79608
_08697_, 353.845, 214.88, 1.79608
_08719_, 353.845, 214.88, 1.79608
_08720_, 353.845, 214.88, 1.79608
FILLER_0_74_752, 353.845, 214.88, 1.79608
FILLER_0_75_744, 353.845, 214.88, 1.79608
_08709_, 366.247, 214.88, 1.79602
_08711_, 366.247, 214.88, 1.79602
_08716_, 366.247, 214.88, 1.79602
_08717_, 366.247, 214.88, 1.79602
FILLER_0_74_776, 366.247, 214.88, 1.79602
FILLER_0_75_772, 366.247, 214.88, 1.79602
_07303_, 378.65, 214.88, 1.79596
_07307_, 378.65, 214.88, 1.79596
FILLER_0_74_803, 378.65, 214.88, 1.79596
FILLER_0_76_813, 378.65, 214.88, 1.79596
_07320_, 391.052, 214.88, 1.7959
FILLER_0_75_826, 391.052, 214.88, 1.7959
FILLER_0_75_836, 391.052, 214.88, 1.7959
_07379_, 403.455, 214.88, 1.79585
_07398_, 403.455, 214.88, 1.79585
_07400_, 403.455, 214.88, 1.79585
_07714_, 403.455, 214.88, 1.79585
FILLER_0_74_858, 403.455, 214.88, 1.79585
FILLER_0_75_853, 403.455, 214.88, 1.79585
_07715_, 415.857, 214.88, 1.79581
_07732_, 415.857, 214.88, 1.79581
_08477_, 415.857, 214.88, 1.79581
_12740_, 415.857, 214.88, 1.79581
_12607_, 5.52, 209.44, 1.79429
_12713_, 5.52, 209.44, 1.79429
PHY_144, 5.52, 209.44, 1.79429
PHY_146, 5.52, 209.44, 1.79429
FILLER_0_73_3, 5.52, 209.44, 1.79429
FILLER_0_74_3, 5.52, 209.44, 1.79429
PHY_145, 428.26, 209.44, 1.79599
PHY_147, 428.26, 209.44, 1.79599
_12602_, 13.68, 209.44, 1.7943
_12317_, 34.64, 209.44, 1.79433
FILLER_0_73_57, 34.64, 209.44, 1.79433
FILLER_0_74_74, 34.64, 209.44, 1.79433
_12243_, 47.44, 209.44, 1.79436
_12302_, 47.44, 209.44, 1.79436
FILLER_0_73_96, 47.44, 209.44, 1.79436
_12169_, 60.24, 209.44, 1.7944
_12242_, 60.24, 209.44, 1.7944
_12296_, 60.24, 209.44, 1.7944
FILLER_0_72_111, 60.24, 209.44, 1.7944
_12163_, 73.04, 209.44, 1.79444
_12164_, 73.04, 209.44, 1.79444
_12165_, 73.04, 209.44, 1.79444
_12166_, 73.04, 209.44, 1.79444
FILLER_0_72_146, 73.04, 209.44, 1.79444
FILLER_0_73_155, 73.04, 209.44, 1.79444
_11727_, 85.84, 209.44, 1.79448
_12053_, 85.84, 209.44, 1.79448
_12158_, 85.84, 209.44, 1.79448
_12161_, 85.84, 209.44, 1.79448
_12162_, 85.84, 209.44, 1.79448
FILLER_0_73_174, 85.84, 209.44, 1.79448
_11594_, 98.64, 209.44, 1.79452
_11725_, 98.64, 209.44, 1.79452
_11726_, 98.64, 209.44, 1.79452
FILLER_0_73_198, 98.64, 209.44, 1.79452
FILLER_0_73_216, 98.64, 209.44, 1.79452
_11462_, 111.44, 209.44, 1.79457
_11474_, 111.44, 209.44, 1.79457
_11475_, 111.44, 209.44, 1.79457
_11694_, 111.44, 209.44, 1.79457
FILLER_0_74_240, 111.44, 209.44, 1.79457
_09731_, 124.24, 209.44, 1.79462
_11352_, 124.24, 209.44, 1.79462
_11467_, 124.24, 209.44, 1.79462
_11473_, 124.24, 209.44, 1.79462
FILLER_0_74_261, 124.24, 209.44, 1.79462
_11353_, 137.04, 209.44, 1.79468
_11587_, 137.04, 209.44, 1.79468
_11589_, 137.04, 209.44, 1.79468
_11590_, 137.04, 209.44, 1.79468
_11591_, 137.04, 209.44, 1.79468
_11592_, 137.04, 209.44, 1.79468
_11593_, 137.04, 209.44, 1.79468
FILLER_0_73_292, 137.04, 209.44, 1.79468
FILLER_0_74_292, 137.04, 209.44, 1.79468
_07025_, 149.84, 209.44, 1.79474
_07035_, 149.84, 209.44, 1.79474
_11711_, 149.84, 209.44, 1.79474
FILLER_0_72_303, 149.84, 209.44, 1.79474
FILLER_0_73_327, 149.84, 209.44, 1.79474
_10350_, 162.64, 209.44, 1.7948
_10352_, 162.64, 209.44, 1.7948
_10522_, 162.64, 209.44, 1.7948
_10523_, 162.64, 209.44, 1.7948
_10524_, 162.64, 209.44, 1.7948
_10526_, 162.64, 209.44, 1.7948
_10628_, 162.64, 209.44, 1.7948
FILLER_0_73_345, 162.64, 209.44, 1.7948
FILLER_0_74_349, 162.64, 209.44, 1.7948
_10194_, 188.24, 209.44, 1.79496
_10195_, 188.24, 209.44, 1.79496
_10337_, 188.24, 209.44, 1.79496
FILLER_0_72_396, 188.24, 209.44, 1.79496
FILLER_0_73_386, 188.24, 209.44, 1.79496
FILLER_0_74_410, 188.24, 209.44, 1.79496
_09798_, 201.04, 209.44, 1.79504
_10019_, 201.04, 209.44, 1.79504
_10198_, 201.04, 209.44, 1.79504
FILLER_0_72_421, 201.04, 209.44, 1.79504
FILLER_0_73_415, 201.04, 209.44, 1.79504
FILLER_0_73_437, 201.04, 209.44, 1.79504
_07920_, 213.84, 209.44, 1.79515
_09799_, 213.84, 209.44, 1.79515
FILLER_0_72_440, 213.84, 209.44, 1.79515
FILLER_0_73_445, 213.84, 209.44, 1.79515
_07919_, 226.64, 209.44, 1.79526
_07927_, 226.64, 209.44, 1.79526
_08159_, 226.64, 209.44, 1.79526
FILLER_0_73_485, 226.64, 209.44, 1.79526
FILLER_0_74_491, 226.64, 209.44, 1.79526
_07440_, 239.44, 209.44, 1.79539
_10154_, 239.44, 209.44, 1.79539
FILLER_0_72_499, 239.44, 209.44, 1.79539
FILLER_0_73_501, 239.44, 209.44, 1.79539
FILLER_0_74_516, 239.44, 209.44, 1.79539
_07447_, 252.24, 209.44, 1.79552
_07464_, 252.24, 209.44, 1.79552
_07466_, 252.24, 209.44, 1.79552
FILLER_0_73_541, 252.24, 209.44, 1.79552
_09553_, 265.04, 209.44, 1.79565
FILLER_0_74_571, 265.04, 209.44, 1.79565
_07898_, 277.84, 209.44, 1.79579
_07918_, 277.84, 209.44, 1.79579
_08080_, 277.84, 209.44, 1.79579
FILLER_0_72_581, 277.84, 209.44, 1.79579
FILLER_0_73_585, 277.84, 209.44, 1.79579
FILLER_0_74_603, 277.84, 209.44, 1.79579
_07901_, 290.64, 209.44, 1.79593
_07917_, 290.64, 209.44, 1.79593
_08083_, 290.64, 209.44, 1.79593
FILLER_0_72_613, 290.64, 209.44, 1.79593
_07907_, 303.44, 209.44, 1.79608
_07913_, 303.44, 209.44, 1.79608
_07914_, 303.44, 209.44, 1.79608
_07915_, 303.44, 209.44, 1.79608
FILLER_0_72_635, 303.44, 209.44, 1.79608
FILLER_0_72_645, 303.44, 209.44, 1.79608
FILLER_0_74_653, 303.44, 209.44, 1.79608
_08088_, 316.24, 209.44, 1.79623
_08118_, 316.24, 209.44, 1.79623
_08427_, 316.24, 209.44, 1.79623
FILLER_0_73_665, 316.24, 209.44, 1.79623
FILLER_0_73_682, 316.24, 209.44, 1.79623
_08544_, 341.442, 209.44, 1.79622
_08545_, 341.442, 209.44, 1.79622
_09351_, 341.442, 209.44, 1.79622
_09352_, 341.442, 209.44, 1.79622
FILLER_0_73_719, 341.442, 209.44, 1.79622
FILLER_0_73_738, 341.442, 209.44, 1.79622
FILLER_0_74_742, 341.442, 209.44, 1.79622
_08698_, 353.845, 209.44, 1.79617
_08699_, 353.845, 209.44, 1.79617
FILLER_0_72_757, 353.845, 209.44, 1.79617
_08710_, 366.247, 209.44, 1.79613
_08713_, 366.247, 209.44, 1.79613
_08714_, 366.247, 209.44, 1.79613
_08715_, 366.247, 209.44, 1.79613
_08745_, 366.247, 209.44, 1.79613
_08746_, 366.247, 209.44, 1.79613
FILLER_0_72_783, 366.247, 209.44, 1.79613
FILLER_0_73_780, 366.247, 209.44, 1.79613
FILLER_0_74_786, 366.247, 209.44, 1.79613
_07241_, 378.65, 209.44, 1.79609
_07309_, 378.65, 209.44, 1.79609
_08754_, 378.65, 209.44, 1.79609
FILLER_0_72_805, 378.65, 209.44, 1.79609
FILLER_0_73_819, 378.65, 209.44, 1.79609
FILLER_0_74_819, 378.65, 209.44, 1.79609
_07296_, 391.052, 209.44, 1.79605
_07312_, 391.052, 209.44, 1.79605
_07315_, 391.052, 209.44, 1.79605
_07319_, 391.052, 209.44, 1.79605
_07321_, 391.052, 209.44, 1.79605
_07327_, 391.052, 209.44, 1.79605
FILLER_0_72_826, 391.052, 209.44, 1.79605
FILLER_0_73_841, 391.052, 209.44, 1.79605
FILLER_0_73_850, 391.052, 209.44, 1.79605
_07343_, 403.455, 209.44, 1.79602
_07380_, 403.455, 209.44, 1.79602
_07399_, 403.455, 209.44, 1.79602
FILLER_0_72_859, 403.455, 209.44, 1.79602
FILLER_0_74_877, 403.455, 209.44, 1.79602
_07733_, 415.857, 209.44, 1.79599
_07734_, 415.857, 209.44, 1.79599
_07735_, 415.857, 209.44, 1.79599
fanout157, 415.857, 209.44, 1.79599
FILLER_0_72_890, 415.857, 209.44, 1.79599
FILLER_0_73_897, 415.857, 209.44, 1.79599
FILLER_0_74_900, 415.857, 209.44, 1.79599
PHY_140, 5.52, 204, 1.79438
PHY_142, 5.52, 204, 1.79438
output101, 5.52, 204, 1.79438
FILLER_0_71_3, 5.52, 204, 1.79438
PHY_141, 428.26, 204, 1.79625
PHY_143, 428.26, 204, 1.79625
input65, 428.26, 204, 1.79625
FILLER_0_70_909, 428.26, 204, 1.79625
_12587_, 13.68, 204, 1.79438
_12600_, 13.68, 204, 1.79438
_12601_, 13.68, 204, 1.79438
FILLER_0_72_21, 13.68, 204, 1.79438
_12315_, 34.64, 204, 1.79441
_12374_, 34.64, 204, 1.79441
_12375_, 34.64, 204, 1.79441
_12428_, 34.64, 204, 1.79441
FILLER_0_70_54, 34.64, 204, 1.79441
FILLER_0_71_53, 34.64, 204, 1.79441
FILLER_0_71_66, 34.64, 204, 1.79441
FILLER_0_72_75, 34.64, 204, 1.79441
_12241_, 47.44, 204, 1.79445
_12301_, 47.44, 204, 1.79445
_12303_, 47.44, 204, 1.79445
_12313_, 47.44, 204, 1.79445
_12367_, 47.44, 204, 1.79445
FILLER_0_70_85, 47.44, 204, 1.79445
FILLER_0_71_99, 47.44, 204, 1.79445
_12167_, 60.24, 204, 1.7945
_12168_, 60.24, 204, 1.7945
_12238_, 60.24, 204, 1.7945
_12295_, 60.24, 204, 1.7945
_12297_, 60.24, 204, 1.7945
FILLER_0_72_120, 60.24, 204, 1.7945
FILLER_0_72_130, 60.24, 204, 1.7945
_12160_, 73.04, 204, 1.79454
_12239_, 73.04, 204, 1.79454
_12240_, 73.04, 204, 1.79454
_12299_, 73.04, 204, 1.79454
_12300_, 73.04, 204, 1.79454
FILLER_0_71_137, 73.04, 204, 1.79454
FILLER_0_72_157, 73.04, 204, 1.79454
_11803_, 85.84, 204, 1.79459
_12159_, 85.84, 204, 1.79459
FILLER_0_70_170, 85.84, 204, 1.79459
FILLER_0_71_164, 85.84, 204, 1.79459
FILLER_0_72_187, 85.84, 204, 1.79459
_11830_, 98.64, 204, 1.79464
_11831_, 98.64, 204, 1.79464
FILLER_0_70_197, 98.64, 204, 1.79464
FILLER_0_71_193, 98.64, 204, 1.79464
_11583_, 111.44, 204, 1.7947
_11585_, 111.44, 204, 1.7947
_11586_, 111.44, 204, 1.7947
_11722_, 111.44, 204, 1.7947
_11723_, 111.44, 204, 1.7947
_11829_, 111.44, 204, 1.7947
FILLER_0_70_227, 111.44, 204, 1.7947
FILLER_0_71_228, 111.44, 204, 1.7947
_11580_, 124.24, 204, 1.79476
_11582_, 124.24, 204, 1.79476
_11584_, 124.24, 204, 1.79476
max_cap140, 124.24, 204, 1.79476
max_cap4, 124.24, 204, 1.79476
FILLER_0_70_245, 124.24, 204, 1.79476
FILLER_0_72_265, 124.24, 204, 1.79476
_11715_, 137.04, 204, 1.79482
_11716_, 137.04, 204, 1.79482
_11717_, 137.04, 204, 1.79482
_11718_, 137.04, 204, 1.79482
_11719_, 137.04, 204, 1.79482
_11720_, 137.04, 204, 1.79482
_11721_, 137.04, 204, 1.79482
FILLER_0_70_284, 137.04, 204, 1.79482
_11709_, 149.84, 204, 1.79488
_11710_, 149.84, 204, 1.79488
_11712_, 149.84, 204, 1.79488
_11713_, 149.84, 204, 1.79488
_11821_, 149.84, 204, 1.79488
FILLER_0_72_326, 149.84, 204, 1.79488
_10509_, 162.64, 204, 1.79495
_10510_, 162.64, 204, 1.79495
_10511_, 162.64, 204, 1.79495
_10512_, 162.64, 204, 1.79495
_10624_, 162.64, 204, 1.79495
FILLER_0_70_328, 162.64, 204, 1.79495
FILLER_0_71_332, 162.64, 204, 1.79495
_10018_, 188.24, 204, 1.79505
_10196_, 188.24, 204, 1.79505
_10197_, 188.24, 204, 1.79505
_10199_, 188.24, 204, 1.79505
FILLER_0_70_389, 188.24, 204, 1.79505
FILLER_0_71_393, 188.24, 204, 1.79505
FILLER_0_71_404, 188.24, 204, 1.79505
_09800_, 201.04, 204, 1.79511
_10020_, 201.04, 204, 1.79511
_10021_, 201.04, 204, 1.79511
FILLER_0_70_412, 201.04, 204, 1.79511
FILLER_0_71_412, 201.04, 204, 1.79511
FILLER_0_71_422, 201.04, 204, 1.79511
FILLER_0_72_432, 201.04, 204, 1.79511
_08077_, 213.84, 204, 1.79521
_08078_, 213.84, 204, 1.79521
_08079_, 213.84, 204, 1.79521
_08125_, 213.84, 204, 1.79521
_09633_, 213.84, 204, 1.79521
FILLER_0_70_445, 213.84, 204, 1.79521
FILLER_0_72_466, 213.84, 204, 1.79521
_08137_, 226.64, 204, 1.79534
_08160_, 226.64, 204, 1.79534
_08179_, 226.64, 204, 1.79534
FILLER_0_71_468, 226.64, 204, 1.79534
_06611_, 239.44, 204, 1.79547
_07441_, 239.44, 204, 1.79547
_07460_, 239.44, 204, 1.79547
_07461_, 239.44, 204, 1.79547
_08178_, 239.44, 204, 1.79547
_09802_, 239.44, 204, 1.79547
FILLER_0_70_502, 239.44, 204, 1.79547
FILLER_0_72_512, 239.44, 204, 1.79547
FILLER_0_72_520, 239.44, 204, 1.79547
_07444_, 252.24, 204, 1.79561
_07457_, 252.24, 204, 1.79561
_07465_, 252.24, 204, 1.79561
_07692_, 252.24, 204, 1.79561
_08819_, 252.24, 204, 1.79561
FILLER_0_70_526, 252.24, 204, 1.79561
FILLER_0_71_527, 252.24, 204, 1.79561
FILLER_0_72_542, 252.24, 204, 1.79561
_07691_, 265.04, 204, 1.79576
_07693_, 265.04, 204, 1.79576
_08082_, 265.04, 204, 1.79576
_08123_, 265.04, 204, 1.79576
_08124_, 265.04, 204, 1.79576
_08412_, 277.84, 204, 1.79592
_08413_, 277.84, 204, 1.79592
FILLER_0_70_589, 277.84, 204, 1.79592
_08085_, 290.64, 204, 1.79609
_08121_, 290.64, 204, 1.79609
_08122_, 290.64, 204, 1.79609
_08419_, 290.64, 204, 1.79609
FILLER_0_70_614, 290.64, 204, 1.79609
FILLER_0_71_611, 290.64, 204, 1.79609
_08086_, 303.44, 204, 1.79629
FILLER_0_70_636, 303.44, 204, 1.79629
FILLER_0_70_645, 303.44, 204, 1.79629
FILLER_0_71_655, 303.44, 204, 1.79629
_08117_, 316.24, 204, 1.79648
_08119_, 316.24, 204, 1.79648
_08120_, 316.24, 204, 1.79648
_08421_, 316.24, 204, 1.79648
_08422_, 316.24, 204, 1.79648
_08452_, 316.24, 204, 1.79648
FILLER_0_71_680, 316.24, 204, 1.79648
_08476_, 341.442, 204, 1.79661
_08765_, 341.442, 204, 1.79661
FILLER_0_71_718, 341.442, 204, 1.79661
_08718_, 353.845, 204, 1.79655
_08740_, 353.845, 204, 1.79655
_08741_, 353.845, 204, 1.79655
_08742_, 353.845, 204, 1.79655
FILLER_0_70_750, 353.845, 204, 1.79655
FILLER_0_70_757, 353.845, 204, 1.79655
FILLER_0_72_770, 353.845, 204, 1.79655
_08747_, 366.247, 204, 1.79648
_08748_, 366.247, 204, 1.79648
FILLER_0_70_773, 366.247, 204, 1.79648
FILLER_0_71_781, 366.247, 204, 1.79648
_07297_, 378.65, 204, 1.79642
_07298_, 378.65, 204, 1.79642
_07316_, 378.65, 204, 1.79642
FILLER_0_71_809, 378.65, 204, 1.79642
FILLER_0_71_817, 378.65, 204, 1.79642
_07299_, 391.052, 204, 1.79635
_07304_, 391.052, 204, 1.79635
_07313_, 391.052, 204, 1.79635
FILLER_0_71_831, 391.052, 204, 1.79635
_07328_, 403.455, 204, 1.79629
_07402_, 403.455, 204, 1.79629
_07711_, 403.455, 204, 1.79629
FILLER_0_71_860, 403.455, 204, 1.79629
_07712_, 415.857, 204, 1.79625
_08474_, 415.857, 204, 1.79625
_12775_, 415.857, 204, 1.79625
PHY_136, 5.52, 198.56, 1.79453
PHY_138, 5.52, 198.56, 1.79453
FILLER_0_70_3, 5.52, 198.56, 1.79453
PHY_137, 428.26, 198.56, 1.79673
PHY_139, 428.26, 198.56, 1.79673
FILLER_0_68_913, 428.26, 198.56, 1.79673
FILLER_0_69_909, 428.26, 198.56, 1.79673
_12570_, 13.68, 198.56, 1.79453
_12585_, 13.68, 198.56, 1.79453
_12586_, 13.68, 198.56, 1.79453
FILLER_0_70_24, 13.68, 198.56, 1.79453
_12372_, 34.64, 198.56, 1.79456
_12373_, 34.64, 198.56, 1.79456
_12422_, 34.64, 198.56, 1.79456
FILLER_0_69_52, 34.64, 198.56, 1.79456
FILLER_0_69_69, 34.64, 198.56, 1.79456
_12314_, 47.44, 198.56, 1.79459
_12370_, 47.44, 198.56, 1.79459
_12371_, 47.44, 198.56, 1.79459
FILLER_0_68_80, 47.44, 198.56, 1.79459
FILLER_0_69_104, 47.44, 198.56, 1.79459
FILLER_0_70_100, 47.44, 198.56, 1.79459
_12236_, 60.24, 198.56, 1.79463
_12237_, 60.24, 198.56, 1.79463
FILLER_0_69_126, 60.24, 198.56, 1.79463
_11836_, 73.04, 198.56, 1.79466
_11837_, 73.04, 198.56, 1.79466
_11838_, 73.04, 198.56, 1.79466
_11933_, 73.04, 198.56, 1.79466
_11934_, 73.04, 198.56, 1.79466
_11935_, 73.04, 198.56, 1.79466
_12298_, 73.04, 198.56, 1.79466
FILLER_0_68_133, 73.04, 198.56, 1.79466
_11833_, 85.84, 198.56, 1.79471
_11834_, 85.84, 198.56, 1.79471
_11835_, 85.84, 198.56, 1.79471
FILLER_0_69_162, 85.84, 198.56, 1.79471
FILLER_0_69_188, 85.84, 198.56, 1.79471
FILLER_0_70_186, 85.84, 198.56, 1.79471
_11828_, 98.64, 198.56, 1.79477
_11832_, 98.64, 198.56, 1.79477
_11922_, 98.64, 198.56, 1.79477
_11923_, 98.64, 198.56, 1.79477
FILLER_0_70_216, 98.64, 198.56, 1.79477
_11581_, 111.44, 198.56, 1.79484
_11706_, 111.44, 198.56, 1.79484
_11707_, 111.44, 198.56, 1.79484
_11708_, 111.44, 198.56, 1.79484
max_cap142, 111.44, 198.56, 1.79484
FILLER_0_68_224, 111.44, 198.56, 1.79484
FILLER_0_68_230, 111.44, 198.56, 1.79484
FILLER_0_69_220, 111.44, 198.56, 1.79484
FILLER_0_70_233, 111.44, 198.56, 1.79484
_11704_, 124.24, 198.56, 1.79491
_11827_, 124.24, 198.56, 1.79491
FILLER_0_70_270, 124.24, 198.56, 1.79491
_11714_, 137.04, 198.56, 1.79499
_11820_, 137.04, 198.56, 1.79499
_11822_, 137.04, 198.56, 1.79499
_11823_, 137.04, 198.56, 1.79499
_11824_, 137.04, 198.56, 1.79499
_11825_, 137.04, 198.56, 1.79499
FILLER_0_68_272, 137.04, 198.56, 1.79499
FILLER_0_70_291, 137.04, 198.56, 1.79499
_11817_, 149.84, 198.56, 1.79507
_11818_, 149.84, 198.56, 1.79507
_11819_, 149.84, 198.56, 1.79507
FILLER_0_69_301, 149.84, 198.56, 1.79507
FILLER_0_69_327, 149.84, 198.56, 1.79507
_10623_, 162.64, 198.56, 1.79515
FILLER_0_68_333, 162.64, 198.56, 1.79515
_09969_, 188.24, 198.56, 1.79534
FILLER_0_68_393, 188.24, 198.56, 1.79534
FILLER_0_69_389, 188.24, 198.56, 1.79534
FILLER_0_69_405, 188.24, 198.56, 1.79534
_09761_, 201.04, 198.56, 1.79545
_09763_, 201.04, 198.56, 1.79545
_09548_, 213.84, 198.56, 1.79556
_09584_, 213.84, 198.56, 1.79556
_09688_, 213.84, 198.56, 1.79556
FILLER_0_69_461, 213.84, 198.56, 1.79556
FILLER_0_70_453, 213.84, 198.56, 1.79556
_09875_, 226.64, 198.56, 1.79568
FILLER_0_68_472, 226.64, 198.56, 1.79568
FILLER_0_69_487, 226.64, 198.56, 1.79568
FILLER_0_70_489, 226.64, 198.56, 1.79568
_07459_, 239.44, 198.56, 1.7958
_08561_, 239.44, 198.56, 1.7958
_08820_, 239.44, 198.56, 1.7958
_09939_, 239.44, 198.56, 1.7958
FILLER_0_68_506, 239.44, 198.56, 1.7958
FILLER_0_69_505, 239.44, 198.56, 1.7958
FILLER_0_70_515, 239.44, 198.56, 1.7958
_07456_, 252.24, 198.56, 1.79593
_08826_, 252.24, 198.56, 1.79593
_08827_, 252.24, 198.56, 1.79593
FILLER_0_70_543, 252.24, 198.56, 1.79593
FILLER_0_70_549, 252.24, 198.56, 1.79593
_08414_, 265.04, 198.56, 1.79605
_09965_, 265.04, 198.56, 1.79605
FILLER_0_70_567, 265.04, 198.56, 1.79605
_08410_, 277.84, 198.56, 1.7962
_08411_, 277.84, 198.56, 1.7962
_08415_, 277.84, 198.56, 1.7962
_08416_, 277.84, 198.56, 1.7962
_08454_, 277.84, 198.56, 1.7962
FILLER_0_69_580, 277.84, 198.56, 1.7962
_08417_, 290.64, 198.56, 1.79637
_08418_, 290.64, 198.56, 1.79637
_08588_, 290.64, 198.56, 1.79637
FILLER_0_68_618, 290.64, 198.56, 1.79637
_08409_, 303.44, 198.56, 1.79654
_08423_, 303.44, 198.56, 1.79654
_08464_, 303.44, 198.56, 1.79654
FILLER_0_69_641, 303.44, 198.56, 1.79654
_08424_, 316.24, 198.56, 1.79674
FILLER_0_69_663, 316.24, 198.56, 1.79674
FILLER_0_69_673, 316.24, 198.56, 1.79674
FILLER_0_69_681, 316.24, 198.56, 1.79674
_08546_, 341.442, 198.56, 1.79682
_08547_, 341.442, 198.56, 1.79682
_08549_, 341.442, 198.56, 1.79682
_08743_, 341.442, 198.56, 1.79682
FILLER_0_70_736, 341.442, 198.56, 1.79682
_07418_, 353.845, 198.56, 1.79679
_08744_, 353.845, 198.56, 1.79679
_08763_, 353.845, 198.56, 1.79679
_08756_, 366.247, 198.56, 1.79676
_08761_, 366.247, 198.56, 1.79676
_08762_, 366.247, 198.56, 1.79676
FILLER_0_69_785, 366.247, 198.56, 1.79676
_07314_, 378.65, 198.56, 1.79675
_07317_, 378.65, 198.56, 1.79675
_08758_, 378.65, 198.56, 1.79675
_08759_, 378.65, 198.56, 1.79675
_08760_, 378.65, 198.56, 1.79675
_08774_, 378.65, 198.56, 1.79675
FILLER_0_68_809, 378.65, 198.56, 1.79675
FILLER_0_70_813, 378.65, 198.56, 1.79675
_07310_, 391.052, 198.56, 1.79673
_07311_, 391.052, 198.56, 1.79673
_07318_, 391.052, 198.56, 1.79673
_07329_, 391.052, 198.56, 1.79673
_07351_, 391.052, 198.56, 1.79673
FILLER_0_68_825, 391.052, 198.56, 1.79673
FILLER_0_69_841, 391.052, 198.56, 1.79673
FILLER_0_70_841, 391.052, 198.56, 1.79673
_07353_, 403.455, 198.56, 1.79673
_07376_, 403.455, 198.56, 1.79673
_07401_, 403.455, 198.56, 1.79673
FILLER_0_68_862, 403.455, 198.56, 1.79673
FILLER_0_69_887, 415.857, 198.56, 1.79673
_12571_, 5.52, 193.12, 1.79457
PHY_132, 5.52, 193.12, 1.79457
PHY_134, 5.52, 193.12, 1.79457
input21, 5.52, 193.12, 1.79457
FILLER_0_67_6, 5.52, 193.12, 1.79457
FILLER_0_68_3, 5.52, 193.12, 1.79457
PHY_133, 428.26, 193.12, 1.79685
PHY_135, 428.26, 193.12, 1.79685
output91, 428.26, 193.12, 1.79685
FILLER_0_66_906, 428.26, 193.12, 1.79685
FILLER_0_67_909, 428.26, 193.12, 1.79685
_12568_, 13.68, 193.12, 1.79457
_12569_, 13.68, 193.12, 1.79457
_12588_, 13.68, 193.12, 1.79457
_12710_, 13.68, 193.12, 1.79457
FILLER_0_66_15, 13.68, 193.12, 1.79457
_12505_, 34.64, 193.12, 1.7946
_12549_, 34.64, 193.12, 1.7946
_12709_, 34.64, 193.12, 1.7946
fanout149, 34.64, 193.12, 1.7946
FILLER_0_67_69, 34.64, 193.12, 1.7946
_12258_, 47.44, 193.12, 1.79464
_12311_, 47.44, 193.12, 1.79464
FILLER_0_67_102, 47.44, 193.12, 1.79464
_12015_, 60.24, 193.12, 1.79468
_12108_, 60.24, 193.12, 1.79468
FILLER_0_66_107, 60.24, 193.12, 1.79468
FILLER_0_66_116, 60.24, 193.12, 1.79468
_11931_, 73.04, 193.12, 1.79474
_11932_, 73.04, 193.12, 1.79474
_12013_, 73.04, 193.12, 1.79474
_12014_, 73.04, 193.12, 1.79474
FILLER_0_67_144, 73.04, 193.12, 1.79474
FILLER_0_67_160, 73.04, 193.12, 1.79474
_11924_, 85.84, 193.12, 1.7948
_11925_, 85.84, 193.12, 1.7948
_11926_, 85.84, 193.12, 1.7948
FILLER_0_66_174, 85.84, 193.12, 1.7948
FILLER_0_68_187, 85.84, 193.12, 1.7948
_11815_, 98.64, 193.12, 1.79487
_11919_, 98.64, 193.12, 1.79487
_11920_, 98.64, 193.12, 1.79487
_11921_, 98.64, 193.12, 1.79487
FILLER_0_66_192, 98.64, 193.12, 1.79487
FILLER_0_67_207, 98.64, 193.12, 1.79487
FILLER_0_68_216, 98.64, 193.12, 1.79487
_11702_, 111.44, 193.12, 1.79494
_11703_, 111.44, 193.12, 1.79494
_11705_, 111.44, 193.12, 1.79494
FILLER_0_67_217, 111.44, 193.12, 1.79494
FILLER_0_67_237, 111.44, 193.12, 1.79494
_11700_, 124.24, 193.12, 1.79502
_11701_, 124.24, 193.12, 1.79502
_11826_, 124.24, 193.12, 1.79502
FILLER_0_66_249, 124.24, 193.12, 1.79502
FILLER_0_67_266, 124.24, 193.12, 1.79502
_11916_, 137.04, 193.12, 1.7951
FILLER_0_67_277, 137.04, 193.12, 1.7951
_11695_, 149.84, 193.12, 1.79517
_11698_, 149.84, 193.12, 1.79517
_10168_, 162.64, 193.12, 1.79525
_10345_, 162.64, 193.12, 1.79525
_10346_, 162.64, 193.12, 1.79525
_10347_, 162.64, 193.12, 1.79525
_10348_, 162.64, 193.12, 1.79525
_10349_, 162.64, 193.12, 1.79525
_10504_, 162.64, 193.12, 1.79525
_10505_, 162.64, 193.12, 1.79525
FILLER_0_66_328, 162.64, 193.12, 1.79525
FILLER_0_67_329, 162.64, 193.12, 1.79525
FILLER_0_67_344, 162.64, 193.12, 1.79525
_09762_, 188.24, 193.12, 1.79545
_09765_, 188.24, 193.12, 1.79545
_09972_, 188.24, 193.12, 1.79545
_09973_, 188.24, 193.12, 1.79545
_09974_, 188.24, 193.12, 1.79545
_09975_, 188.24, 193.12, 1.79545
_09978_, 188.24, 193.12, 1.79545
_09979_, 188.24, 193.12, 1.79545
_06718_, 201.04, 193.12, 1.79556
_07758_, 201.04, 193.12, 1.79556
_09583_, 201.04, 193.12, 1.79556
_09977_, 201.04, 193.12, 1.79556
FILLER_0_66_417, 201.04, 193.12, 1.79556
FILLER_0_67_431, 201.04, 193.12, 1.79556
FILLER_0_68_426, 201.04, 193.12, 1.79556
_09582_, 213.84, 193.12, 1.79568
_09689_, 213.84, 193.12, 1.79568
_09690_, 213.84, 193.12, 1.79568
_09876_, 213.84, 193.12, 1.79568
_09879_, 213.84, 193.12, 1.79568
FILLER_0_66_449, 213.84, 193.12, 1.79568
FILLER_0_67_442, 213.84, 193.12, 1.79568
FILLER_0_67_461, 213.84, 193.12, 1.79568
_09877_, 226.64, 193.12, 1.79579
_09878_, 226.64, 193.12, 1.79579
_10077_, 226.64, 193.12, 1.79579
_10078_, 226.64, 193.12, 1.79579
_10080_, 226.64, 193.12, 1.79579
FILLER_0_68_489, 226.64, 193.12, 1.79579
_08821_, 239.44, 193.12, 1.79591
_08822_, 239.44, 193.12, 1.79591
_08823_, 239.44, 193.12, 1.79591
_09938_, 239.44, 193.12, 1.79591
FILLER_0_67_501, 239.44, 193.12, 1.79591
_07746_, 252.24, 193.12, 1.79603
_08828_, 252.24, 193.12, 1.79603
_08829_, 252.24, 193.12, 1.79603
_08833_, 252.24, 193.12, 1.79603
FILLER_0_68_540, 252.24, 193.12, 1.79603
_08932_, 265.04, 193.12, 1.79616
_08933_, 265.04, 193.12, 1.79616
_08944_, 265.04, 193.12, 1.79616
_08949_, 265.04, 193.12, 1.79616
FILLER_0_67_554, 265.04, 193.12, 1.79616
FILLER_0_68_570, 265.04, 193.12, 1.79616
FILLER_0_68_578, 265.04, 193.12, 1.79616
_08465_, 277.84, 193.12, 1.7963
_08951_, 277.84, 193.12, 1.7963
_08952_, 277.84, 193.12, 1.7963
FILLER_0_66_582, 277.84, 193.12, 1.7963
FILLER_0_68_603, 277.84, 193.12, 1.7963
_08420_, 290.64, 193.12, 1.79646
_08456_, 290.64, 193.12, 1.79646
_08683_, 290.64, 193.12, 1.79646
FILLER_0_66_613, 290.64, 193.12, 1.79646
FILLER_0_67_609, 290.64, 193.12, 1.79646
FILLER_0_67_617, 290.64, 193.12, 1.79646
_08466_, 303.44, 193.12, 1.79666
_08469_, 303.44, 193.12, 1.79666
FILLER_0_66_634, 303.44, 193.12, 1.79666
FILLER_0_67_634, 303.44, 193.12, 1.79666
FILLER_0_67_645, 303.44, 193.12, 1.79666
FILLER_0_67_653, 303.44, 193.12, 1.79666
_07403_, 316.24, 193.12, 1.79688
_07694_, 316.24, 193.12, 1.79688
_07707_, 316.24, 193.12, 1.79688
_08453_, 316.24, 193.12, 1.79688
FILLER_0_66_669, 316.24, 193.12, 1.79688
FILLER_0_67_669, 316.24, 193.12, 1.79688
FILLER_0_67_686, 316.24, 193.12, 1.79688
_08548_, 341.442, 193.12, 1.79701
_08766_, 341.442, 193.12, 1.79701
_09403_, 341.442, 193.12, 1.79701
_06552_, 353.845, 193.12, 1.79697
_08753_, 353.845, 193.12, 1.79697
_08764_, 353.845, 193.12, 1.79697
_08768_, 353.845, 193.12, 1.79697
_08770_, 353.845, 193.12, 1.79697
FILLER_0_67_756, 353.845, 193.12, 1.79697
FILLER_0_68_760, 353.845, 193.12, 1.79697
_08772_, 366.247, 193.12, 1.79693
_08773_, 366.247, 193.12, 1.79693
_08775_, 366.247, 193.12, 1.79693
FILLER_0_67_774, 366.247, 193.12, 1.79693
FILLER_0_67_789, 366.247, 193.12, 1.79693
_07211_, 378.65, 193.12, 1.79691
_07223_, 378.65, 193.12, 1.79691
FILLER_0_66_804, 378.65, 193.12, 1.79691
FILLER_0_67_811, 378.65, 193.12, 1.79691
_07333_, 391.052, 193.12, 1.79689
_07334_, 391.052, 193.12, 1.79689
_07344_, 391.052, 193.12, 1.79689
_07352_, 391.052, 193.12, 1.79689
FILLER_0_67_826, 391.052, 193.12, 1.79689
FILLER_0_67_832, 391.052, 193.12, 1.79689
FILLER_0_68_840, 391.052, 193.12, 1.79689
FILLER_0_68_848, 391.052, 193.12, 1.79689
_07345_, 403.455, 193.12, 1.79688
FILLER_0_67_891, 415.857, 193.12, 1.79686
FILLER_0_68_905, 415.857, 193.12, 1.79686
_12742_, 5.52, 187.68, 1.79474
PHY_128, 5.52, 187.68, 1.79474
PHY_130, 5.52, 187.68, 1.79474
PHY_129, 428.26, 187.68, 1.79755
PHY_131, 428.26, 187.68, 1.79755
FILLER_0_64_909, 428.26, 187.68, 1.79755
FILLER_0_65_909, 428.26, 187.68, 1.79755
_12572_, 13.68, 187.68, 1.79475
FILLER_0_65_26, 13.68, 187.68, 1.79475
_12473_, 34.64, 187.68, 1.79478
_12548_, 34.64, 187.68, 1.79478
fanout150, 34.64, 187.68, 1.79478
FILLER_0_65_53, 34.64, 187.68, 1.79478
FILLER_0_65_69, 34.64, 187.68, 1.79478
_12195_, 47.44, 187.68, 1.7948
_12257_, 47.44, 187.68, 1.7948
_12310_, 47.44, 187.68, 1.7948
_12312_, 47.44, 187.68, 1.7948
_12369_, 47.44, 187.68, 1.7948
FILLER_0_64_80, 47.44, 187.68, 1.7948
FILLER_0_65_92, 47.44, 187.68, 1.7948
FILLER_0_66_98, 47.44, 187.68, 1.7948
_12105_, 60.24, 187.68, 1.79484
_12106_, 60.24, 187.68, 1.79484
_12107_, 60.24, 187.68, 1.79484
_12192_, 60.24, 187.68, 1.79484
_12193_, 60.24, 187.68, 1.79484
_12194_, 60.24, 187.68, 1.79484
_12247_, 60.24, 187.68, 1.79484
_12256_, 60.24, 187.68, 1.79484
FILLER_0_65_122, 60.24, 187.68, 1.79484
FILLER_0_65_129, 60.24, 187.68, 1.79484
FILLER_0_66_131, 60.24, 187.68, 1.79484
_11930_, 73.04, 187.68, 1.79489
_12002_, 73.04, 187.68, 1.79489
_12003_, 73.04, 187.68, 1.79489
_12010_, 73.04, 187.68, 1.79489
_12011_, 73.04, 187.68, 1.79489
_12012_, 73.04, 187.68, 1.79489
_12103_, 73.04, 187.68, 1.79489
FILLER_0_64_136, 73.04, 187.68, 1.79489
FILLER_0_64_141, 73.04, 187.68, 1.79489
_11999_, 85.84, 187.68, 1.79496
_12000_, 85.84, 187.68, 1.79496
_12001_, 85.84, 187.68, 1.79496
_12190_, 85.84, 187.68, 1.79496
FILLER_0_65_163, 85.84, 187.68, 1.79496
FILLER_0_66_186, 85.84, 187.68, 1.79496
_11907_, 98.64, 187.68, 1.79502
_11908_, 98.64, 187.68, 1.79502
FILLER_0_64_193, 98.64, 187.68, 1.79502
FILLER_0_65_193, 98.64, 187.68, 1.79502
FILLER_0_65_210, 98.64, 187.68, 1.79502
_11811_, 111.44, 187.68, 1.7951
_11814_, 111.44, 187.68, 1.7951
_11987_, 111.44, 187.68, 1.7951
FILLER_0_64_228, 111.44, 187.68, 1.7951
FILLER_0_65_221, 111.44, 187.68, 1.7951
FILLER_0_65_225, 111.44, 187.68, 1.7951
FILLER_0_65_237, 111.44, 187.68, 1.7951
FILLER_0_66_241, 111.44, 187.68, 1.7951
_11812_, 124.24, 187.68, 1.79517
_11917_, 124.24, 187.68, 1.79517
_11918_, 124.24, 187.68, 1.79517
_11991_, 124.24, 187.68, 1.79517
FILLER_0_65_252, 124.24, 187.68, 1.79517
FILLER_0_66_265, 124.24, 187.68, 1.79517
_11699_, 137.04, 187.68, 1.79525
_11809_, 137.04, 187.68, 1.79525
_11810_, 137.04, 187.68, 1.79525
_11913_, 137.04, 187.68, 1.79525
_11914_, 137.04, 187.68, 1.79525
_11915_, 137.04, 187.68, 1.79525
FILLER_0_65_281, 137.04, 187.68, 1.79525
FILLER_0_66_294, 137.04, 187.68, 1.79525
_11696_, 149.84, 187.68, 1.79533
_11697_, 149.84, 187.68, 1.79533
_11807_, 149.84, 187.68, 1.79533
_11808_, 149.84, 187.68, 1.79533
FILLER_0_65_318, 149.84, 187.68, 1.79533
_10167_, 162.64, 187.68, 1.79541
_10340_, 162.64, 187.68, 1.79541
_10342_, 162.64, 187.68, 1.79541
FILLER_0_65_337, 162.64, 187.68, 1.79541
FILLER_0_65_345, 162.64, 187.68, 1.79541
FILLER_0_65_351, 162.64, 187.68, 1.79541
_09764_, 188.24, 187.68, 1.79566
_09964_, 188.24, 187.68, 1.79566
_09976_, 188.24, 187.68, 1.79566
FILLER_0_64_387, 188.24, 187.68, 1.79566
FILLER_0_64_395, 188.24, 187.68, 1.79566
FILLER_0_65_386, 188.24, 187.68, 1.79566
FILLER_0_65_408, 188.24, 187.68, 1.79566
FILLER_0_66_405, 188.24, 187.68, 1.79566
_09691_, 201.04, 187.68, 1.79581
_09692_, 201.04, 187.68, 1.79581
_09893_, 201.04, 187.68, 1.79581
FILLER_0_64_413, 201.04, 187.68, 1.79581
FILLER_0_65_416, 201.04, 187.68, 1.79581
FILLER_0_66_433, 201.04, 187.68, 1.79581
_07045_, 213.84, 187.68, 1.79598
_09874_, 213.84, 187.68, 1.79598
_09880_, 213.84, 187.68, 1.79598
_09881_, 213.84, 187.68, 1.79598
_10079_, 226.64, 187.68, 1.79615
_10081_, 226.64, 187.68, 1.79615
_10082_, 226.64, 187.68, 1.79615
_10136_, 226.64, 187.68, 1.79615
FILLER_0_64_468, 226.64, 187.68, 1.79615
FILLER_0_65_469, 226.64, 187.68, 1.79615
FILLER_0_66_487, 226.64, 187.68, 1.79615
_07752_, 239.44, 187.68, 1.79632
_08824_, 239.44, 187.68, 1.79632
_08825_, 239.44, 187.68, 1.79632
FILLER_0_64_503, 239.44, 187.68, 1.79632
FILLER_0_65_501, 239.44, 187.68, 1.79632
FILLER_0_65_517, 239.44, 187.68, 1.79632
_08830_, 252.24, 187.68, 1.79649
_08834_, 252.24, 187.68, 1.79649
_08841_, 252.24, 187.68, 1.79649
_08945_, 252.24, 187.68, 1.79649
FILLER_0_64_533, 252.24, 187.68, 1.79649
FILLER_0_65_548, 252.24, 187.68, 1.79649
_08947_, 265.04, 187.68, 1.79666
_08954_, 265.04, 187.68, 1.79666
_08955_, 265.04, 187.68, 1.79666
_08956_, 277.84, 187.68, 1.79684
_08957_, 277.84, 187.68, 1.79684
_08958_, 277.84, 187.68, 1.79684
_08978_, 277.84, 187.68, 1.79684
FILLER_0_65_580, 277.84, 187.68, 1.79684
FILLER_0_65_605, 277.84, 187.68, 1.79684
_07462_, 290.64, 187.68, 1.79703
_07463_, 290.64, 187.68, 1.79703
_08455_, 290.64, 187.68, 1.79703
_08664_, 290.64, 187.68, 1.79703
FILLER_0_64_606, 290.64, 187.68, 1.79703
FILLER_0_64_616, 290.64, 187.68, 1.79703
FILLER_0_65_613, 290.64, 187.68, 1.79703
_07702_, 303.44, 187.68, 1.79722
_07703_, 303.44, 187.68, 1.79722
FILLER_0_65_650, 303.44, 187.68, 1.79722
_07373_, 316.24, 187.68, 1.79743
_07701_, 316.24, 187.68, 1.79743
_07705_, 316.24, 187.68, 1.79743
_07706_, 316.24, 187.68, 1.79743
_07708_, 316.24, 187.68, 1.79743
FILLER_0_65_673, 316.24, 187.68, 1.79743
FILLER_0_65_686, 316.24, 187.68, 1.79743
_06589_, 341.442, 187.68, 1.79764
_08656_, 341.442, 187.68, 1.79764
_08769_, 341.442, 187.68, 1.79764
_08975_, 341.442, 187.68, 1.79764
FILLER_0_64_729, 341.442, 187.68, 1.79764
FILLER_0_65_723, 341.442, 187.68, 1.79764
FILLER_0_65_729, 341.442, 187.68, 1.79764
FILLER_0_66_736, 341.442, 187.68, 1.79764
_07330_, 353.845, 187.68, 1.79762
_08767_, 353.845, 187.68, 1.79762
_08771_, 353.845, 187.68, 1.79762
FILLER_0_64_757, 353.845, 187.68, 1.79762
FILLER_0_65_753, 353.845, 187.68, 1.79762
_07218_, 366.247, 187.68, 1.7976
_07235_, 366.247, 187.68, 1.7976
FILLER_0_65_781, 366.247, 187.68, 1.7976
FILLER_0_65_785, 366.247, 187.68, 1.7976
_07214_, 378.65, 187.68, 1.79758
_07219_, 378.65, 187.68, 1.79758
_07236_, 378.65, 187.68, 1.79758
_07279_, 378.65, 187.68, 1.79758
_07280_, 378.65, 187.68, 1.79758
FILLER_0_64_808, 378.65, 187.68, 1.79758
FILLER_0_65_810, 378.65, 187.68, 1.79758
FILLER_0_65_821, 378.65, 187.68, 1.79758
_07332_, 391.052, 187.68, 1.79757
FILLER_0_65_833, 391.052, 187.68, 1.79757
_07287_, 403.455, 187.68, 1.79755
_07347_, 403.455, 187.68, 1.79755
_07348_, 403.455, 187.68, 1.79755
_07350_, 403.455, 187.68, 1.79755
_07355_, 403.455, 187.68, 1.79755
_07372_, 403.455, 187.68, 1.79755
_07375_, 403.455, 187.68, 1.79755
FILLER_0_64_863, 403.455, 187.68, 1.79755
FILLER_0_65_853, 403.455, 187.68, 1.79755
rebuffer42, 415.857, 187.68, 1.79755
FILLER_0_65_885, 415.857, 187.68, 1.79755
FILLER_0_65_893, 415.857, 187.68, 1.79755
PHY_124, 5.52, 182.24, 1.79488
PHY_126, 5.52, 182.24, 1.79488
FILLER_0_63_3, 5.52, 182.24, 1.79488
PHY_125, 428.26, 182.24, 1.79772
PHY_127, 428.26, 182.24, 1.79772
FILLER_0_62_912, 428.26, 182.24, 1.79772
FILLER_0_63_911, 428.26, 182.24, 1.79772
_12543_, 13.68, 182.24, 1.79488
_12598_, 13.68, 182.24, 1.79488
_12599_, 13.68, 182.24, 1.79488
FILLER_0_62_9, 13.68, 182.24, 1.79488
FILLER_0_63_17, 13.68, 182.24, 1.79488
_12708_, 34.64, 182.24, 1.79492
FILLER_0_62_53, 34.64, 182.24, 1.79492
_12368_, 47.44, 182.24, 1.79497
FILLER_0_62_81, 47.44, 182.24, 1.79497
FILLER_0_63_105, 47.44, 182.24, 1.79497
FILLER_0_64_98, 47.44, 182.24, 1.79497
_12104_, 60.24, 182.24, 1.79502
FILLER_0_64_119, 60.24, 182.24, 1.79502
_12084_, 73.04, 182.24, 1.79508
FILLER_0_62_133, 73.04, 182.24, 1.79508
FILLER_0_64_156, 73.04, 182.24, 1.79508
_12075_, 85.84, 182.24, 1.79513
_12081_, 85.84, 182.24, 1.79513
_12082_, 85.84, 182.24, 1.79513
_12083_, 85.84, 182.24, 1.79513
_12191_, 85.84, 182.24, 1.79513
FILLER_0_62_165, 85.84, 182.24, 1.79513
FILLER_0_63_161, 85.84, 182.24, 1.79513
FILLER_0_63_169, 85.84, 182.24, 1.79513
FILLER_0_64_177, 85.84, 182.24, 1.79513
FILLER_0_64_185, 85.84, 182.24, 1.79513
_11903_, 98.64, 182.24, 1.79519
_11904_, 98.64, 182.24, 1.79519
_11905_, 98.64, 182.24, 1.79519
_11986_, 98.64, 182.24, 1.79519
_11996_, 98.64, 182.24, 1.79519
_11997_, 98.64, 182.24, 1.79519
_11998_, 98.64, 182.24, 1.79519
FILLER_0_62_200, 98.64, 182.24, 1.79519
FILLER_0_63_204, 98.64, 182.24, 1.79519
_11813_, 111.44, 182.24, 1.79526
_11902_, 111.44, 182.24, 1.79526
_11906_, 111.44, 182.24, 1.79526
_12078_, 111.44, 182.24, 1.79526
FILLER_0_62_222, 111.44, 182.24, 1.79526
FILLER_0_63_221, 111.44, 182.24, 1.79526
FILLER_0_63_225, 111.44, 182.24, 1.79526
FILLER_0_64_244, 111.44, 182.24, 1.79526
_11912_, 124.24, 182.24, 1.79533
_11992_, 124.24, 182.24, 1.79533
FILLER_0_63_266, 124.24, 182.24, 1.79533
_11993_, 137.04, 182.24, 1.7954
FILLER_0_63_293, 137.04, 182.24, 1.7954
FILLER_0_64_295, 137.04, 182.24, 1.7954
_10341_, 149.84, 182.24, 1.79547
_11805_, 149.84, 182.24, 1.79547
_11806_, 149.84, 182.24, 1.79547
FILLER_0_63_327, 149.84, 182.24, 1.79547
FILLER_0_64_314, 149.84, 182.24, 1.79547
_07748_, 162.64, 182.24, 1.79554
_08653_, 162.64, 182.24, 1.79554
_08658_, 162.64, 182.24, 1.79554
_10165_, 162.64, 182.24, 1.79554
_10166_, 162.64, 182.24, 1.79554
_10343_, 162.64, 182.24, 1.79554
FILLER_0_63_343, 162.64, 182.24, 1.79554
FILLER_0_63_351, 162.64, 182.24, 1.79554
_09482_, 188.24, 182.24, 1.79576
_09483_, 188.24, 182.24, 1.79576
_09484_, 188.24, 182.24, 1.79576
_09486_, 188.24, 182.24, 1.79576
_10157_, 188.24, 182.24, 1.79576
FILLER_0_62_389, 188.24, 182.24, 1.79576
_09449_, 201.04, 182.24, 1.79592
_09485_, 201.04, 182.24, 1.79592
_09666_, 201.04, 182.24, 1.79592
_09687_, 201.04, 182.24, 1.79592
_09894_, 201.04, 182.24, 1.79592
FILLER_0_62_417, 201.04, 182.24, 1.79592
FILLER_0_63_417, 201.04, 182.24, 1.79592
FILLER_0_64_433, 201.04, 182.24, 1.79592
_09882_, 213.84, 182.24, 1.79609
_09884_, 213.84, 182.24, 1.79609
_09887_, 213.84, 182.24, 1.79609
FILLER_0_63_441, 213.84, 182.24, 1.79609
FILLER_0_63_455, 213.84, 182.24, 1.79609
FILLER_0_64_458, 213.84, 182.24, 1.79609
_09883_, 226.64, 182.24, 1.79626
_09885_, 226.64, 182.24, 1.79626
_10083_, 226.64, 182.24, 1.79626
_10084_, 226.64, 182.24, 1.79626
_10138_, 226.64, 182.24, 1.79626
_08831_, 239.44, 182.24, 1.79644
_08832_, 239.44, 182.24, 1.79644
_09940_, 239.44, 182.24, 1.79644
_09941_, 239.44, 182.24, 1.79644
_10139_, 239.44, 182.24, 1.79644
FILLER_0_63_498, 239.44, 182.24, 1.79644
FILLER_0_63_517, 239.44, 182.24, 1.79644
FILLER_0_64_516, 239.44, 182.24, 1.79644
_08835_, 252.24, 182.24, 1.79662
_08839_, 252.24, 182.24, 1.79662
_08840_, 252.24, 182.24, 1.79662
_08842_, 252.24, 182.24, 1.79662
_08843_, 252.24, 182.24, 1.79662
_08845_, 252.24, 182.24, 1.79662
_08946_, 252.24, 182.24, 1.79662
FILLER_0_62_524, 252.24, 182.24, 1.79662
FILLER_0_62_533, 252.24, 182.24, 1.79662
FILLER_0_63_540, 252.24, 182.24, 1.79662
FILLER_0_64_541, 252.24, 182.24, 1.79662
_08948_, 265.04, 182.24, 1.7968
_08953_, 265.04, 182.24, 1.7968
_08959_, 265.04, 182.24, 1.7968
FILLER_0_63_551, 265.04, 182.24, 1.7968
FILLER_0_63_561, 265.04, 182.24, 1.7968
FILLER_0_64_568, 265.04, 182.24, 1.7968
_08663_, 277.84, 182.24, 1.79699
_08979_, 277.84, 182.24, 1.79699
_08983_, 277.84, 182.24, 1.79699
FILLER_0_62_584, 277.84, 182.24, 1.79699
FILLER_0_62_589, 277.84, 182.24, 1.79699
FILLER_0_63_596, 277.84, 182.24, 1.79699
_07695_, 290.64, 182.24, 1.7972
_07700_, 290.64, 182.24, 1.7972
_07753_, 290.64, 182.24, 1.7972
_08797_, 290.64, 182.24, 1.7972
_08799_, 290.64, 182.24, 1.7972
FILLER_0_63_611, 290.64, 182.24, 1.7972
FILLER_0_63_617, 290.64, 182.24, 1.7972
_07370_, 303.44, 182.24, 1.79741
_07405_, 303.44, 182.24, 1.79741
_07406_, 303.44, 182.24, 1.79741
_08798_, 303.44, 182.24, 1.79741
ANTENNA_1, 303.44, 182.24, 1.79741
ANTENNA_2, 303.44, 182.24, 1.79741
FILLER_0_62_639, 303.44, 182.24, 1.79741
FILLER_0_62_645, 303.44, 182.24, 1.79741
FILLER_0_63_640, 303.44, 182.24, 1.79741
FILLER_0_63_661, 303.44, 182.24, 1.79741
_07404_, 316.24, 182.24, 1.79764
_07739_, 316.24, 182.24, 1.79764
_08470_, 316.24, 182.24, 1.79764
FILLER_0_62_671, 316.24, 182.24, 1.79764
FILLER_0_63_669, 316.24, 182.24, 1.79764
FILLER_0_63_673, 316.24, 182.24, 1.79764
FILLER_0_64_681, 316.24, 182.24, 1.79764
_08795_, 341.442, 182.24, 1.79785
_08796_, 341.442, 182.24, 1.79785
_08800_, 341.442, 182.24, 1.79785
_08801_, 341.442, 182.24, 1.79785
_08802_, 341.442, 182.24, 1.79785
_07216_, 353.845, 182.24, 1.79782
_07220_, 353.845, 182.24, 1.79782
_07224_, 353.845, 182.24, 1.79782
_08777_, 353.845, 182.24, 1.79782
FILLER_0_63_761, 353.845, 182.24, 1.79782
_06344_, 366.247, 182.24, 1.79779
_07215_, 366.247, 182.24, 1.79779
_07227_, 366.247, 182.24, 1.79779
_07237_, 366.247, 182.24, 1.79779
FILLER_0_62_778, 366.247, 182.24, 1.79779
FILLER_0_63_790, 366.247, 182.24, 1.79779
FILLER_0_64_791, 366.247, 182.24, 1.79779
_06296_, 378.65, 182.24, 1.79777
_07234_, 378.65, 182.24, 1.79777
_07238_, 378.65, 182.24, 1.79777
_07263_, 378.65, 182.24, 1.79777
_07281_, 378.65, 182.24, 1.79777
_07284_, 378.65, 182.24, 1.79777
FILLER_0_62_808, 378.65, 182.24, 1.79777
FILLER_0_63_813, 378.65, 182.24, 1.79777
_07282_, 391.052, 182.24, 1.79775
_07285_, 391.052, 182.24, 1.79775
_07286_, 391.052, 182.24, 1.79775
_07288_, 391.052, 182.24, 1.79775
_07346_, 391.052, 182.24, 1.79775
_07349_, 391.052, 182.24, 1.79775
_07354_, 403.455, 182.24, 1.79773
_07356_, 403.455, 182.24, 1.79773
FILLER_0_62_865, 403.455, 182.24, 1.79773
FILLER_0_63_863, 403.455, 182.24, 1.79773
FILLER_0_64_876, 403.455, 182.24, 1.79773
_12662_, 415.857, 182.24, 1.79772
fanout156, 415.857, 182.24, 1.79772
FILLER_0_62_881, 415.857, 182.24, 1.79772
FILLER_0_62_889, 415.857, 182.24, 1.79772
FILLER_0_63_889, 415.857, 182.24, 1.79772
FILLER_0_63_897, 415.857, 182.24, 1.79772
_12596_, 5.52, 176.8, 1.79495
_12605_, 5.52, 176.8, 1.79495
PHY_120, 5.52, 176.8, 1.79495
PHY_122, 5.52, 176.8, 1.79495
output109, 5.52, 176.8, 1.79495
PHY_121, 428.26, 176.8, 1.79764
PHY_123, 428.26, 176.8, 1.79764
output69, 428.26, 176.8, 1.79764
_12595_, 13.68, 176.8, 1.79496
_12597_, 13.68, 176.8, 1.79496
_12604_, 13.68, 176.8, 1.79496
_12606_, 13.68, 176.8, 1.79496
FILLER_0_62_18, 13.68, 176.8, 1.79496
_12592_, 34.64, 176.8, 1.79499
_12707_, 34.64, 176.8, 1.79499
FILLER_0_61_57, 34.64, 176.8, 1.79499
_12189_, 47.44, 176.8, 1.79504
_12253_, 47.44, 176.8, 1.79504
_12255_, 47.44, 176.8, 1.79504
FILLER_0_60_80, 47.44, 176.8, 1.79504
FILLER_0_61_94, 47.44, 176.8, 1.79504
_12102_, 60.24, 176.8, 1.79508
_12188_, 60.24, 176.8, 1.79508
_12254_, 60.24, 176.8, 1.79508
_12305_, 60.24, 176.8, 1.79508
FILLER_0_61_117, 60.24, 176.8, 1.79508
_11929_, 73.04, 176.8, 1.79513
_12009_, 73.04, 176.8, 1.79513
FILLER_0_61_144, 73.04, 176.8, 1.79513
FILLER_0_61_158, 73.04, 176.8, 1.79513
_12080_, 85.84, 176.8, 1.79518
_12307_, 85.84, 176.8, 1.79518
_10890_, 98.64, 176.8, 1.79523
_11990_, 98.64, 176.8, 1.79523
_12076_, 98.64, 176.8, 1.79523
_12079_, 98.64, 176.8, 1.79523
FILLER_0_60_192, 98.64, 176.8, 1.79523
FILLER_0_61_205, 98.64, 176.8, 1.79523
FILLER_0_62_211, 98.64, 176.8, 1.79523
_11804_, 111.44, 176.8, 1.79529
_11899_, 111.44, 176.8, 1.79529
_11901_, 111.44, 176.8, 1.79529
_11988_, 111.44, 176.8, 1.79529
_11989_, 111.44, 176.8, 1.79529
FILLER_0_60_226, 111.44, 176.8, 1.79529
FILLER_0_61_230, 111.44, 176.8, 1.79529
FILLER_0_61_240, 111.44, 176.8, 1.79529
FILLER_0_62_243, 111.44, 176.8, 1.79529
_11994_, 124.24, 176.8, 1.79534
_11995_, 124.24, 176.8, 1.79534
_12077_, 124.24, 176.8, 1.79534
FILLER_0_61_260, 124.24, 176.8, 1.79534
FILLER_0_62_265, 124.24, 176.8, 1.79534
_10810_, 137.04, 176.8, 1.7954
_10812_, 137.04, 176.8, 1.7954
_11909_, 137.04, 176.8, 1.7954
_11911_, 137.04, 176.8, 1.7954
FILLER_0_60_281, 137.04, 176.8, 1.7954
FILLER_0_61_281, 137.04, 176.8, 1.7954
FILLER_0_62_299, 137.04, 176.8, 1.7954
_08631_, 149.84, 176.8, 1.79546
_10584_, 149.84, 176.8, 1.79546
_10585_, 149.84, 176.8, 1.79546
_10586_, 149.84, 176.8, 1.79546
_10807_, 149.84, 176.8, 1.79546
FILLER_0_60_309, 149.84, 176.8, 1.79546
_10259_, 162.64, 176.8, 1.79552
_10287_, 162.64, 176.8, 1.79552
_10506_, 162.64, 176.8, 1.79552
_10508_, 162.64, 176.8, 1.79552
_10622_, 162.64, 176.8, 1.79552
FILLER_0_60_331, 162.64, 176.8, 1.79552
FILLER_0_61_330, 162.64, 176.8, 1.79552
FILLER_0_61_343, 162.64, 176.8, 1.79552
FILLER_0_61_351, 162.64, 176.8, 1.79552
_09638_, 188.24, 176.8, 1.79573
_07207_, 201.04, 176.8, 1.79587
_09488_, 201.04, 176.8, 1.79587
_09693_, 201.04, 176.8, 1.79587
_09943_, 201.04, 176.8, 1.79587
FILLER_0_60_417, 201.04, 176.8, 1.79587
FILLER_0_60_421, 201.04, 176.8, 1.79587
FILLER_0_61_417, 201.04, 176.8, 1.79587
FILLER_0_62_430, 201.04, 176.8, 1.79587
_09886_, 213.84, 176.8, 1.79603
_09888_, 213.84, 176.8, 1.79603
_09889_, 213.84, 176.8, 1.79603
FILLER_0_60_443, 213.84, 176.8, 1.79603
FILLER_0_61_442, 213.84, 176.8, 1.79603
FILLER_0_61_449, 213.84, 176.8, 1.79603
FILLER_0_61_464, 213.84, 176.8, 1.79603
FILLER_0_62_454, 213.84, 176.8, 1.79603
_10085_, 226.64, 176.8, 1.79619
_10140_, 226.64, 176.8, 1.79619
_10141_, 226.64, 176.8, 1.79619
_10276_, 226.64, 176.8, 1.79619
_10277_, 226.64, 176.8, 1.79619
_10451_, 226.64, 176.8, 1.79619
FILLER_0_60_469, 226.64, 176.8, 1.79619
FILLER_0_61_482, 226.64, 176.8, 1.79619
FILLER_0_62_482, 226.64, 176.8, 1.79619
_07442_, 239.44, 176.8, 1.79636
_09942_, 239.44, 176.8, 1.79636
_10458_, 239.44, 176.8, 1.79636
FILLER_0_60_504, 239.44, 176.8, 1.79636
FILLER_0_61_498, 239.44, 176.8, 1.79636
FILLER_0_61_505, 239.44, 176.8, 1.79636
FILLER_0_61_520, 239.44, 176.8, 1.79636
_07443_, 252.24, 176.8, 1.79654
_08844_, 252.24, 176.8, 1.79654
_08846_, 252.24, 176.8, 1.79654
_08941_, 252.24, 176.8, 1.79654
_08934_, 265.04, 176.8, 1.79671
_08939_, 265.04, 176.8, 1.79671
_08950_, 265.04, 176.8, 1.79671
_08960_, 265.04, 176.8, 1.79671
FILLER_0_61_557, 265.04, 176.8, 1.79671
FILLER_0_62_567, 265.04, 176.8, 1.79671
_08973_, 277.84, 176.8, 1.7969
_08980_, 277.84, 176.8, 1.7969
FILLER_0_60_579, 277.84, 176.8, 1.7969
FILLER_0_60_589, 277.84, 176.8, 1.7969
_08670_, 290.64, 176.8, 1.7971
FILLER_0_60_617, 290.64, 176.8, 1.7971
FILLER_0_61_610, 290.64, 176.8, 1.7971
FILLER_0_61_629, 290.64, 176.8, 1.7971
_07704_, 303.44, 176.8, 1.7973
_07738_, 303.44, 176.8, 1.7973
_08461_, 303.44, 176.8, 1.7973
_08460_, 316.24, 176.8, 1.79752
_08468_, 316.24, 176.8, 1.79752
_08550_, 316.24, 176.8, 1.79752
_08551_, 316.24, 176.8, 1.79752
_08794_, 316.24, 176.8, 1.79752
FILLER_0_61_664, 316.24, 176.8, 1.79752
FILLER_0_61_680, 316.24, 176.8, 1.79752
_08793_, 341.442, 176.8, 1.79779
_08976_, 341.442, 176.8, 1.79779
_07226_, 353.845, 176.8, 1.79776
_08778_, 353.845, 176.8, 1.79776
FILLER_0_60_752, 353.845, 176.8, 1.79776
FILLER_0_61_760, 353.845, 176.8, 1.79776
FILLER_0_62_769, 353.845, 176.8, 1.79776
_07221_, 366.247, 176.8, 1.79773
_07274_, 366.247, 176.8, 1.79773
_07275_, 366.247, 176.8, 1.79773
_09495_, 366.247, 176.8, 1.79773
FILLER_0_61_781, 366.247, 176.8, 1.79773
FILLER_0_62_786, 366.247, 176.8, 1.79773
_07283_, 378.65, 176.8, 1.79771
FILLER_0_60_807, 378.65, 176.8, 1.79771
FILLER_0_62_813, 378.65, 176.8, 1.79771
_07265_, 391.052, 176.8, 1.79769
_07335_, 391.052, 176.8, 1.79769
FILLER_0_61_833, 391.052, 176.8, 1.79769
FILLER_0_61_841, 391.052, 176.8, 1.79769
_07340_, 403.455, 176.8, 1.79766
_07358_, 403.455, 176.8, 1.79766
_07369_, 403.455, 176.8, 1.79766
FILLER_0_60_882, 415.857, 176.8, 1.79765
FILLER_0_60_890, 415.857, 176.8, 1.79765
FILLER_0_61_892, 415.857, 176.8, 1.79765
PHY_116, 5.52, 171.36, 1.79504
PHY_118, 5.52, 171.36, 1.79504
FILLER_0_60_3, 5.52, 171.36, 1.79504
PHY_117, 428.26, 171.36, 1.79738
PHY_119, 428.26, 171.36, 1.79738
FILLER_0_58_913, 428.26, 171.36, 1.79738
FILLER_0_59_909, 428.26, 171.36, 1.79738
_12576_, 13.68, 171.36, 1.79504
FILLER_0_60_20, 13.68, 171.36, 1.79504
_12550_, 34.64, 171.36, 1.79507
_12552_, 34.64, 171.36, 1.79507
FILLER_0_58_59, 34.64, 171.36, 1.79507
FILLER_0_59_51, 34.64, 171.36, 1.79507
_12248_, 47.44, 171.36, 1.7951
_12249_, 47.44, 171.36, 1.7951
_12250_, 47.44, 171.36, 1.7951
_12304_, 47.44, 171.36, 1.7951
_12306_, 47.44, 171.36, 1.7951
FILLER_0_58_85, 47.44, 171.36, 1.7951
FILLER_0_59_103, 47.44, 171.36, 1.7951
_11802_, 60.24, 171.36, 1.79513
_12085_, 60.24, 171.36, 1.79513
_12100_, 60.24, 171.36, 1.79513
_12101_, 60.24, 171.36, 1.79513
_12186_, 60.24, 171.36, 1.79513
_12187_, 60.24, 171.36, 1.79513
FILLER_0_58_106, 60.24, 171.36, 1.79513
FILLER_0_58_118, 60.24, 171.36, 1.79513
FILLER_0_60_126, 60.24, 171.36, 1.79513
_11927_, 73.04, 171.36, 1.79516
_11928_, 73.04, 171.36, 1.79516
_12005_, 73.04, 171.36, 1.79516
_12007_, 73.04, 171.36, 1.79516
_12008_, 73.04, 171.36, 1.79516
_12099_, 73.04, 171.36, 1.79516
_12309_, 73.04, 171.36, 1.79516
FILLER_0_59_158, 73.04, 171.36, 1.79516
_12177_, 85.84, 171.36, 1.7952
_12178_, 85.84, 171.36, 1.7952
_12185_, 85.84, 171.36, 1.7952
_12251_, 85.84, 171.36, 1.7952
_12252_, 85.84, 171.36, 1.7952
_12308_, 85.84, 171.36, 1.7952
_10705_, 98.64, 171.36, 1.79524
_12006_, 98.64, 171.36, 1.79524
_12179_, 98.64, 171.36, 1.79524
FILLER_0_58_193, 98.64, 171.36, 1.79524
FILLER_0_58_197, 98.64, 171.36, 1.79524
FILLER_0_59_197, 98.64, 171.36, 1.79524
FILLER_0_60_215, 98.64, 171.36, 1.79524
_07458_, 111.44, 171.36, 1.79529
_11900_, 111.44, 171.36, 1.79529
FILLER_0_59_220, 111.44, 171.36, 1.79529
FILLER_0_59_237, 111.44, 171.36, 1.79529
FILLER_0_60_243, 111.44, 171.36, 1.79529
_10759_, 124.24, 171.36, 1.79533
_11816_, 124.24, 171.36, 1.79533
_11910_, 124.24, 171.36, 1.79533
FILLER_0_58_249, 124.24, 171.36, 1.79533
_10809_, 137.04, 171.36, 1.79538
_10811_, 137.04, 171.36, 1.79538
_10813_, 137.04, 171.36, 1.79538
_10814_, 137.04, 171.36, 1.79538
FILLER_0_59_276, 137.04, 171.36, 1.79538
FILLER_0_59_281, 137.04, 171.36, 1.79538
_10583_, 149.84, 171.36, 1.79544
_10587_, 149.84, 171.36, 1.79544
_10588_, 149.84, 171.36, 1.79544
FILLER_0_58_301, 149.84, 171.36, 1.79544
FILLER_0_58_312, 149.84, 171.36, 1.79544
FILLER_0_59_326, 149.84, 171.36, 1.79544
FILLER_0_60_320, 149.84, 171.36, 1.79544
_10481_, 162.64, 171.36, 1.79549
_10582_, 162.64, 171.36, 1.79549
FILLER_0_58_336, 162.64, 171.36, 1.79549
FILLER_0_59_337, 162.64, 171.36, 1.79549
FILLER_0_59_351, 162.64, 171.36, 1.79549
_09937_, 188.24, 171.36, 1.79567
_09944_, 188.24, 171.36, 1.79567
_10142_, 188.24, 171.36, 1.79567
_10144_, 188.24, 171.36, 1.79567
_10326_, 188.24, 171.36, 1.79567
FILLER_0_59_393, 188.24, 171.36, 1.79567
FILLER_0_60_407, 188.24, 171.36, 1.79567
_09487_, 201.04, 171.36, 1.7958
_09945_, 201.04, 171.36, 1.7958
_09946_, 201.04, 171.36, 1.7958
FILLER_0_59_433, 201.04, 171.36, 1.7958
_09890_, 213.84, 171.36, 1.79594
_09891_, 213.84, 171.36, 1.79594
FILLER_0_59_445, 213.84, 171.36, 1.79594
FILLER_0_59_465, 213.84, 171.36, 1.79594
_10086_, 226.64, 171.36, 1.79607
_10087_, 226.64, 171.36, 1.79607
_10452_, 226.64, 171.36, 1.79607
FILLER_0_58_477, 226.64, 171.36, 1.79607
_07421_, 239.44, 171.36, 1.79622
_09013_, 239.44, 171.36, 1.79622
_10108_, 239.44, 171.36, 1.79622
_10274_, 239.44, 171.36, 1.79622
_10275_, 239.44, 171.36, 1.79622
FILLER_0_59_495, 239.44, 171.36, 1.79622
FILLER_0_59_505, 239.44, 171.36, 1.79622
FILLER_0_59_514, 239.44, 171.36, 1.79622
_08837_, 252.24, 171.36, 1.79636
_08847_, 252.24, 171.36, 1.79636
_08848_, 252.24, 171.36, 1.79636
_08936_, 252.24, 171.36, 1.79636
_08942_, 252.24, 171.36, 1.79636
FILLER_0_60_538, 252.24, 171.36, 1.79636
_08937_, 265.04, 171.36, 1.79651
_08943_, 265.04, 171.36, 1.79651
FILLER_0_58_557, 265.04, 171.36, 1.79651
FILLER_0_59_556, 265.04, 171.36, 1.79651
FILLER_0_59_561, 265.04, 171.36, 1.79651
_08665_, 277.84, 171.36, 1.79666
_08671_, 277.84, 171.36, 1.79666
_08673_, 277.84, 171.36, 1.79666
_08961_, 277.84, 171.36, 1.79666
FILLER_0_60_597, 277.84, 171.36, 1.79666
_07699_, 290.64, 171.36, 1.79682
_08674_, 290.64, 171.36, 1.79682
_08686_, 290.64, 171.36, 1.79682
_08687_, 290.64, 171.36, 1.79682
_08789_, 290.64, 171.36, 1.79682
_08791_, 290.64, 171.36, 1.79682
FILLER_0_58_613, 290.64, 171.36, 1.79682
_07698_, 303.44, 171.36, 1.79701
_07740_, 303.44, 171.36, 1.79701
_08462_, 303.44, 171.36, 1.79701
_08463_, 303.44, 171.36, 1.79701
_08790_, 303.44, 171.36, 1.79701
FILLER_0_58_640, 303.44, 171.36, 1.79701
FILLER_0_59_643, 303.44, 171.36, 1.79701
FILLER_0_59_661, 303.44, 171.36, 1.79701
_08982_, 316.24, 171.36, 1.79727
_08986_, 316.24, 171.36, 1.79727
FILLER_0_58_672, 316.24, 171.36, 1.79727
FILLER_0_59_669, 316.24, 171.36, 1.79727
FILLER_0_59_673, 316.24, 171.36, 1.79727
_08788_, 341.442, 171.36, 1.79749
_08792_, 341.442, 171.36, 1.79749
_08803_, 341.442, 171.36, 1.79749
_08972_, 341.442, 171.36, 1.79749
_08990_, 341.442, 171.36, 1.79749
FILLER_0_58_723, 341.442, 171.36, 1.79749
FILLER_0_59_718, 341.442, 171.36, 1.79749
FILLER_0_60_737, 341.442, 171.36, 1.79749
_06610_, 353.845, 171.36, 1.79746
_07217_, 353.845, 171.36, 1.79746
_07228_, 353.845, 171.36, 1.79746
FILLER_0_58_751, 353.845, 171.36, 1.79746
FILLER_0_58_757, 353.845, 171.36, 1.79746
FILLER_0_59_763, 353.845, 171.36, 1.79746
_07231_, 366.247, 171.36, 1.79744
_07248_, 366.247, 171.36, 1.79744
_07249_, 366.247, 171.36, 1.79744
FILLER_0_58_784, 366.247, 171.36, 1.79744
FILLER_0_59_771, 366.247, 171.36, 1.79744
FILLER_0_59_781, 366.247, 171.36, 1.79744
FILLER_0_59_785, 366.247, 171.36, 1.79744
_07253_, 378.65, 171.36, 1.79742
_07254_, 378.65, 171.36, 1.79742
_07264_, 378.65, 171.36, 1.79742
_07266_, 378.65, 171.36, 1.79742
_07276_, 378.65, 171.36, 1.79742
FILLER_0_59_814, 378.65, 171.36, 1.79742
_07267_, 391.052, 171.36, 1.7974
_07277_, 391.052, 171.36, 1.7974
_07278_, 391.052, 171.36, 1.7974
_07290_, 391.052, 171.36, 1.7974
_07341_, 391.052, 171.36, 1.7974
FILLER_0_58_825, 391.052, 171.36, 1.7974
FILLER_0_60_842, 391.052, 171.36, 1.7974
_07289_, 403.455, 171.36, 1.79739
_07342_, 403.455, 171.36, 1.79739
_07357_, 403.455, 171.36, 1.79739
FILLER_0_58_858, 403.455, 171.36, 1.79739
FILLER_0_59_860, 403.455, 171.36, 1.79739
_12739_, 415.857, 171.36, 1.79738
FILLER_0_59_891, 415.857, 171.36, 1.79738
PHY_112, 5.52, 165.92, 1.79506
PHY_114, 5.52, 165.92, 1.79506
output68, 5.52, 165.92, 1.79506
PHY_113, 428.26, 165.92, 1.79717
PHY_115, 428.26, 165.92, 1.79717
input18, 428.26, 165.92, 1.79717
FILLER_0_56_913, 428.26, 165.92, 1.79717
FILLER_0_57_909, 428.26, 165.92, 1.79717
_12579_, 13.68, 165.92, 1.79507
_12584_, 13.68, 165.92, 1.79507
_12589_, 13.68, 165.92, 1.79507
_12591_, 13.68, 165.92, 1.79507
FILLER_0_56_17, 13.68, 165.92, 1.79507
_12157_, 34.64, 165.92, 1.7951
_12234_, 34.64, 165.92, 1.7951
FILLER_0_57_52, 34.64, 165.92, 1.7951
_12210_, 47.44, 165.92, 1.79512
_12292_, 47.44, 165.92, 1.79512
FILLER_0_56_85, 47.44, 165.92, 1.79512
_11939_, 60.24, 165.92, 1.79514
_11942_, 60.24, 165.92, 1.79514
_12004_, 60.24, 165.92, 1.79514
_12131_, 60.24, 165.92, 1.79514
FILLER_0_56_107, 60.24, 165.92, 1.79514
FILLER_0_57_108, 60.24, 165.92, 1.79514
FILLER_0_58_126, 60.24, 165.92, 1.79514
FILLER_0_58_132, 60.24, 165.92, 1.79514
FILLER_0_56_137, 73.04, 165.92, 1.79517
_12086_, 85.84, 165.92, 1.7952
_12095_, 85.84, 165.92, 1.7952
_12096_, 85.84, 165.92, 1.7952
_12097_, 85.84, 165.92, 1.7952
_12098_, 85.84, 165.92, 1.7952
_12182_, 85.84, 165.92, 1.7952
_12183_, 85.84, 165.92, 1.7952
_12184_, 85.84, 165.92, 1.7952
FILLER_0_56_165, 85.84, 165.92, 1.7952
FILLER_0_57_162, 85.84, 165.92, 1.7952
FILLER_0_58_175, 85.84, 165.92, 1.7952
FILLER_0_58_185, 85.84, 165.92, 1.7952
_12088_, 98.64, 165.92, 1.79523
_12089_, 98.64, 165.92, 1.79523
_12090_, 98.64, 165.92, 1.79523
_12091_, 98.64, 165.92, 1.79523
_12180_, 98.64, 165.92, 1.79523
_12181_, 98.64, 165.92, 1.79523
FILLER_0_56_192, 98.64, 165.92, 1.79523
FILLER_0_56_197, 98.64, 165.92, 1.79523
FILLER_0_57_215, 98.64, 165.92, 1.79523
FILLER_0_58_212, 98.64, 165.92, 1.79523
_10954_, 111.44, 165.92, 1.79526
_10956_, 111.44, 165.92, 1.79526
_10958_, 111.44, 165.92, 1.79526
FILLER_0_57_225, 111.44, 165.92, 1.79526
_10957_, 124.24, 165.92, 1.7953
_10959_, 124.24, 165.92, 1.7953
_10960_, 124.24, 165.92, 1.7953
_10962_, 124.24, 165.92, 1.7953
_11095_, 124.24, 165.92, 1.7953
FILLER_0_56_249, 124.24, 165.92, 1.7953
_10808_, 137.04, 165.92, 1.79534
_10815_, 137.04, 165.92, 1.79534
_10816_, 137.04, 165.92, 1.79534
_10817_, 137.04, 165.92, 1.79534
FILLER_0_56_276, 137.04, 165.92, 1.79534
FILLER_0_57_276, 137.04, 165.92, 1.79534
_10482_, 149.84, 165.92, 1.79538
_10484_, 149.84, 165.92, 1.79538
_10485_, 149.84, 165.92, 1.79538
_10486_, 149.84, 165.92, 1.79538
_10589_, 149.84, 165.92, 1.79538
_10590_, 149.84, 165.92, 1.79538
_10591_, 149.84, 165.92, 1.79538
_10592_, 149.84, 165.92, 1.79538
FILLER_0_56_312, 149.84, 165.92, 1.79538
FILLER_0_57_305, 149.84, 165.92, 1.79538
FILLER_0_57_314, 149.84, 165.92, 1.79538
_10147_, 162.64, 165.92, 1.79542
_10322_, 162.64, 165.92, 1.79542
_10323_, 162.64, 165.92, 1.79542
_10581_, 162.64, 165.92, 1.79542
FILLER_0_57_333, 162.64, 165.92, 1.79542
FILLER_0_57_351, 162.64, 165.92, 1.79542
_09947_, 188.24, 165.92, 1.79557
_09948_, 188.24, 165.92, 1.79557
_09949_, 188.24, 165.92, 1.79557
_10143_, 188.24, 165.92, 1.79557
FILLER_0_57_387, 188.24, 165.92, 1.79557
FILLER_0_57_405, 188.24, 165.92, 1.79557
FILLER_0_58_399, 188.24, 165.92, 1.79557
_09803_, 201.04, 165.92, 1.79568
_09892_, 201.04, 165.92, 1.79568
_10092_, 201.04, 165.92, 1.79568
FILLER_0_56_415, 201.04, 165.92, 1.79568
FILLER_0_56_421, 201.04, 165.92, 1.79568
FILLER_0_57_425, 201.04, 165.92, 1.79568
FILLER_0_58_433, 201.04, 165.92, 1.79568
_10076_, 213.84, 165.92, 1.7958
_10088_, 213.84, 165.92, 1.7958
_10091_, 213.84, 165.92, 1.7958
_10285_, 213.84, 165.92, 1.7958
FILLER_0_57_458, 213.84, 165.92, 1.7958
_10278_, 226.64, 165.92, 1.79592
_10279_, 226.64, 165.92, 1.79592
_10280_, 226.64, 165.92, 1.79592
_10281_, 226.64, 165.92, 1.79592
_10447_, 226.64, 165.92, 1.79592
_10448_, 226.64, 165.92, 1.79592
_10450_, 226.64, 165.92, 1.79592
_10676_, 226.64, 165.92, 1.79592
FILLER_0_57_469, 226.64, 165.92, 1.79592
FILLER_0_58_485, 226.64, 165.92, 1.79592
FILLER_0_58_493, 226.64, 165.92, 1.79592
_08836_, 239.44, 165.92, 1.79604
_09014_, 239.44, 165.92, 1.79604
_10273_, 239.44, 165.92, 1.79604
_10677_, 239.44, 165.92, 1.79604
FILLER_0_57_510, 239.44, 165.92, 1.79604
FILLER_0_58_511, 239.44, 165.92, 1.79604
_08849_, 252.24, 165.92, 1.79617
_08935_, 252.24, 165.92, 1.79617
_09012_, 252.24, 165.92, 1.79617
FILLER_0_56_528, 252.24, 165.92, 1.79617
FILLER_0_56_533, 252.24, 165.92, 1.79617
_08938_, 265.04, 165.92, 1.7963
_08962_, 265.04, 165.92, 1.7963
_08963_, 265.04, 165.92, 1.7963
_08969_, 265.04, 165.92, 1.7963
FILLER_0_56_562, 265.04, 165.92, 1.7963
FILLER_0_57_551, 265.04, 165.92, 1.7963
FILLER_0_58_565, 265.04, 165.92, 1.7963
_08672_, 277.84, 165.92, 1.79646
FILLER_0_56_585, 277.84, 165.92, 1.79646
FILLER_0_56_589, 277.84, 165.92, 1.79646
_08676_, 290.64, 165.92, 1.79661
_08684_, 290.64, 165.92, 1.79661
_08685_, 290.64, 165.92, 1.79661
_08688_, 290.64, 165.92, 1.79661
FILLER_0_57_613, 290.64, 165.92, 1.79661
_07367_, 303.44, 165.92, 1.79676
_07697_, 303.44, 165.92, 1.79676
FILLER_0_57_641, 303.44, 165.92, 1.79676
FILLER_0_57_649, 303.44, 165.92, 1.79676
FILLER_0_57_655, 303.44, 165.92, 1.79676
_08467_, 316.24, 165.92, 1.79693
_08552_, 316.24, 165.92, 1.79693
_08553_, 316.24, 165.92, 1.79693
_08984_, 316.24, 165.92, 1.79693
_08784_, 341.442, 165.92, 1.7972
_08804_, 341.442, 165.92, 1.7972
_07222_, 353.845, 165.92, 1.79719
_08779_, 353.845, 165.92, 1.79719
_08782_, 353.845, 165.92, 1.79719
_09496_, 353.845, 165.92, 1.79719
FILLER_0_56_752, 353.845, 165.92, 1.79719
FILLER_0_56_757, 353.845, 165.92, 1.79719
_07244_, 366.247, 165.92, 1.79718
_07245_, 366.247, 165.92, 1.79718
_07246_, 366.247, 165.92, 1.79718
_09494_, 366.247, 165.92, 1.79718
_09497_, 366.247, 165.92, 1.79718
FILLER_0_57_778, 366.247, 165.92, 1.79718
FILLER_0_57_793, 366.247, 165.92, 1.79718
_07250_, 378.65, 165.92, 1.79717
_07251_, 378.65, 165.92, 1.79717
_07255_, 378.65, 165.92, 1.79717
_07256_, 378.65, 165.92, 1.79717
FILLER_0_56_803, 378.65, 165.92, 1.79717
FILLER_0_57_807, 378.65, 165.92, 1.79717
_07337_, 391.052, 165.92, 1.79717
FILLER_0_56_837, 391.052, 165.92, 1.79717
FILLER_0_57_834, 391.052, 165.92, 1.79717
FILLER_0_57_841, 391.052, 165.92, 1.79717
rebuffer26, 403.455, 165.92, 1.79717
FILLER_0_56_864, 403.455, 165.92, 1.79717
FILLER_0_57_857, 403.455, 165.92, 1.79717
FILLER_0_57_890, 415.857, 165.92, 1.79717
FILLER_0_58_905, 415.857, 165.92, 1.79717
_12582_, 5.52, 160.48, 1.79514
PHY_108, 5.52, 160.48, 1.79514
PHY_110, 5.52, 160.48, 1.79514
FILLER_0_56_3, 5.52, 160.48, 1.79514
PHY_109, 428.26, 160.48, 1.79682
PHY_111, 428.26, 160.48, 1.79682
FILLER_0_54_913, 428.26, 160.48, 1.79682
FILLER_0_55_909, 428.26, 160.48, 1.79682
_12580_, 13.68, 160.48, 1.79514
_12581_, 13.68, 160.48, 1.79514
_12583_, 13.68, 160.48, 1.79514
FILLER_0_56_25, 13.68, 160.48, 1.79514
_12233_, 34.64, 160.48, 1.79515
_12522_, 34.64, 160.48, 1.79515
_12524_, 34.64, 160.48, 1.79515
_12553_, 34.64, 160.48, 1.79515
_12554_, 34.64, 160.48, 1.79515
_12153_, 47.44, 160.48, 1.79515
_12232_, 47.44, 160.48, 1.79515
FILLER_0_54_81, 47.44, 160.48, 1.79515
FILLER_0_54_85, 47.44, 160.48, 1.79515
_11941_, 60.24, 160.48, 1.79516
_12021_, 60.24, 160.48, 1.79516
_12022_, 60.24, 160.48, 1.79516
_12028_, 60.24, 160.48, 1.79516
_12129_, 60.24, 160.48, 1.79516
FILLER_0_55_106, 60.24, 160.48, 1.79516
FILLER_0_55_113, 60.24, 160.48, 1.79516
FILLER_0_56_123, 60.24, 160.48, 1.79516
_12023_, 73.04, 160.48, 1.79517
_12024_, 73.04, 160.48, 1.79517
_12125_, 73.04, 160.48, 1.79517
_12130_, 73.04, 160.48, 1.79517
FILLER_0_54_135, 73.04, 160.48, 1.79517
FILLER_0_54_141, 73.04, 160.48, 1.79517
FILLER_0_55_144, 73.04, 160.48, 1.79517
_12092_, 85.84, 160.48, 1.79519
_12093_, 85.84, 160.48, 1.79519
_12094_, 85.84, 160.48, 1.79519
_12115_, 85.84, 160.48, 1.79519
_12121_, 85.84, 160.48, 1.79519
FILLER_0_55_164, 85.84, 160.48, 1.79519
FILLER_0_56_176, 85.84, 160.48, 1.79519
_10804_, 98.64, 160.48, 1.79521
_12087_, 98.64, 160.48, 1.79521
FILLER_0_54_191, 98.64, 160.48, 1.79521
FILLER_0_54_197, 98.64, 160.48, 1.79521
_10955_, 111.44, 160.48, 1.79523
_10963_, 111.44, 160.48, 1.79523
_11093_, 111.44, 160.48, 1.79523
_11094_, 111.44, 160.48, 1.79523
_11097_, 111.44, 160.48, 1.79523
_11211_, 111.44, 160.48, 1.79523
FILLER_0_55_217, 111.44, 160.48, 1.79523
FILLER_0_55_225, 111.44, 160.48, 1.79523
_10818_, 124.24, 160.48, 1.79525
_10819_, 124.24, 160.48, 1.79525
_10961_, 124.24, 160.48, 1.79525
_11096_, 124.24, 160.48, 1.79525
FILLER_0_54_247, 124.24, 160.48, 1.79525
FILLER_0_55_260, 124.24, 160.48, 1.79525
_10593_, 137.04, 160.48, 1.79528
_10594_, 137.04, 160.48, 1.79528
_10595_, 137.04, 160.48, 1.79528
_10596_, 137.04, 160.48, 1.79528
max_cap147, 137.04, 160.48, 1.79528
FILLER_0_55_276, 137.04, 160.48, 1.79528
FILLER_0_55_281, 137.04, 160.48, 1.79528
_10483_, 149.84, 160.48, 1.79531
_10487_, 149.84, 160.48, 1.79531
_10488_, 149.84, 160.48, 1.79531
FILLER_0_54_301, 149.84, 160.48, 1.79531
FILLER_0_55_313, 149.84, 160.48, 1.79531
_09805_, 162.64, 160.48, 1.79534
_10311_, 162.64, 160.48, 1.79534
_10313_, 162.64, 160.48, 1.79534
FILLER_0_55_328, 162.64, 160.48, 1.79534
FILLER_0_55_337, 162.64, 160.48, 1.79534
FILLER_0_55_350, 162.64, 160.48, 1.79534
FILLER_0_56_351, 162.64, 160.48, 1.79534
_09951_, 188.24, 160.48, 1.79545
_09953_, 188.24, 160.48, 1.79545
FILLER_0_55_387, 188.24, 160.48, 1.79545
FILLER_0_56_398, 188.24, 160.48, 1.79545
_09895_, 201.04, 160.48, 1.79553
_10023_, 201.04, 160.48, 1.79553
_10090_, 201.04, 160.48, 1.79553
_10284_, 201.04, 160.48, 1.79553
FILLER_0_54_417, 201.04, 160.48, 1.79553
_10089_, 213.84, 160.48, 1.79563
_10093_, 213.84, 160.48, 1.79563
_10283_, 213.84, 160.48, 1.79563
FILLER_0_55_444, 213.84, 160.48, 1.79563
_10282_, 226.64, 160.48, 1.79574
_10453_, 226.64, 160.48, 1.79574
FILLER_0_54_468, 226.64, 160.48, 1.79574
FILLER_0_56_484, 226.64, 160.48, 1.79574
_10454_, 239.44, 160.48, 1.79586
FILLER_0_55_495, 239.44, 160.48, 1.79586
_08818_, 252.24, 160.48, 1.79598
_08850_, 252.24, 160.48, 1.79598
_09008_, 252.24, 160.48, 1.79598
_09009_, 252.24, 160.48, 1.79598
_09010_, 252.24, 160.48, 1.79598
FILLER_0_54_527, 252.24, 160.48, 1.79598
FILLER_0_55_529, 252.24, 160.48, 1.79598
_07816_, 265.04, 160.48, 1.7961
_08966_, 265.04, 160.48, 1.7961
FILLER_0_55_573, 265.04, 160.48, 1.7961
_08668_, 277.84, 160.48, 1.79623
_08669_, 277.84, 160.48, 1.79623
_08675_, 277.84, 160.48, 1.79623
_08677_, 277.84, 160.48, 1.79623
_08678_, 277.84, 160.48, 1.79623
_08679_, 277.84, 160.48, 1.79623
FILLER_0_54_584, 277.84, 160.48, 1.79623
FILLER_0_55_595, 277.84, 160.48, 1.79623
_08689_, 290.64, 160.48, 1.79637
_08690_, 290.64, 160.48, 1.79637
_08785_, 290.64, 160.48, 1.79637
FILLER_0_54_618, 290.64, 160.48, 1.79637
FILLER_0_55_613, 290.64, 160.48, 1.79637
FILLER_0_55_617, 290.64, 160.48, 1.79637
_07407_, 303.44, 160.48, 1.79651
_07408_, 303.44, 160.48, 1.79651
_07696_, 303.44, 160.48, 1.79651
_08583_, 303.44, 160.48, 1.79651
_08780_, 303.44, 160.48, 1.79651
FILLER_0_54_635, 303.44, 160.48, 1.79651
FILLER_0_55_654, 303.44, 160.48, 1.79651
_09016_, 316.24, 160.48, 1.79668
_09426_, 316.24, 160.48, 1.79668
_09427_, 316.24, 160.48, 1.79668
FILLER_0_55_663, 316.24, 160.48, 1.79668
_08781_, 341.442, 160.48, 1.79692
_08783_, 341.442, 160.48, 1.79692
_08787_, 341.442, 160.48, 1.79692
_08968_, 341.442, 160.48, 1.79692
FILLER_0_55_729, 341.442, 160.48, 1.79692
_07229_, 353.845, 160.48, 1.79689
_09498_, 353.845, 160.48, 1.79689
FILLER_0_55_757, 353.845, 160.48, 1.79689
FILLER_0_55_765, 353.845, 160.48, 1.79689
_07232_, 366.247, 160.48, 1.79686
_07233_, 366.247, 160.48, 1.79686
_09696_, 366.247, 160.48, 1.79686
FILLER_0_55_778, 366.247, 160.48, 1.79686
_07247_, 378.65, 160.48, 1.79684
_07257_, 378.65, 160.48, 1.79684
_09508_, 378.65, 160.48, 1.79684
FILLER_0_54_805, 378.65, 160.48, 1.79684
FILLER_0_55_807, 378.65, 160.48, 1.79684
_07261_, 391.052, 160.48, 1.79682
_07262_, 391.052, 160.48, 1.79682
_07272_, 391.052, 160.48, 1.79682
_07338_, 391.052, 160.48, 1.79682
_07339_, 391.052, 160.48, 1.79682
_07359_, 391.052, 160.48, 1.79682
_07366_, 391.052, 160.48, 1.79682
FILLER_0_54_836, 391.052, 160.48, 1.79682
FILLER_0_55_836, 391.052, 160.48, 1.79682
FILLER_0_55_841, 391.052, 160.48, 1.79682
FILLER_0_54_863, 403.455, 160.48, 1.79682
FILLER_0_55_888, 415.857, 160.48, 1.79682
FILLER_0_56_905, 415.857, 160.48, 1.79682
PHY_104, 5.52, 155.04, 1.79519
PHY_106, 5.52, 155.04, 1.79519
PHY_105, 428.26, 155.04, 1.79671
PHY_107, 428.26, 155.04, 1.79671
FILLER_0_53_909, 428.26, 155.04, 1.79671
_12562_, 13.68, 155.04, 1.79519
_12567_, 13.68, 155.04, 1.79519
_12293_, 34.64, 155.04, 1.79519
_12521_, 34.64, 155.04, 1.79519
_12523_, 34.64, 155.04, 1.79519
FILLER_0_52_63, 34.64, 155.04, 1.79519
_12229_, 47.44, 155.04, 1.79519
_12231_, 47.44, 155.04, 1.79519
FILLER_0_52_81, 47.44, 155.04, 1.79519
FILLER_0_52_85, 47.44, 155.04, 1.79519
_12128_, 60.24, 155.04, 1.79519
_12152_, 60.24, 155.04, 1.79519
FILLER_0_53_107, 60.24, 155.04, 1.79519
FILLER_0_54_122, 60.24, 155.04, 1.79519
_12122_, 73.04, 155.04, 1.79519
_12123_, 73.04, 155.04, 1.79519
_12126_, 73.04, 155.04, 1.79519
_12127_, 73.04, 155.04, 1.79519
_12149_, 73.04, 155.04, 1.79519
_12151_, 73.04, 155.04, 1.79519
FILLER_0_52_137, 73.04, 155.04, 1.79519
FILLER_0_53_137, 73.04, 155.04, 1.79519
_10983_, 85.84, 155.04, 1.7952
_12118_, 85.84, 155.04, 1.7952
_12120_, 85.84, 155.04, 1.7952
_12146_, 85.84, 155.04, 1.7952
_12147_, 85.84, 155.04, 1.7952
FILLER_0_53_161, 85.84, 155.04, 1.7952
FILLER_0_53_169, 85.84, 155.04, 1.7952
FILLER_0_53_185, 85.84, 155.04, 1.7952
_10803_, 98.64, 155.04, 1.79521
_10805_, 98.64, 155.04, 1.79521
_10982_, 98.64, 155.04, 1.79521
_11115_, 98.64, 155.04, 1.79521
FILLER_0_53_194, 98.64, 155.04, 1.79521
FILLER_0_53_202, 98.64, 155.04, 1.79521
_11214_, 111.44, 155.04, 1.79523
FILLER_0_52_221, 111.44, 155.04, 1.79523
FILLER_0_53_217, 111.44, 155.04, 1.79523
FILLER_0_52_249, 124.24, 155.04, 1.79525
FILLER_0_52_253, 124.24, 155.04, 1.79525
FILLER_0_53_273, 137.04, 155.04, 1.79527
_10599_, 149.84, 155.04, 1.79529
_10600_, 149.84, 155.04, 1.79529
_10602_, 149.84, 155.04, 1.79529
_10603_, 149.84, 155.04, 1.79529
_10605_, 149.84, 155.04, 1.79529
FILLER_0_53_317, 149.84, 155.04, 1.79529
_10493_, 162.64, 155.04, 1.79531
_10597_, 162.64, 155.04, 1.79531
_10598_, 162.64, 155.04, 1.79531
_07749_, 188.24, 155.04, 1.79541
_09801_, 188.24, 155.04, 1.79541
_09806_, 188.24, 155.04, 1.79541
_09950_, 188.24, 155.04, 1.79541
_10821_, 188.24, 155.04, 1.79541
_10822_, 188.24, 155.04, 1.79541
_10823_, 188.24, 155.04, 1.79541
FILLER_0_52_395, 188.24, 155.04, 1.79541
FILLER_0_53_385, 188.24, 155.04, 1.79541
FILLER_0_53_400, 188.24, 155.04, 1.79541
_10022_, 201.04, 155.04, 1.7955
FILLER_0_52_421, 201.04, 155.04, 1.7955
FILLER_0_53_438, 201.04, 155.04, 1.7955
_09634_, 213.84, 155.04, 1.79559
_09635_, 213.84, 155.04, 1.79559
_09643_, 213.84, 155.04, 1.79559
FILLER_0_52_440, 213.84, 155.04, 1.79559
FILLER_0_52_448, 213.84, 155.04, 1.79559
FILLER_0_53_449, 213.84, 155.04, 1.79559
_08126_, 226.64, 155.04, 1.7957
_10286_, 226.64, 155.04, 1.7957
_10446_, 226.64, 155.04, 1.7957
_10678_, 226.64, 155.04, 1.7957
FILLER_0_53_472, 226.64, 155.04, 1.7957
FILLER_0_53_494, 226.64, 155.04, 1.7957
_08814_, 239.44, 155.04, 1.79582
_08817_, 239.44, 155.04, 1.79582
FILLER_0_53_517, 239.44, 155.04, 1.79582
FILLER_0_54_514, 239.44, 155.04, 1.79582
_07038_, 252.24, 155.04, 1.79594
_08641_, 252.24, 155.04, 1.79594
_08838_, 252.24, 155.04, 1.79594
_08851_, 252.24, 155.04, 1.79594
FILLER_0_54_545, 252.24, 155.04, 1.79594
_08575_, 265.04, 155.04, 1.79607
_08666_, 265.04, 155.04, 1.79607
_08667_, 265.04, 155.04, 1.79607
_09015_, 265.04, 155.04, 1.79607
_09122_, 265.04, 155.04, 1.79607
FILLER_0_52_552, 265.04, 155.04, 1.79607
FILLER_0_53_567, 265.04, 155.04, 1.79607
FILLER_0_54_574, 265.04, 155.04, 1.79607
_08680_, 277.84, 155.04, 1.7962
_08681_, 277.84, 155.04, 1.7962
_09003_, 277.84, 155.04, 1.7962
FILLER_0_52_581, 277.84, 155.04, 1.7962
FILLER_0_53_581, 277.84, 155.04, 1.7962
FILLER_0_53_594, 277.84, 155.04, 1.7962
_08691_, 290.64, 155.04, 1.79634
_08692_, 290.64, 155.04, 1.79634
_08693_, 290.64, 155.04, 1.79634
_08694_, 290.64, 155.04, 1.79634
_08786_, 290.64, 155.04, 1.79634
FILLER_0_53_611, 290.64, 155.04, 1.79634
FILLER_0_54_626, 290.64, 155.04, 1.79634
_08580_, 303.44, 155.04, 1.79648
_08585_, 303.44, 155.04, 1.79648
_08964_, 303.44, 155.04, 1.79648
_09123_, 303.44, 155.04, 1.79648
FILLER_0_52_641, 303.44, 155.04, 1.79648
FILLER_0_53_648, 303.44, 155.04, 1.79648
FILLER_0_54_651, 303.44, 155.04, 1.79648
_08993_, 316.24, 155.04, 1.79662
_09017_, 316.24, 155.04, 1.79662
_09019_, 316.24, 155.04, 1.79662
FILLER_0_53_666, 316.24, 155.04, 1.79662
_06590_, 341.442, 155.04, 1.79674
_08805_, 341.442, 155.04, 1.79674
_08806_, 341.442, 155.04, 1.79674
_08807_, 341.442, 155.04, 1.79674
_08965_, 341.442, 155.04, 1.79674
FILLER_0_53_733, 341.442, 155.04, 1.79674
_06616_, 353.845, 155.04, 1.79673
_09491_, 353.845, 155.04, 1.79673
_09492_, 353.845, 155.04, 1.79673
FILLER_0_52_753, 353.845, 155.04, 1.79673
FILLER_0_52_757, 353.845, 155.04, 1.79673
_07213_, 366.247, 155.04, 1.79672
_07239_, 366.247, 155.04, 1.79672
_07271_, 366.247, 155.04, 1.79672
FILLER_0_53_773, 366.247, 155.04, 1.79672
FILLER_0_53_781, 366.247, 155.04, 1.79672
FILLER_0_53_785, 366.247, 155.04, 1.79672
_07252_, 378.65, 155.04, 1.79671
_07260_, 378.65, 155.04, 1.79671
FILLER_0_52_800, 378.65, 155.04, 1.79671
FILLER_0_53_820, 378.65, 155.04, 1.79671
FILLER_0_54_813, 378.65, 155.04, 1.79671
_07268_, 391.052, 155.04, 1.79671
_07291_, 391.052, 155.04, 1.79671
_07292_, 391.052, 155.04, 1.79671
_07336_, 391.052, 155.04, 1.79671
FILLER_0_52_831, 391.052, 155.04, 1.79671
FILLER_0_53_835, 391.052, 155.04, 1.79671
FILLER_0_53_890, 415.857, 155.04, 1.79671
FILLER_0_54_905, 415.857, 155.04, 1.79671
PHY_100, 5.52, 149.6, 1.79522
PHY_102, 5.52, 149.6, 1.79522
output102, 5.52, 149.6, 1.79522
FILLER_0_51_3, 5.52, 149.6, 1.79522
PHY_101, 428.26, 149.6, 1.79641
PHY_103, 428.26, 149.6, 1.79641
input41, 428.26, 149.6, 1.79641
FILLER_0_50_913, 428.26, 149.6, 1.79641
FILLER_0_51_909, 428.26, 149.6, 1.79641
_12564_, 13.68, 149.6, 1.79523
_12566_, 13.68, 149.6, 1.79523
_12573_, 13.68, 149.6, 1.79523
_12294_, 34.64, 149.6, 1.79522
FILLER_0_50_59, 34.64, 149.6, 1.79522
FILLER_0_52_73, 34.64, 149.6, 1.79522
_12227_, 47.44, 149.6, 1.79521
_12228_, 47.44, 149.6, 1.79521
_12269_, 47.44, 149.6, 1.79521
_12270_, 47.44, 149.6, 1.79521
_12273_, 47.44, 149.6, 1.79521
FILLER_0_51_93, 47.44, 149.6, 1.79521
FILLER_0_51_105, 47.44, 149.6, 1.79521
_12141_, 60.24, 149.6, 1.7952
_12226_, 60.24, 149.6, 1.7952
_12230_, 60.24, 149.6, 1.7952
_12271_, 60.24, 149.6, 1.7952
FILLER_0_50_106, 60.24, 149.6, 1.7952
_12124_, 73.04, 149.6, 1.79519
_12145_, 73.04, 149.6, 1.79519
_12148_, 73.04, 149.6, 1.79519
_12150_, 73.04, 149.6, 1.79519
FILLER_0_50_135, 73.04, 149.6, 1.79519
FILLER_0_51_133, 73.04, 149.6, 1.79519
FILLER_0_51_141, 73.04, 149.6, 1.79519
FILLER_0_51_153, 73.04, 149.6, 1.79519
FILLER_0_52_153, 73.04, 149.6, 1.79519
_12116_, 85.84, 149.6, 1.79518
_12117_, 85.84, 149.6, 1.79518
_12119_, 85.84, 149.6, 1.79518
_12143_, 85.84, 149.6, 1.79518
FILLER_0_51_165, 85.84, 149.6, 1.79518
FILLER_0_51_169, 85.84, 149.6, 1.79518
_11113_, 98.64, 149.6, 1.79518
_11223_, 98.64, 149.6, 1.79518
_11224_, 98.64, 149.6, 1.79518
_11226_, 98.64, 149.6, 1.79518
FILLER_0_50_197, 98.64, 149.6, 1.79518
FILLER_0_51_199, 98.64, 149.6, 1.79518
_11102_, 111.44, 149.6, 1.79518
_11212_, 111.44, 149.6, 1.79518
_11213_, 111.44, 149.6, 1.79518
_11215_, 111.44, 149.6, 1.79518
FILLER_0_50_223, 111.44, 149.6, 1.79518
FILLER_0_51_220, 111.44, 149.6, 1.79518
FILLER_0_51_225, 111.44, 149.6, 1.79518
FILLER_0_51_241, 111.44, 149.6, 1.79518
FILLER_0_52_241, 111.44, 149.6, 1.79518
_10964_, 124.24, 149.6, 1.79518
_10965_, 124.24, 149.6, 1.79518
_10966_, 124.24, 149.6, 1.79518
_10968_, 124.24, 149.6, 1.79518
_10969_, 124.24, 149.6, 1.79518
_11098_, 124.24, 149.6, 1.79518
_11099_, 124.24, 149.6, 1.79518
_11101_, 124.24, 149.6, 1.79518
_10607_, 137.04, 149.6, 1.79518
_10826_, 137.04, 149.6, 1.79518
_10827_, 137.04, 149.6, 1.79518
_10828_, 137.04, 149.6, 1.79518
_10829_, 137.04, 149.6, 1.79518
_10967_, 137.04, 149.6, 1.79518
_11100_, 137.04, 149.6, 1.79518
FILLER_0_50_281, 137.04, 149.6, 1.79518
FILLER_0_52_289, 137.04, 149.6, 1.79518
_10492_, 149.84, 149.6, 1.79519
_10601_, 149.84, 149.6, 1.79519
_10604_, 149.84, 149.6, 1.79519
_10606_, 149.84, 149.6, 1.79519
_10608_, 149.84, 149.6, 1.79519
_10824_, 149.84, 149.6, 1.79519
_10825_, 149.84, 149.6, 1.79519
FILLER_0_50_309, 149.84, 149.6, 1.79519
FILLER_0_51_326, 149.84, 149.6, 1.79519
_10148_, 162.64, 149.6, 1.7952
_10489_, 162.64, 149.6, 1.7952
_10490_, 162.64, 149.6, 1.7952
FILLER_0_50_337, 162.64, 149.6, 1.7952
_08558_, 188.24, 149.6, 1.79522
_09640_, 188.24, 149.6, 1.79522
_09641_, 188.24, 149.6, 1.79522
_09952_, 188.24, 149.6, 1.79522
_10309_, 188.24, 149.6, 1.79522
FILLER_0_50_396, 188.24, 149.6, 1.79522
FILLER_0_51_389, 188.24, 149.6, 1.79522
FILLER_0_51_393, 188.24, 149.6, 1.79522
_09639_, 201.04, 149.6, 1.79525
_09807_, 201.04, 149.6, 1.79525
_09808_, 201.04, 149.6, 1.79525
_10204_, 201.04, 149.6, 1.79525
_10205_, 201.04, 149.6, 1.79525
FILLER_0_50_414, 201.04, 149.6, 1.79525
FILLER_0_50_421, 201.04, 149.6, 1.79525
FILLER_0_51_419, 201.04, 149.6, 1.79525
_08127_, 213.84, 149.6, 1.7953
_09642_, 213.84, 149.6, 1.7953
_09644_, 213.84, 149.6, 1.7953
_09809_, 213.84, 149.6, 1.7953
_09811_, 213.84, 149.6, 1.7953
_10203_, 213.84, 149.6, 1.7953
FILLER_0_50_439, 213.84, 149.6, 1.7953
FILLER_0_51_449, 213.84, 149.6, 1.7953
FILLER_0_52_462, 213.84, 149.6, 1.7953
_08128_, 226.64, 149.6, 1.79541
_09810_, 226.64, 149.6, 1.79541
_09910_, 226.64, 149.6, 1.79541
FILLER_0_50_471, 226.64, 149.6, 1.79541
FILLER_0_51_490, 226.64, 149.6, 1.79541
_09909_, 239.44, 149.6, 1.79553
_09912_, 239.44, 149.6, 1.79553
_10098_, 239.44, 149.6, 1.79553
_10099_, 239.44, 149.6, 1.79553
FILLER_0_51_505, 239.44, 149.6, 1.79553
FILLER_0_51_522, 239.44, 149.6, 1.79553
_08562_, 252.24, 149.6, 1.79566
_09095_, 252.24, 149.6, 1.79566
_09096_, 252.24, 149.6, 1.79566
FILLER_0_50_524, 252.24, 149.6, 1.79566
_07040_, 265.04, 149.6, 1.79579
_07743_, 265.04, 149.6, 1.79579
_09002_, 265.04, 149.6, 1.79579
_09004_, 265.04, 149.6, 1.79579
FILLER_0_50_559, 265.04, 149.6, 1.79579
FILLER_0_51_554, 265.04, 149.6, 1.79579
FILLER_0_51_561, 265.04, 149.6, 1.79579
FILLER_0_52_565, 265.04, 149.6, 1.79579
_08555_, 277.84, 149.6, 1.79593
_09192_, 277.84, 149.6, 1.79593
_09193_, 277.84, 149.6, 1.79593
FILLER_0_51_605, 277.84, 149.6, 1.79593
FILLER_0_52_601, 277.84, 149.6, 1.79593
_08682_, 290.64, 149.6, 1.79607
_08695_, 290.64, 149.6, 1.79607
_08696_, 290.64, 149.6, 1.79607
_08998_, 290.64, 149.6, 1.79607
_09000_, 290.64, 149.6, 1.79607
FILLER_0_50_607, 290.64, 149.6, 1.79607
FILLER_0_50_618, 290.64, 149.6, 1.79607
FILLER_0_51_613, 290.64, 149.6, 1.79607
FILLER_0_52_621, 290.64, 149.6, 1.79607
_08582_, 303.44, 149.6, 1.79621
_08587_, 303.44, 149.6, 1.79621
FILLER_0_52_655, 303.44, 149.6, 1.79621
_08808_, 316.24, 149.6, 1.79636
_08995_, 316.24, 149.6, 1.79636
_08997_, 316.24, 149.6, 1.79636
_09006_, 316.24, 149.6, 1.79636
FILLER_0_51_663, 316.24, 149.6, 1.79636
_08657_, 341.442, 149.6, 1.79649
FILLER_0_51_720, 341.442, 149.6, 1.79649
FILLER_0_52_743, 341.442, 149.6, 1.79649
_07888_, 353.845, 149.6, 1.79647
_09493_, 353.845, 149.6, 1.79647
_09501_, 353.845, 149.6, 1.79647
_09697_, 353.845, 149.6, 1.79647
_09699_, 353.845, 149.6, 1.79647
_09700_, 353.845, 149.6, 1.79647
FILLER_0_50_747, 353.845, 149.6, 1.79647
FILLER_0_50_757, 353.845, 149.6, 1.79647
_07230_, 366.247, 149.6, 1.79646
_09502_, 366.247, 149.6, 1.79646
_09695_, 366.247, 149.6, 1.79646
FILLER_0_50_777, 366.247, 149.6, 1.79646
FILLER_0_51_797, 366.247, 149.6, 1.79646
_07258_, 378.65, 149.6, 1.79644
_09507_, 378.65, 149.6, 1.79644
_09509_, 378.65, 149.6, 1.79644
_09510_, 378.65, 149.6, 1.79644
FILLER_0_50_805, 378.65, 149.6, 1.79644
_07273_, 391.052, 149.6, 1.79643
_07294_, 391.052, 149.6, 1.79643
FILLER_0_50_831, 391.052, 149.6, 1.79643
FILLER_0_51_834, 391.052, 149.6, 1.79643
FILLER_0_50_861, 403.455, 149.6, 1.79642
_12763_, 415.857, 149.6, 1.79641
FILLER_0_51_889, 415.857, 149.6, 1.79641
PHY_96, 5.52, 144.16, 1.79528
PHY_98, 5.52, 144.16, 1.79528
FILLER_0_50_3, 5.52, 144.16, 1.79528
PHY_97, 428.26, 144.16, 1.79596
PHY_99, 428.26, 144.16, 1.79596
FILLER_0_48_913, 428.26, 144.16, 1.79596
FILLER_0_49_909, 428.26, 144.16, 1.79596
_12536_, 13.68, 144.16, 1.79528
_12538_, 13.68, 144.16, 1.79528
_12539_, 13.68, 144.16, 1.79528
_12565_, 13.68, 144.16, 1.79528
FILLER_0_50_22, 13.68, 144.16, 1.79528
_12291_, 34.64, 144.16, 1.79522
_12362_, 34.64, 144.16, 1.79522
_12363_, 34.64, 144.16, 1.79522
_12366_, 34.64, 144.16, 1.79522
clkbuf_4_1_0_clk, 34.64, 144.16, 1.79522
FILLER_0_49_57, 34.64, 144.16, 1.79522
_12224_, 47.44, 144.16, 1.7952
_12225_, 47.44, 144.16, 1.7952
_12327_, 47.44, 144.16, 1.7952
_12328_, 47.44, 144.16, 1.7952
FILLER_0_48_81, 47.44, 144.16, 1.7952
FILLER_0_49_88, 47.44, 144.16, 1.7952
FILLER_0_49_96, 47.44, 144.16, 1.7952
FILLER_0_50_98, 47.44, 144.16, 1.7952
_12025_, 60.24, 144.16, 1.79518
_12027_, 60.24, 144.16, 1.79518
_12272_, 60.24, 144.16, 1.79518
FILLER_0_49_108, 60.24, 144.16, 1.79518
FILLER_0_49_125, 60.24, 144.16, 1.79518
_12144_, 73.04, 144.16, 1.79516
_12222_, 73.04, 144.16, 1.79516
_12329_, 73.04, 144.16, 1.79516
FILLER_0_48_141, 73.04, 144.16, 1.79516
FILLER_0_49_147, 73.04, 144.16, 1.79516
FILLER_0_49_161, 85.84, 144.16, 1.79515
FILLER_0_49_181, 85.84, 144.16, 1.79515
_11225_, 98.64, 144.16, 1.79513
_11227_, 98.64, 144.16, 1.79513
_11229_, 98.64, 144.16, 1.79513
_11393_, 98.64, 144.16, 1.79513
_11394_, 98.64, 144.16, 1.79513
_11395_, 98.64, 144.16, 1.79513
FILLER_0_48_192, 98.64, 144.16, 1.79513
FILLER_0_48_197, 98.64, 144.16, 1.79513
_11103_, 111.44, 144.16, 1.79512
_11104_, 111.44, 144.16, 1.79512
_11105_, 111.44, 144.16, 1.79512
FILLER_0_48_225, 111.44, 144.16, 1.79512
FILLER_0_49_225, 111.44, 144.16, 1.79512
FILLER_0_50_243, 111.44, 144.16, 1.79512
_10820_, 124.24, 144.16, 1.79511
_10970_, 124.24, 144.16, 1.79511
_10971_, 124.24, 144.16, 1.79511
_10972_, 124.24, 144.16, 1.79511
_10973_, 124.24, 144.16, 1.79511
FILLER_0_48_253, 124.24, 144.16, 1.79511
FILLER_0_49_261, 124.24, 144.16, 1.79511
FILLER_0_49_270, 124.24, 144.16, 1.79511
FILLER_0_50_263, 124.24, 144.16, 1.79511
_10609_, 137.04, 144.16, 1.79511
wire3, 137.04, 144.16, 1.79511
FILLER_0_48_284, 137.04, 144.16, 1.79511
FILLER_0_50_290, 137.04, 144.16, 1.79511
_10491_, 149.84, 144.16, 1.7951
_10494_, 149.84, 144.16, 1.7951
_10495_, 149.84, 144.16, 1.7951
FILLER_0_48_305, 149.84, 144.16, 1.7951
FILLER_0_48_309, 149.84, 144.16, 1.7951
FILLER_0_49_322, 149.84, 144.16, 1.7951
_10149_, 162.64, 144.16, 1.7951
_10310_, 162.64, 144.16, 1.7951
FILLER_0_49_329, 162.64, 144.16, 1.7951
_10151_, 188.24, 144.16, 1.79505
_10200_, 188.24, 144.16, 1.79505
_10201_, 188.24, 144.16, 1.79505
_10373_, 188.24, 144.16, 1.79505
_10374_, 188.24, 144.16, 1.79505
FILLER_0_48_394, 188.24, 144.16, 1.79505
_09936_, 201.04, 144.16, 1.79503
_10024_, 201.04, 144.16, 1.79503
_10206_, 201.04, 144.16, 1.79503
FILLER_0_48_412, 201.04, 144.16, 1.79503
FILLER_0_50_429, 201.04, 144.16, 1.79503
_09645_, 213.84, 144.16, 1.79509
_09812_, 213.84, 144.16, 1.79509
FILLER_0_49_444, 213.84, 144.16, 1.79509
FILLER_0_49_461, 213.84, 144.16, 1.79509
_08457_, 226.64, 144.16, 1.79518
_08458_, 226.64, 144.16, 1.79518
FILLER_0_48_472, 226.64, 144.16, 1.79518
FILLER_0_49_473, 226.64, 144.16, 1.79518
FILLER_0_50_489, 226.64, 144.16, 1.79518
_09718_, 239.44, 144.16, 1.7953
_09911_, 239.44, 144.16, 1.7953
_09913_, 239.44, 144.16, 1.7953
_10100_, 239.44, 144.16, 1.7953
_10101_, 239.44, 144.16, 1.7953
_10102_, 239.44, 144.16, 1.7953
FILLER_0_49_501, 239.44, 144.16, 1.7953
_07744_, 252.24, 144.16, 1.79542
_09205_, 252.24, 144.16, 1.79542
_09206_, 252.24, 144.16, 1.79542
_09207_, 252.24, 144.16, 1.79542
FILLER_0_48_527, 252.24, 144.16, 1.79542
FILLER_0_48_533, 252.24, 144.16, 1.79542
FILLER_0_49_545, 252.24, 144.16, 1.79542
FILLER_0_50_539, 252.24, 144.16, 1.79542
_07760_, 265.04, 144.16, 1.79555
_08660_, 265.04, 144.16, 1.79555
_08661_, 265.04, 144.16, 1.79555
_09054_, 265.04, 144.16, 1.79555
_09055_, 265.04, 144.16, 1.79555
FILLER_0_48_553, 265.04, 144.16, 1.79555
FILLER_0_48_561, 265.04, 144.16, 1.79555
FILLER_0_49_555, 265.04, 144.16, 1.79555
FILLER_0_50_571, 265.04, 144.16, 1.79555
_08600_, 277.84, 144.16, 1.79568
_08662_, 277.84, 144.16, 1.79568
_09081_, 277.84, 144.16, 1.79568
_09082_, 277.84, 144.16, 1.79568
_09194_, 277.84, 144.16, 1.79568
_08999_, 290.64, 144.16, 1.79581
_09005_, 290.64, 144.16, 1.79581
_09120_, 290.64, 144.16, 1.79581
_09121_, 290.64, 144.16, 1.79581
_08586_, 303.44, 144.16, 1.79595
_08590_, 303.44, 144.16, 1.79595
_08594_, 303.44, 144.16, 1.79595
FILLER_0_48_635, 303.44, 144.16, 1.79595
FILLER_0_49_639, 303.44, 144.16, 1.79595
_08996_, 316.24, 144.16, 1.79609
_09007_, 316.24, 144.16, 1.79609
_09018_, 316.24, 144.16, 1.79609
_09020_, 316.24, 144.16, 1.79609
_09022_, 316.24, 144.16, 1.79609
FILLER_0_50_679, 316.24, 144.16, 1.79609
_09057_, 341.442, 144.16, 1.79615
_09170_, 341.442, 144.16, 1.79615
_09171_, 341.442, 144.16, 1.79615
_09500_, 341.442, 144.16, 1.79615
FILLER_0_49_723, 341.442, 144.16, 1.79615
FILLER_0_50_737, 341.442, 144.16, 1.79615
_09166_, 353.845, 144.16, 1.79609
_09173_, 353.845, 144.16, 1.79609
_09499_, 353.845, 144.16, 1.79609
_09698_, 353.845, 144.16, 1.79609
_12608_, 353.845, 144.16, 1.79609
_07240_, 366.247, 144.16, 1.79604
_09503_, 366.247, 144.16, 1.79604
FILLER_0_49_777, 366.247, 144.16, 1.79604
_09511_, 378.65, 144.16, 1.796
_09703_, 378.65, 144.16, 1.796
FILLER_0_48_808, 378.65, 144.16, 1.796
FILLER_0_49_804, 378.65, 144.16, 1.796
FILLER_0_49_824, 378.65, 144.16, 1.796
_07270_, 391.052, 144.16, 1.79596
_07293_, 391.052, 144.16, 1.79596
_07295_, 391.052, 144.16, 1.79596
_09519_, 391.052, 144.16, 1.79596
clkbuf_4_11_0_clk, 391.052, 144.16, 1.79596
FILLER_0_48_825, 391.052, 144.16, 1.79596
FILLER_0_48_861, 403.455, 144.16, 1.79596
FILLER_0_50_905, 415.857, 144.16, 1.79596
PHY_92, 5.52, 138.72, 1.79535
PHY_94, 5.52, 138.72, 1.79535
FILLER_0_47_3, 5.52, 138.72, 1.79535
FILLER_0_48_3, 5.52, 138.72, 1.79535
PHY_93, 428.26, 138.72, 1.79588
PHY_95, 428.26, 138.72, 1.79588
FILLER_0_46_913, 428.26, 138.72, 1.79588
FILLER_0_47_909, 428.26, 138.72, 1.79588
_12537_, 13.68, 138.72, 1.79535
_12540_, 13.68, 138.72, 1.79535
_12541_, 13.68, 138.72, 1.79535
_12542_, 13.68, 138.72, 1.79535
FILLER_0_47_11, 13.68, 138.72, 1.79535
FILLER_0_47_24, 13.68, 138.72, 1.79535
FILLER_0_48_25, 13.68, 138.72, 1.79535
_12361_, 34.64, 138.72, 1.7953
_12364_, 34.64, 138.72, 1.7953
_12365_, 34.64, 138.72, 1.7953
_12495_, 34.64, 138.72, 1.7953
FILLER_0_46_61, 34.64, 138.72, 1.7953
FILLER_0_47_57, 34.64, 138.72, 1.7953
FILLER_0_48_73, 34.64, 138.72, 1.7953
_12156_, 47.44, 138.72, 1.79525
_12218_, 47.44, 138.72, 1.79525
_12220_, 47.44, 138.72, 1.79525
_12223_, 47.44, 138.72, 1.79525
_12289_, 47.44, 138.72, 1.79525
FILLER_0_47_102, 47.44, 138.72, 1.79525
FILLER_0_48_97, 47.44, 138.72, 1.79525
_12154_, 60.24, 138.72, 1.7952
_12216_, 60.24, 138.72, 1.7952
_12217_, 60.24, 138.72, 1.7952
_12278_, 60.24, 138.72, 1.7952
FILLER_0_46_109, 60.24, 138.72, 1.7952
FILLER_0_47_113, 60.24, 138.72, 1.7952
FILLER_0_47_121, 60.24, 138.72, 1.7952
FILLER_0_48_131, 60.24, 138.72, 1.7952
_11940_, 73.04, 138.72, 1.79516
_12214_, 73.04, 138.72, 1.79516
_12215_, 73.04, 138.72, 1.79516
_12330_, 73.04, 138.72, 1.79516
FILLER_0_47_149, 73.04, 138.72, 1.79516
FILLER_0_47_156, 73.04, 138.72, 1.79516
_11392_, 85.84, 138.72, 1.79512
_11515_, 85.84, 138.72, 1.79512
_11519_, 85.84, 138.72, 1.79512
_11520_, 85.84, 138.72, 1.79512
FILLER_0_46_163, 85.84, 138.72, 1.79512
FILLER_0_48_182, 85.84, 138.72, 1.79512
_11222_, 98.64, 138.72, 1.79508
_11228_, 98.64, 138.72, 1.79508
_11230_, 98.64, 138.72, 1.79508
_11231_, 98.64, 138.72, 1.79508
_11232_, 98.64, 138.72, 1.79508
FILLER_0_47_193, 98.64, 138.72, 1.79508
_11107_, 111.44, 138.72, 1.79504
_11210_, 111.44, 138.72, 1.79504
_11216_, 111.44, 138.72, 1.79504
_11217_, 111.44, 138.72, 1.79504
_11404_, 111.44, 138.72, 1.79504
FILLER_0_46_219, 111.44, 138.72, 1.79504
_10830_, 124.24, 138.72, 1.79501
_10831_, 124.24, 138.72, 1.79501
_10974_, 124.24, 138.72, 1.79501
_10975_, 124.24, 138.72, 1.79501
FILLER_0_47_269, 124.24, 138.72, 1.79501
_10610_, 137.04, 138.72, 1.79499
_10611_, 137.04, 138.72, 1.79499
_10833_, 137.04, 138.72, 1.79499
max_cap139, 137.04, 138.72, 1.79499
FILLER_0_46_285, 137.04, 138.72, 1.79499
FILLER_0_47_277, 137.04, 138.72, 1.79499
FILLER_0_47_281, 137.04, 138.72, 1.79499
_10496_, 149.84, 138.72, 1.79497
_10498_, 149.84, 138.72, 1.79497
_10613_, 149.84, 138.72, 1.79497
FILLER_0_46_300, 149.84, 138.72, 1.79497
FILLER_0_47_321, 149.84, 138.72, 1.79497
_10499_, 162.64, 138.72, 1.79495
_10500_, 162.64, 138.72, 1.79495
_10502_, 162.64, 138.72, 1.79495
_10616_, 162.64, 138.72, 1.79495
FILLER_0_47_333, 162.64, 138.72, 1.79495
FILLER_0_47_337, 162.64, 138.72, 1.79495
_10202_, 188.24, 138.72, 1.79477
_10308_, 188.24, 138.72, 1.79477
_10372_, 188.24, 138.72, 1.79477
_10375_, 188.24, 138.72, 1.79477
_10530_, 188.24, 138.72, 1.79477
_10531_, 188.24, 138.72, 1.79477
FILLER_0_46_389, 188.24, 138.72, 1.79477
FILLER_0_47_386, 188.24, 138.72, 1.79477
FILLER_0_48_400, 188.24, 138.72, 1.79477
_09813_, 201.04, 138.72, 1.79474
_10025_, 201.04, 138.72, 1.79474
_10207_, 201.04, 138.72, 1.79474
FILLER_0_46_416, 201.04, 138.72, 1.79474
FILLER_0_46_421, 201.04, 138.72, 1.79474
FILLER_0_48_433, 201.04, 138.72, 1.79474
_07034_, 213.84, 138.72, 1.79483
_09646_, 213.84, 138.72, 1.79483
_09849_, 213.84, 138.72, 1.79483
FILLER_0_46_447, 213.84, 138.72, 1.79483
FILLER_0_47_449, 213.84, 138.72, 1.79483
FILLER_0_48_458, 213.84, 138.72, 1.79483
_07031_, 226.64, 138.72, 1.79495
_07032_, 226.64, 138.72, 1.79495
_08637_, 226.64, 138.72, 1.79495
_09717_, 226.64, 138.72, 1.79495
_10651_, 226.64, 138.72, 1.79495
FILLER_0_47_477, 226.64, 138.72, 1.79495
FILLER_0_47_493, 226.64, 138.72, 1.79495
FILLER_0_48_490, 226.64, 138.72, 1.79495
_09908_, 239.44, 138.72, 1.79508
_09915_, 239.44, 138.72, 1.79508
_09917_, 239.44, 138.72, 1.79508
_10103_, 239.44, 138.72, 1.79508
FILLER_0_46_495, 239.44, 138.72, 1.79508
FILLER_0_47_501, 239.44, 138.72, 1.79508
FILLER_0_47_510, 239.44, 138.72, 1.79508
_09097_, 252.24, 138.72, 1.79521
_09098_, 252.24, 138.72, 1.79521
_09209_, 252.24, 138.72, 1.79521
FILLER_0_47_528, 252.24, 138.72, 1.79521
_08564_, 265.04, 138.72, 1.79534
_09053_, 265.04, 138.72, 1.79534
_07751_, 277.84, 138.72, 1.79547
_08592_, 277.84, 138.72, 1.79547
_08604_, 277.84, 138.72, 1.79547
FILLER_0_46_592, 277.84, 138.72, 1.79547
_09037_, 290.64, 138.72, 1.7956
_09044_, 290.64, 138.72, 1.7956
_09046_, 290.64, 138.72, 1.7956
FILLER_0_46_615, 290.64, 138.72, 1.7956
_08589_, 303.44, 138.72, 1.79574
_08591_, 303.44, 138.72, 1.79574
_08593_, 303.44, 138.72, 1.79574
_08595_, 303.44, 138.72, 1.79574
_08596_, 303.44, 138.72, 1.79574
_08601_, 303.44, 138.72, 1.79574
FILLER_0_48_660, 303.44, 138.72, 1.79574
_09021_, 316.24, 138.72, 1.79588
_09124_, 316.24, 138.72, 1.79588
_09125_, 316.24, 138.72, 1.79588
FILLER_0_46_665, 316.24, 138.72, 1.79588
FILLER_0_46_673, 316.24, 138.72, 1.79588
_09059_, 341.442, 138.72, 1.79595
_09163_, 341.442, 138.72, 1.79595
_09172_, 341.442, 138.72, 1.79595
FILLER_0_47_721, 341.442, 138.72, 1.79595
FILLER_0_47_741, 341.442, 138.72, 1.79595
_07331_, 353.845, 138.72, 1.7959
_09167_, 353.845, 138.72, 1.7959
_12609_, 353.845, 138.72, 1.7959
_12610_, 353.845, 138.72, 1.7959
FILLER_0_46_753, 353.845, 138.72, 1.7959
FILLER_0_47_760, 353.845, 138.72, 1.7959
_09505_, 366.247, 138.72, 1.79589
_09706_, 366.247, 138.72, 1.79589
_09707_, 366.247, 138.72, 1.79589
FILLER_0_47_777, 366.247, 138.72, 1.79589
FILLER_0_47_785, 366.247, 138.72, 1.79589
_07243_, 378.65, 138.72, 1.79588
_07259_, 378.65, 138.72, 1.79588
_09513_, 378.65, 138.72, 1.79588
_09702_, 378.65, 138.72, 1.79588
_09705_, 378.65, 138.72, 1.79588
_09708_, 378.65, 138.72, 1.79588
FILLER_0_47_801, 378.65, 138.72, 1.79588
FILLER_0_47_822, 378.65, 138.72, 1.79588
_07212_, 391.052, 138.72, 1.79588
_07269_, 391.052, 138.72, 1.79588
FILLER_0_46_861, 403.455, 138.72, 1.79588
FILLER_0_47_889, 415.857, 138.72, 1.79588
FILLER_0_48_905, 415.857, 138.72, 1.79588
_12706_, 5.52, 133.28, 1.79536
PHY_88, 5.52, 133.28, 1.79536
PHY_90, 5.52, 133.28, 1.79536
output117, 5.52, 133.28, 1.79536
PHY_89, 428.26, 133.28, 1.79555
PHY_91, 428.26, 133.28, 1.79555
output74, 428.26, 133.28, 1.79555
FILLER_0_44_913, 428.26, 133.28, 1.79555
FILLER_0_45_909, 428.26, 133.28, 1.79555
_12503_, 13.68, 133.28, 1.79538
FILLER_0_44_15, 13.68, 133.28, 1.79538
FILLER_0_45_21, 13.68, 133.28, 1.79538
FILLER_0_46_23, 13.68, 133.28, 1.79538
_12290_, 34.64, 133.28, 1.79535
_12386_, 34.64, 133.28, 1.79535
_12418_, 34.64, 133.28, 1.79535
_12420_, 34.64, 133.28, 1.79535
FILLER_0_45_51, 34.64, 133.28, 1.79535
FILLER_0_45_69, 34.64, 133.28, 1.79535
_12211_, 47.44, 133.28, 1.7953
_12219_, 47.44, 133.28, 1.7953
_12221_, 47.44, 133.28, 1.7953
FILLER_0_44_81, 47.44, 133.28, 1.7953
FILLER_0_45_80, 47.44, 133.28, 1.7953
_12155_, 60.24, 133.28, 1.79525
_12274_, 60.24, 133.28, 1.79525
_12275_, 60.24, 133.28, 1.79525
FILLER_0_44_113, 60.24, 133.28, 1.79525
FILLER_0_45_121, 60.24, 133.28, 1.79525
FILLER_0_46_131, 60.24, 133.28, 1.79525
_11629_, 73.04, 133.28, 1.79521
_12212_, 73.04, 133.28, 1.79521
_12213_, 73.04, 133.28, 1.79521
_12401_, 73.04, 133.28, 1.79521
FILLER_0_44_137, 73.04, 133.28, 1.79521
FILLER_0_46_154, 73.04, 133.28, 1.79521
_11390_, 85.84, 133.28, 1.79516
_11391_, 85.84, 133.28, 1.79516
_11396_, 85.84, 133.28, 1.79516
_11630_, 85.84, 133.28, 1.79516
_11631_, 85.84, 133.28, 1.79516
_11632_, 85.84, 133.28, 1.79516
FILLER_0_45_180, 85.84, 133.28, 1.79516
FILLER_0_46_184, 85.84, 133.28, 1.79516
_11112_, 98.64, 133.28, 1.79512
_11233_, 98.64, 133.28, 1.79512
_11234_, 98.64, 133.28, 1.79512
_11397_, 98.64, 133.28, 1.79512
FILLER_0_44_189, 98.64, 133.28, 1.79512
FILLER_0_44_197, 98.64, 133.28, 1.79512
FILLER_0_46_211, 98.64, 133.28, 1.79512
_11218_, 111.44, 133.28, 1.79509
_11219_, 111.44, 133.28, 1.79509
_11220_, 111.44, 133.28, 1.79509
_11221_, 111.44, 133.28, 1.79509
FILLER_0_44_218, 111.44, 133.28, 1.79509
FILLER_0_44_226, 111.44, 133.28, 1.79509
FILLER_0_45_220, 111.44, 133.28, 1.79509
_10832_, 124.24, 133.28, 1.79505
_10976_, 124.24, 133.28, 1.79505
_10978_, 124.24, 133.28, 1.79505
_10979_, 124.24, 133.28, 1.79505
_11106_, 124.24, 133.28, 1.79505
FILLER_0_45_253, 124.24, 133.28, 1.79505
_10614_, 137.04, 133.28, 1.79503
_10834_, 137.04, 133.28, 1.79503
_10835_, 137.04, 133.28, 1.79503
_10836_, 137.04, 133.28, 1.79503
_10977_, 137.04, 133.28, 1.79503
FILLER_0_44_272, 137.04, 133.28, 1.79503
FILLER_0_44_284, 137.04, 133.28, 1.79503
FILLER_0_45_275, 137.04, 133.28, 1.79503
FILLER_0_45_290, 137.04, 133.28, 1.79503
_10612_, 149.84, 133.28, 1.79502
_10615_, 149.84, 133.28, 1.79502
_10617_, 149.84, 133.28, 1.79502
FILLER_0_45_325, 149.84, 133.28, 1.79502
_10503_, 162.64, 133.28, 1.79501
_10527_, 162.64, 133.28, 1.79501
_10528_, 162.64, 133.28, 1.79501
_10843_, 162.64, 133.28, 1.79501
FILLER_0_44_336, 162.64, 133.28, 1.79501
FILLER_0_45_333, 162.64, 133.28, 1.79501
FILLER_0_45_388, 188.24, 133.28, 1.79508
_07039_, 201.04, 133.28, 1.79513
_10059_, 201.04, 133.28, 1.79513
_10652_, 201.04, 133.28, 1.79513
_10653_, 201.04, 133.28, 1.79513
_09729_, 213.84, 133.28, 1.79518
_09848_, 213.84, 133.28, 1.79518
_09850_, 213.84, 133.28, 1.79518
_09851_, 213.84, 133.28, 1.79518
_10062_, 213.84, 133.28, 1.79518
FILLER_0_44_439, 213.84, 133.28, 1.79518
FILLER_0_44_448, 213.84, 133.28, 1.79518
FILLER_0_45_443, 213.84, 133.28, 1.79518
_07208_, 226.64, 133.28, 1.79523
_08556_, 226.64, 133.28, 1.79523
_08815_, 226.64, 133.28, 1.79523
_10650_, 226.64, 133.28, 1.79523
FILLER_0_44_471, 226.64, 133.28, 1.79523
_09914_, 239.44, 133.28, 1.7953
_09916_, 239.44, 133.28, 1.7953
_09918_, 239.44, 133.28, 1.7953
_09919_, 239.44, 133.28, 1.7953
_09920_, 239.44, 133.28, 1.7953
_10104_, 239.44, 133.28, 1.7953
_10105_, 239.44, 133.28, 1.7953
FILLER_0_44_508, 239.44, 133.28, 1.7953
FILLER_0_46_521, 239.44, 133.28, 1.7953
_09100_, 252.24, 133.28, 1.79536
_09208_, 252.24, 133.28, 1.79536
_09210_, 252.24, 133.28, 1.79536
FILLER_0_44_533, 252.24, 133.28, 1.79536
FILLER_0_45_549, 252.24, 133.28, 1.79536
FILLER_0_46_547, 252.24, 133.28, 1.79536
_08563_, 265.04, 133.28, 1.79543
_08565_, 265.04, 133.28, 1.79543
_08603_, 265.04, 133.28, 1.79543
ANTENNA_8, 265.04, 133.28, 1.79543
FILLER_0_45_568, 265.04, 133.28, 1.79543
FILLER_0_46_570, 265.04, 133.28, 1.79543
_08605_, 277.84, 133.28, 1.7955
_08635_, 277.84, 133.28, 1.7955
_09083_, 277.84, 133.28, 1.7955
_09084_, 277.84, 133.28, 1.7955
FILLER_0_44_585, 277.84, 133.28, 1.7955
FILLER_0_45_587, 277.84, 133.28, 1.7955
FILLER_0_45_600, 277.84, 133.28, 1.7955
FILLER_0_46_600, 277.84, 133.28, 1.7955
_08606_, 290.64, 133.28, 1.79557
_09038_, 290.64, 133.28, 1.79557
_09039_, 290.64, 133.28, 1.79557
_09045_, 290.64, 133.28, 1.79557
FILLER_0_45_627, 290.64, 133.28, 1.79557
FILLER_0_46_630, 290.64, 133.28, 1.79557
_08602_, 303.44, 133.28, 1.79565
_08609_, 303.44, 133.28, 1.79565
FILLER_0_44_640, 303.44, 133.28, 1.79565
FILLER_0_44_645, 303.44, 133.28, 1.79565
FILLER_0_45_635, 303.44, 133.28, 1.79565
FILLER_0_45_641, 303.44, 133.28, 1.79565
_09023_, 316.24, 133.28, 1.79573
_09024_, 316.24, 133.28, 1.79573
_09119_, 316.24, 133.28, 1.79573
_09126_, 316.24, 133.28, 1.79573
_09227_, 316.24, 133.28, 1.79573
FILLER_0_45_666, 316.24, 133.28, 1.79573
_09067_, 341.442, 133.28, 1.79573
_09154_, 341.442, 133.28, 1.79573
_09155_, 341.442, 133.28, 1.79573
_09156_, 341.442, 133.28, 1.79573
FILLER_0_45_725, 341.442, 133.28, 1.79573
_09174_, 353.845, 133.28, 1.79568
_09175_, 353.845, 133.28, 1.79568
_09701_, 353.845, 133.28, 1.79568
FILLER_0_44_750, 353.845, 133.28, 1.79568
FILLER_0_46_766, 353.845, 133.28, 1.79568
_07242_, 366.247, 133.28, 1.79565
_09504_, 366.247, 133.28, 1.79565
_09506_, 366.247, 133.28, 1.79565
_09900_, 366.247, 133.28, 1.79565
_09901_, 366.247, 133.28, 1.79565
_09512_, 378.65, 133.28, 1.79562
_09514_, 378.65, 133.28, 1.79562
_09515_, 378.65, 133.28, 1.79562
_09704_, 378.65, 133.28, 1.79562
FILLER_0_45_804, 378.65, 133.28, 1.79562
FILLER_0_45_815, 378.65, 133.28, 1.79562
FILLER_0_45_837, 391.052, 133.28, 1.7956
FILLER_0_44_863, 403.455, 133.28, 1.79558
_12667_, 415.857, 133.28, 1.79556
FILLER_0_45_889, 415.857, 133.28, 1.79556
PHY_84, 5.52, 127.84, 1.79548
PHY_86, 5.52, 127.84, 1.79548
PHY_85, 428.26, 127.84, 1.79492
PHY_87, 428.26, 127.84, 1.79492
FILLER_0_43_909, 428.26, 127.84, 1.79492
_12500_, 13.68, 127.84, 1.79548
_12501_, 13.68, 127.84, 1.79548
_12502_, 13.68, 127.84, 1.79548
FILLER_0_42_15, 13.68, 127.84, 1.79548
FILLER_0_43_15, 13.68, 127.84, 1.79548
_12416_, 34.64, 127.84, 1.79542
_12417_, 34.64, 127.84, 1.79542
FILLER_0_42_62, 34.64, 127.84, 1.79542
FILLER_0_43_69, 34.64, 127.84, 1.79542
FILLER_0_44_73, 34.64, 127.84, 1.79542
_12280_, 47.44, 127.84, 1.79536
_12288_, 47.44, 127.84, 1.79536
_12358_, 47.44, 127.84, 1.79536
_12359_, 47.44, 127.84, 1.79536
FILLER_0_44_97, 47.44, 127.84, 1.79536
FILLER_0_44_105, 47.44, 127.84, 1.79536
_12276_, 60.24, 127.84, 1.79531
_12279_, 60.24, 127.84, 1.79531
_12281_, 60.24, 127.84, 1.79531
_12282_, 60.24, 127.84, 1.79531
_12283_, 60.24, 127.84, 1.79531
_12286_, 60.24, 127.84, 1.79531
FILLER_0_42_112, 60.24, 127.84, 1.79531
FILLER_0_44_121, 60.24, 127.84, 1.79531
FILLER_0_44_129, 60.24, 127.84, 1.79531
_12285_, 73.04, 127.84, 1.79525
_12400_, 73.04, 127.84, 1.79525
FILLER_0_42_141, 73.04, 127.84, 1.79525
FILLER_0_43_139, 73.04, 127.84, 1.79525
_11398_, 85.84, 127.84, 1.7952
_11400_, 85.84, 127.84, 1.7952
_12343_, 85.84, 127.84, 1.7952
FILLER_0_42_169, 85.84, 127.84, 1.7952
FILLER_0_43_161, 85.84, 127.84, 1.7952
FILLER_0_43_188, 85.84, 127.84, 1.7952
FILLER_0_44_177, 85.84, 127.84, 1.7952
_11114_, 98.64, 127.84, 1.79515
_11116_, 98.64, 127.84, 1.79515
_11117_, 98.64, 127.84, 1.79515
_11235_, 98.64, 127.84, 1.79515
FILLER_0_42_193, 98.64, 127.84, 1.79515
FILLER_0_42_197, 98.64, 127.84, 1.79515
FILLER_0_43_214, 98.64, 127.84, 1.79515
_10986_, 111.44, 127.84, 1.79511
_11108_, 111.44, 127.84, 1.79511
_11109_, 111.44, 127.84, 1.79511
_11119_, 111.44, 127.84, 1.79511
FILLER_0_42_224, 111.44, 127.84, 1.79511
FILLER_0_43_225, 111.44, 127.84, 1.79511
_10980_, 124.24, 127.84, 1.79506
_10981_, 124.24, 127.84, 1.79506
_10806_, 137.04, 127.84, 1.79503
_10837_, 137.04, 127.84, 1.79503
_10838_, 137.04, 127.84, 1.79503
FILLER_0_43_275, 137.04, 127.84, 1.79503
FILLER_0_44_292, 137.04, 127.84, 1.79503
_10618_, 149.84, 127.84, 1.79499
_10619_, 149.84, 127.84, 1.79499
_10627_, 149.84, 127.84, 1.79499
_10629_, 149.84, 127.84, 1.79499
FILLER_0_42_300, 149.84, 127.84, 1.79499
FILLER_0_42_309, 149.84, 127.84, 1.79499
FILLER_0_43_303, 149.84, 127.84, 1.79499
_09203_, 162.64, 127.84, 1.79497
_10529_, 162.64, 127.84, 1.79497
_10761_, 162.64, 127.84, 1.79497
FILLER_0_43_328, 162.64, 127.84, 1.79497
FILLER_0_43_348, 162.64, 127.84, 1.79497
_10069_, 188.24, 127.84, 1.79499
_10249_, 188.24, 127.84, 1.79499
_10251_, 188.24, 127.84, 1.79499
_10425_, 188.24, 127.84, 1.79499
_10777_, 188.24, 127.84, 1.79499
FILLER_0_44_411, 188.24, 127.84, 1.79499
_10058_, 201.04, 127.84, 1.79502
_10060_, 201.04, 127.84, 1.79502
_10654_, 201.04, 127.84, 1.79502
_10773_, 201.04, 127.84, 1.79502
_10774_, 201.04, 127.84, 1.79502
_10775_, 201.04, 127.84, 1.79502
_10776_, 201.04, 127.84, 1.79502
FILLER_0_43_428, 201.04, 127.84, 1.79502
FILLER_0_44_426, 201.04, 127.84, 1.79502
_09852_, 213.84, 127.84, 1.79505
_10061_, 213.84, 127.84, 1.79505
_10063_, 213.84, 127.84, 1.79505
FILLER_0_43_441, 213.84, 127.84, 1.79505
FILLER_0_43_466, 213.84, 127.84, 1.79505
_08809_, 226.64, 127.84, 1.79508
_08940_, 226.64, 127.84, 1.79508
_09523_, 226.64, 127.84, 1.79508
_09526_, 226.64, 127.84, 1.79508
_09527_, 226.64, 127.84, 1.79508
_09923_, 226.64, 127.84, 1.79508
FILLER_0_42_471, 226.64, 127.84, 1.79508
_10106_, 239.44, 127.84, 1.79513
_10291_, 239.44, 127.84, 1.79513
_10292_, 239.44, 127.84, 1.79513
FILLER_0_42_502, 239.44, 127.84, 1.79513
FILLER_0_43_496, 239.44, 127.84, 1.79513
FILLER_0_43_505, 239.44, 127.84, 1.79513
_08576_, 252.24, 127.84, 1.79517
_08638_, 252.24, 127.84, 1.79517
_09099_, 252.24, 127.84, 1.79517
_09101_, 252.24, 127.84, 1.79517
_10460_, 252.24, 127.84, 1.79517
FILLER_0_42_523, 252.24, 127.84, 1.79517
FILLER_0_42_533, 252.24, 127.84, 1.79517
FILLER_0_43_527, 252.24, 127.84, 1.79517
_08570_, 265.04, 127.84, 1.79522
_08632_, 265.04, 127.84, 1.79522
_08639_, 265.04, 127.84, 1.79522
_08642_, 265.04, 127.84, 1.79522
FILLER_0_43_552, 265.04, 127.84, 1.79522
FILLER_0_43_573, 265.04, 127.84, 1.79522
FILLER_0_44_568, 265.04, 127.84, 1.79522
_09085_, 277.84, 127.84, 1.79527
_09086_, 277.84, 127.84, 1.79527
_09195_, 277.84, 127.84, 1.79527
_09196_, 277.84, 127.84, 1.79527
_09197_, 277.84, 127.84, 1.79527
FILLER_0_42_585, 277.84, 127.84, 1.79527
FILLER_0_43_588, 277.84, 127.84, 1.79527
FILLER_0_44_602, 277.84, 127.84, 1.79527
_08626_, 290.64, 127.84, 1.79532
FILLER_0_43_613, 290.64, 127.84, 1.79532
_08577_, 303.44, 127.84, 1.79538
_08597_, 303.44, 127.84, 1.79538
_08607_, 303.44, 127.84, 1.79538
_08608_, 303.44, 127.84, 1.79538
_08610_, 303.44, 127.84, 1.79538
_08611_, 316.24, 127.84, 1.79544
_08612_, 316.24, 127.84, 1.79544
_09127_, 316.24, 127.84, 1.79544
FILLER_0_43_664, 316.24, 127.84, 1.79544
_09157_, 341.442, 127.84, 1.79528
_09158_, 341.442, 127.84, 1.79528
_09160_, 341.442, 127.84, 1.79528
FILLER_0_42_721, 341.442, 127.84, 1.79528
FILLER_0_42_730, 341.442, 127.84, 1.79528
FILLER_0_43_742, 341.442, 127.84, 1.79528
FILLER_0_44_737, 341.442, 127.84, 1.79528
_09162_, 353.845, 127.84, 1.79509
_09176_, 353.845, 127.84, 1.79509
_12611_, 353.845, 127.84, 1.79509
FILLER_0_42_752, 353.845, 127.84, 1.79509
_09709_, 366.247, 127.84, 1.79503
_09710_, 366.247, 127.84, 1.79503
_09899_, 366.247, 127.84, 1.79503
_09904_, 366.247, 127.84, 1.79503
FILLER_0_43_785, 366.247, 127.84, 1.79503
FILLER_0_44_788, 366.247, 127.84, 1.79503
_09711_, 378.65, 127.84, 1.79497
clkbuf_4_10_0_clk, 378.65, 127.84, 1.79497
FILLER_0_42_806, 378.65, 127.84, 1.79497
FILLER_0_43_815, 378.65, 127.84, 1.79497
FILLER_0_44_813, 378.65, 127.84, 1.79497
_09516_, 391.052, 127.84, 1.79495
_09517_, 391.052, 127.84, 1.79495
_09518_, 391.052, 127.84, 1.79495
_09713_, 391.052, 127.84, 1.79495
FILLER_0_43_836, 391.052, 127.84, 1.79495
FILLER_0_42_859, 403.455, 127.84, 1.79493
_12666_, 415.857, 127.84, 1.79492
ANTENNA_11, 415.857, 127.84, 1.79492
FILLER_0_42_881, 415.857, 127.84, 1.79492
FILLER_0_42_889, 415.857, 127.84, 1.79492
FILLER_0_43_889, 415.857, 127.84, 1.79492
_12658_, 5.52, 122.4, 1.7955
PHY_80, 5.52, 122.4, 1.7955
PHY_82, 5.52, 122.4, 1.7955
PHY_81, 428.26, 122.4, 1.79489
PHY_83, 428.26, 122.4, 1.79489
output70, 428.26, 122.4, 1.79489
_12491_, 13.68, 122.4, 1.7955
_12498_, 13.68, 122.4, 1.7955
_12499_, 13.68, 122.4, 1.7955
_12360_, 34.64, 122.4, 1.79539
_12413_, 34.64, 122.4, 1.79539
_12459_, 34.64, 122.4, 1.79539
clkbuf_4_0_0_clk, 34.64, 122.4, 1.79539
FILLER_0_40_53, 34.64, 122.4, 1.79539
FILLER_0_41_69, 34.64, 122.4, 1.79539
FILLER_0_42_74, 34.64, 122.4, 1.79539
_12357_, 47.44, 122.4, 1.7953
_12414_, 47.44, 122.4, 1.7953
_12455_, 47.44, 122.4, 1.7953
max_cap136, 47.44, 122.4, 1.7953
FILLER_0_41_90, 47.44, 122.4, 1.7953
FILLER_0_42_105, 47.44, 122.4, 1.7953
_12284_, 60.24, 122.4, 1.79522
_12287_, 60.24, 122.4, 1.79522
_12351_, 60.24, 122.4, 1.79522
_12352_, 60.24, 122.4, 1.79522
_12354_, 60.24, 122.4, 1.79522
_12355_, 60.24, 122.4, 1.79522
wire1, 60.24, 122.4, 1.79522
FILLER_0_41_109, 60.24, 122.4, 1.79522
FILLER_0_41_113, 60.24, 122.4, 1.79522
FILLER_0_42_132, 60.24, 122.4, 1.79522
_12344_, 73.04, 122.4, 1.79514
_12345_, 73.04, 122.4, 1.79514
_12346_, 73.04, 122.4, 1.79514
_12347_, 73.04, 122.4, 1.79514
_12348_, 73.04, 122.4, 1.79514
_12402_, 73.04, 122.4, 1.79514
_12404_, 73.04, 122.4, 1.79514
FILLER_0_40_141, 73.04, 122.4, 1.79514
FILLER_0_41_141, 73.04, 122.4, 1.79514
_11399_, 85.84, 122.4, 1.79506
_11401_, 85.84, 122.4, 1.79506
_11402_, 85.84, 122.4, 1.79506
FILLER_0_41_165, 85.84, 122.4, 1.79506
FILLER_0_42_185, 85.84, 122.4, 1.79506
_10984_, 98.64, 122.4, 1.79499
_10985_, 98.64, 122.4, 1.79499
_11111_, 98.64, 122.4, 1.79499
_11236_, 98.64, 122.4, 1.79499
_11237_, 98.64, 122.4, 1.79499
_11238_, 98.64, 122.4, 1.79499
FILLER_0_40_197, 98.64, 122.4, 1.79499
FILLER_0_41_197, 98.64, 122.4, 1.79499
FILLER_0_41_214, 98.64, 122.4, 1.79499
_10987_, 111.44, 122.4, 1.79492
_11110_, 111.44, 122.4, 1.79492
_11118_, 111.44, 122.4, 1.79492
FILLER_0_40_220, 111.44, 122.4, 1.79492
FILLER_0_40_228, 111.44, 122.4, 1.79492
FILLER_0_41_237, 111.44, 122.4, 1.79492
FILLER_0_42_242, 111.44, 122.4, 1.79492
_10839_, 124.24, 122.4, 1.79486
_10840_, 124.24, 122.4, 1.79486
_10841_, 124.24, 122.4, 1.79486
_10842_, 124.24, 122.4, 1.79486
_10988_, 124.24, 122.4, 1.79486
_10989_, 124.24, 122.4, 1.79486
FILLER_0_41_253, 124.24, 122.4, 1.79486
FILLER_0_42_261, 124.24, 122.4, 1.79486
_09011_, 137.04, 122.4, 1.7948
_10844_, 137.04, 122.4, 1.7948
_10845_, 137.04, 122.4, 1.7948
_10993_, 137.04, 122.4, 1.7948
FILLER_0_41_273, 137.04, 122.4, 1.7948
FILLER_0_41_281, 137.04, 122.4, 1.7948
_10630_, 149.84, 122.4, 1.79478
_10631_, 149.84, 122.4, 1.79478
_10632_, 149.84, 122.4, 1.79478
_10847_, 149.84, 122.4, 1.79478
_10848_, 149.84, 122.4, 1.79478
FILLER_0_41_309, 149.84, 122.4, 1.79478
_10532_, 162.64, 122.4, 1.79479
_10580_, 162.64, 122.4, 1.79479
_10763_, 162.64, 122.4, 1.79479
_10765_, 162.64, 122.4, 1.79479
FILLER_0_42_345, 162.64, 122.4, 1.79479
_09524_, 188.24, 122.4, 1.79487
_10250_, 188.24, 122.4, 1.79487
_10428_, 188.24, 122.4, 1.79487
_10778_, 188.24, 122.4, 1.79487
ANTENNA_10, 188.24, 122.4, 1.79487
FILLER_0_41_385, 188.24, 122.4, 1.79487
FILLER_0_41_393, 188.24, 122.4, 1.79487
FILLER_0_40_414, 201.04, 122.4, 1.7949
FILLER_0_41_438, 201.04, 122.4, 1.7949
FILLER_0_42_438, 201.04, 122.4, 1.7949
_08816_, 213.84, 122.4, 1.79493
_09847_, 213.84, 122.4, 1.79493
_09853_, 213.84, 122.4, 1.79493
_09854_, 213.84, 122.4, 1.79493
_09855_, 213.84, 122.4, 1.79493
_09857_, 213.84, 122.4, 1.79493
_09859_, 213.84, 122.4, 1.79493
_10065_, 213.84, 122.4, 1.79493
_07209_, 226.64, 122.4, 1.79496
_09530_, 226.64, 122.4, 1.79496
_09531_, 226.64, 122.4, 1.79496
FILLER_0_41_494, 226.64, 122.4, 1.79496
_09719_, 239.44, 122.4, 1.795
_09721_, 239.44, 122.4, 1.795
_09722_, 239.44, 122.4, 1.795
_10459_, 239.44, 122.4, 1.795
_10461_, 239.44, 122.4, 1.795
_07413_, 252.24, 122.4, 1.79505
_09102_, 252.24, 122.4, 1.79505
_09103_, 252.24, 122.4, 1.79505
_09211_, 252.24, 122.4, 1.79505
_09212_, 252.24, 122.4, 1.79505
FILLER_0_40_526, 252.24, 122.4, 1.79505
FILLER_0_41_529, 252.24, 122.4, 1.79505
FILLER_0_42_543, 252.24, 122.4, 1.79505
_08636_, 265.04, 122.4, 1.7951
_08640_, 265.04, 122.4, 1.7951
_09105_, 265.04, 122.4, 1.7951
FILLER_0_40_559, 265.04, 122.4, 1.7951
FILLER_0_41_552, 265.04, 122.4, 1.7951
FILLER_0_41_568, 265.04, 122.4, 1.7951
FILLER_0_42_577, 265.04, 122.4, 1.7951
_08559_, 277.84, 122.4, 1.79515
_08569_, 277.84, 122.4, 1.79515
_08633_, 277.84, 122.4, 1.79515
_08644_, 277.84, 122.4, 1.79515
FILLER_0_40_589, 277.84, 122.4, 1.79515
FILLER_0_41_594, 277.84, 122.4, 1.79515
FILLER_0_41_603, 277.84, 122.4, 1.79515
_08557_, 290.64, 122.4, 1.7952
_08560_, 290.64, 122.4, 1.7952
_08567_, 290.64, 122.4, 1.7952
_08571_, 290.64, 122.4, 1.7952
_08578_, 290.64, 122.4, 1.7952
_08619_, 290.64, 122.4, 1.7952
_08627_, 290.64, 122.4, 1.7952
FILLER_0_40_608, 290.64, 122.4, 1.7952
FILLER_0_41_625, 290.64, 122.4, 1.7952
FILLER_0_42_625, 290.64, 122.4, 1.7952
_08579_, 303.44, 122.4, 1.79526
_08598_, 303.44, 122.4, 1.79526
_08623_, 303.44, 122.4, 1.79526
_08624_, 303.44, 122.4, 1.79526
_08628_, 303.44, 122.4, 1.79526
_08629_, 303.44, 122.4, 1.79526
FILLER_0_40_640, 303.44, 122.4, 1.79526
FILLER_0_42_655, 303.44, 122.4, 1.79526
_08599_, 316.24, 122.4, 1.79531
_08613_, 316.24, 122.4, 1.79531
_08618_, 316.24, 122.4, 1.79531
FILLER_0_41_664, 316.24, 122.4, 1.79531
FILLER_0_42_689, 316.24, 122.4, 1.79531
_09147_, 341.442, 122.4, 1.7952
_09148_, 341.442, 122.4, 1.7952
_09177_, 341.442, 122.4, 1.7952
_12612_, 341.442, 122.4, 1.7952
FILLER_0_41_724, 341.442, 122.4, 1.7952
FILLER_0_42_738, 341.442, 122.4, 1.7952
_09159_, 353.845, 122.4, 1.79507
_09178_, 353.845, 122.4, 1.79507
rebuffer2, 353.845, 122.4, 1.79507
FILLER_0_40_753, 353.845, 122.4, 1.79507
FILLER_0_40_757, 353.845, 122.4, 1.79507
FILLER_0_41_760, 353.845, 122.4, 1.79507
FILLER_0_41_770, 353.845, 122.4, 1.79507
_09902_, 366.247, 122.4, 1.79502
_09903_, 366.247, 122.4, 1.79502
_09905_, 366.247, 122.4, 1.79502
_09906_, 366.247, 122.4, 1.79502
_10095_, 366.247, 122.4, 1.79502
_09490_, 378.65, 122.4, 1.79497
_09520_, 378.65, 122.4, 1.79497
_09522_, 378.65, 122.4, 1.79497
_09712_, 378.65, 122.4, 1.79497
_09898_, 378.65, 122.4, 1.79497
FILLER_0_41_806, 378.65, 122.4, 1.79497
FILLER_0_42_813, 378.65, 122.4, 1.79497
FILLER_0_41_832, 391.052, 122.4, 1.79495
FILLER_0_40_859, 403.455, 122.4, 1.79493
_12663_, 415.857, 122.4, 1.7949
FILLER_0_41_889, 415.857, 122.4, 1.7949
PHY_76, 5.52, 116.96, 1.7956
PHY_78, 5.52, 116.96, 1.7956
output128, 5.52, 116.96, 1.7956
FILLER_0_39_3, 5.52, 116.96, 1.7956
PHY_77, 428.26, 116.96, 1.79476
PHY_79, 428.26, 116.96, 1.79476
FILLER_0_38_913, 428.26, 116.96, 1.79476
FILLER_0_39_909, 428.26, 116.96, 1.79476
_12489_, 13.68, 116.96, 1.79561
_12490_, 13.68, 116.96, 1.79561
_12517_, 13.68, 116.96, 1.79561
_12518_, 13.68, 116.96, 1.79561
_12519_, 13.68, 116.96, 1.79561
FILLER_0_38_15, 13.68, 116.96, 1.79561
_12411_, 34.64, 116.96, 1.79552
_12415_, 34.64, 116.96, 1.79552
FILLER_0_38_57, 34.64, 116.96, 1.79552
FILLER_0_39_53, 34.64, 116.96, 1.79552
_12356_, 47.44, 116.96, 1.79542
_12412_, 47.44, 116.96, 1.79542
FILLER_0_38_81, 47.44, 116.96, 1.79542
FILLER_0_39_105, 47.44, 116.96, 1.79542
FILLER_0_40_104, 47.44, 116.96, 1.79542
_12349_, 60.24, 116.96, 1.79532
_12350_, 60.24, 116.96, 1.79532
_12353_, 60.24, 116.96, 1.79532
_12399_, 60.24, 116.96, 1.79532
_12481_, 60.24, 116.96, 1.79532
FILLER_0_38_117, 60.24, 116.96, 1.79532
_12026_, 73.04, 116.96, 1.79523
_12142_, 73.04, 116.96, 1.79523
_12403_, 73.04, 116.96, 1.79523
_12405_, 73.04, 116.96, 1.79523
FILLER_0_38_136, 73.04, 116.96, 1.79523
FILLER_0_39_137, 73.04, 116.96, 1.79523
FILLER_0_39_145, 73.04, 116.96, 1.79523
_11516_, 85.84, 116.96, 1.79514
_11522_, 85.84, 116.96, 1.79514
_11626_, 85.84, 116.96, 1.79514
_11627_, 85.84, 116.96, 1.79514
FILLER_0_38_161, 85.84, 116.96, 1.79514
FILLER_0_40_188, 85.84, 116.96, 1.79514
_11403_, 98.64, 116.96, 1.79505
FILLER_0_38_189, 98.64, 116.96, 1.79505
FILLER_0_39_213, 98.64, 116.96, 1.79505
_10992_, 111.44, 116.96, 1.79496
_11120_, 111.44, 116.96, 1.79496
_11121_, 111.44, 116.96, 1.79496
_11122_, 111.44, 116.96, 1.79496
_11240_, 111.44, 116.96, 1.79496
_11241_, 111.44, 116.96, 1.79496
_11242_, 111.44, 116.96, 1.79496
FILLER_0_39_221, 111.44, 116.96, 1.79496
FILLER_0_39_225, 111.44, 116.96, 1.79496
FILLER_0_40_236, 111.44, 116.96, 1.79496
FILLER_0_40_244, 111.44, 116.96, 1.79496
_10421_, 124.24, 116.96, 1.7949
_10756_, 124.24, 116.96, 1.7949
_10990_, 124.24, 116.96, 1.7949
_10991_, 124.24, 116.96, 1.7949
_11082_, 124.24, 116.96, 1.7949
_10846_, 137.04, 116.96, 1.79484
_10849_, 137.04, 116.96, 1.79484
FILLER_0_39_276, 137.04, 116.96, 1.79484
FILLER_0_39_281, 137.04, 116.96, 1.79484
FILLER_0_40_299, 137.04, 116.96, 1.79484
_10633_, 149.84, 116.96, 1.79481
_10760_, 149.84, 116.96, 1.79481
_10917_, 149.84, 116.96, 1.79481
_11062_, 149.84, 116.96, 1.79481
FILLER_0_40_321, 149.84, 116.96, 1.79481
_08654_, 162.64, 116.96, 1.7948
_10766_, 162.64, 116.96, 1.7948
_10767_, 162.64, 116.96, 1.7948
FILLER_0_38_332, 162.64, 116.96, 1.7948
FILLER_0_39_332, 162.64, 116.96, 1.7948
FILLER_0_40_346, 162.64, 116.96, 1.7948
_10253_, 188.24, 116.96, 1.7948
_10254_, 188.24, 116.96, 1.7948
_10426_, 188.24, 116.96, 1.7948
_10644_, 188.24, 116.96, 1.7948
FILLER_0_38_389, 188.24, 116.96, 1.7948
FILLER_0_39_398, 188.24, 116.96, 1.7948
FILLER_0_39_409, 188.24, 116.96, 1.7948
FILLER_0_40_399, 188.24, 116.96, 1.7948
_08810_, 201.04, 116.96, 1.7948
_09720_, 201.04, 116.96, 1.7948
_09856_, 201.04, 116.96, 1.7948
_10064_, 201.04, 116.96, 1.7948
_10066_, 201.04, 116.96, 1.7948
_10422_, 201.04, 116.96, 1.7948
_10423_, 201.04, 116.96, 1.7948
FILLER_0_39_425, 201.04, 116.96, 1.7948
FILLER_0_39_438, 201.04, 116.96, 1.7948
_09532_, 213.84, 116.96, 1.79481
_09533_, 213.84, 116.96, 1.79481
_09858_, 213.84, 116.96, 1.79481
FILLER_0_39_444, 213.84, 116.96, 1.79481
FILLER_0_40_455, 213.84, 116.96, 1.79481
_07361_, 226.64, 116.96, 1.79483
_09489_, 226.64, 116.96, 1.79483
_09528_, 226.64, 116.96, 1.79483
_09529_, 226.64, 116.96, 1.79483
_09694_, 226.64, 116.96, 1.79483
_09716_, 226.64, 116.96, 1.79483
FILLER_0_38_472, 226.64, 116.96, 1.79483
FILLER_0_39_470, 226.64, 116.96, 1.79483
FILLER_0_39_487, 226.64, 116.96, 1.79483
_09921_, 239.44, 116.96, 1.79487
_09922_, 239.44, 116.96, 1.79487
_09924_, 239.44, 116.96, 1.79487
FILLER_0_38_497, 239.44, 116.96, 1.79487
_09104_, 252.24, 116.96, 1.79491
_09247_, 252.24, 116.96, 1.79491
_09248_, 252.24, 116.96, 1.79491
FILLER_0_40_539, 252.24, 116.96, 1.79491
_08634_, 265.04, 116.96, 1.79495
_08643_, 265.04, 116.96, 1.79495
_09106_, 265.04, 116.96, 1.79495
_09107_, 265.04, 116.96, 1.79495
FILLER_0_38_551, 265.04, 116.96, 1.79495
FILLER_0_39_578, 265.04, 116.96, 1.79495
_09087_, 277.84, 116.96, 1.795
_09088_, 277.84, 116.96, 1.795
_09089_, 277.84, 116.96, 1.795
_09091_, 277.84, 116.96, 1.795
_09198_, 277.84, 116.96, 1.795
FILLER_0_38_579, 277.84, 116.96, 1.795
_08566_, 290.64, 116.96, 1.79504
_08568_, 290.64, 116.96, 1.79504
_08573_, 290.64, 116.96, 1.79504
_08620_, 290.64, 116.96, 1.79504
_08645_, 290.64, 116.96, 1.79504
FILLER_0_38_618, 290.64, 116.96, 1.79504
FILLER_0_39_617, 290.64, 116.96, 1.79504
_08574_, 303.44, 116.96, 1.79509
_08625_, 303.44, 116.96, 1.79509
FILLER_0_38_640, 303.44, 116.96, 1.79509
FILLER_0_38_645, 303.44, 116.96, 1.79509
FILLER_0_39_661, 303.44, 116.96, 1.79509
_08614_, 316.24, 116.96, 1.79514
_08621_, 316.24, 116.96, 1.79514
_09032_, 316.24, 116.96, 1.79514
FILLER_0_38_667, 316.24, 116.96, 1.79514
FILLER_0_39_669, 316.24, 116.96, 1.79514
_09150_, 341.442, 116.96, 1.79503
_09151_, 341.442, 116.96, 1.79503
wire133, 341.442, 116.96, 1.79503
FILLER_0_39_722, 341.442, 116.96, 1.79503
FILLER_0_39_729, 341.442, 116.96, 1.79503
FILLER_0_40_743, 341.442, 116.96, 1.79503
_09180_, 353.845, 116.96, 1.79489
_12613_, 353.845, 116.96, 1.79489
_12615_, 353.845, 116.96, 1.79489
_12617_, 353.845, 116.96, 1.79489
FILLER_0_40_767, 353.845, 116.96, 1.79489
_09714_, 366.247, 116.96, 1.79484
_09907_, 366.247, 116.96, 1.79484
_10094_, 366.247, 116.96, 1.79484
_10096_, 366.247, 116.96, 1.79484
FILLER_0_40_789, 366.247, 116.96, 1.79484
_07360_, 378.65, 116.96, 1.79479
_09521_, 378.65, 116.96, 1.79479
rebuffer15, 378.65, 116.96, 1.79479
FILLER_0_39_800, 378.65, 116.96, 1.79479
FILLER_0_39_833, 391.052, 116.96, 1.79478
FILLER_0_38_861, 403.455, 116.96, 1.79477
_12669_, 415.857, 116.96, 1.79476
FILLER_0_39_889, 415.857, 116.96, 1.79476
FILLER_0_40_893, 415.857, 116.96, 1.79476
PHY_72, 5.52, 111.52, 1.79569
PHY_74, 5.52, 111.52, 1.79569
FILLER_0_37_3, 5.52, 111.52, 1.79569
PHY_73, 428.26, 111.52, 1.7946
PHY_75, 428.26, 111.52, 1.7946
input7, 428.26, 111.52, 1.7946
FILLER_0_37_909, 428.26, 111.52, 1.7946
_12488_, 13.68, 111.52, 1.79569
_12516_, 13.68, 111.52, 1.79569
fanout148, 13.68, 111.52, 1.79569
FILLER_0_38_25, 13.68, 111.52, 1.79569
_12410_, 34.64, 111.52, 1.79556
_12452_, 34.64, 111.52, 1.79556
_12453_, 34.64, 111.52, 1.79556
_12454_, 34.64, 111.52, 1.79556
_12456_, 34.64, 111.52, 1.79556
FILLER_0_37_50, 34.64, 111.52, 1.79556
FILLER_0_37_69, 34.64, 111.52, 1.79556
FILLER_0_38_73, 34.64, 111.52, 1.79556
_12442_, 47.44, 111.52, 1.79544
_12443_, 47.44, 111.52, 1.79544
_12444_, 47.44, 111.52, 1.79544
_12447_, 47.44, 111.52, 1.79544
_12448_, 47.44, 111.52, 1.79544
_12450_, 47.44, 111.52, 1.79544
_12406_, 60.24, 111.52, 1.79531
_12407_, 60.24, 111.52, 1.79531
_12408_, 60.24, 111.52, 1.79531
_12409_, 60.24, 111.52, 1.79531
_12445_, 60.24, 111.52, 1.79531
_12482_, 60.24, 111.52, 1.79531
_11628_, 73.04, 111.52, 1.7952
_11751_, 73.04, 111.52, 1.7952
_11758_, 73.04, 111.52, 1.7952
_11760_, 73.04, 111.52, 1.7952
FILLER_0_37_156, 73.04, 111.52, 1.7952
FILLER_0_38_147, 73.04, 111.52, 1.7952
_11517_, 85.84, 111.52, 1.79512
_11518_, 85.84, 111.52, 1.79512
_11521_, 85.84, 111.52, 1.79512
_11523_, 85.84, 111.52, 1.79512
_11625_, 85.84, 111.52, 1.79512
_11633_, 85.84, 111.52, 1.79512
_11747_, 85.84, 111.52, 1.79512
FILLER_0_37_182, 85.84, 111.52, 1.79512
_11239_, 98.64, 111.52, 1.79505
_11405_, 98.64, 111.52, 1.79505
_11514_, 98.64, 111.52, 1.79505
_11524_, 98.64, 111.52, 1.79505
FILLER_0_36_201, 98.64, 111.52, 1.79505
FILLER_0_38_204, 98.64, 111.52, 1.79505
FILLER_0_38_212, 98.64, 111.52, 1.79505
_09539_, 111.44, 111.52, 1.79498
_11123_, 111.44, 111.52, 1.79498
_11243_, 111.44, 111.52, 1.79498
_11244_, 111.44, 111.52, 1.79498
_11406_, 111.44, 111.52, 1.79498
FILLER_0_38_233, 111.44, 111.52, 1.79498
FILLER_0_38_242, 111.44, 111.52, 1.79498
_11263_, 124.24, 111.52, 1.79493
_10914_, 137.04, 111.52, 1.79489
_10915_, 137.04, 111.52, 1.79489
_11260_, 137.04, 111.52, 1.79489
_11261_, 137.04, 111.52, 1.79489
_11262_, 137.04, 111.52, 1.79489
_11264_, 137.04, 111.52, 1.79489
FILLER_0_37_291, 137.04, 111.52, 1.79489
FILLER_0_38_289, 137.04, 111.52, 1.79489
_10770_, 149.84, 111.52, 1.79484
_10916_, 149.84, 111.52, 1.79484
_10919_, 149.84, 111.52, 1.79484
_11059_, 149.84, 111.52, 1.79484
_11061_, 149.84, 111.52, 1.79484
FILLER_0_37_319, 149.84, 111.52, 1.79484
_10768_, 162.64, 111.52, 1.7948
_10769_, 162.64, 111.52, 1.7948
_10771_, 162.64, 111.52, 1.7948
_10921_, 162.64, 111.52, 1.7948
FILLER_0_37_349, 162.64, 111.52, 1.7948
FILLER_0_38_343, 162.64, 111.52, 1.7948
FILLER_0_38_351, 162.64, 111.52, 1.7948
_10070_, 188.24, 111.52, 1.79476
_10252_, 188.24, 111.52, 1.79476
_10432_, 188.24, 111.52, 1.79476
FILLER_0_36_396, 188.24, 111.52, 1.79476
FILLER_0_37_387, 188.24, 111.52, 1.79476
FILLER_0_38_407, 188.24, 111.52, 1.79476
_09732_, 201.04, 111.52, 1.79476
_10057_, 201.04, 111.52, 1.79476
_10263_, 201.04, 111.52, 1.79476
FILLER_0_36_415, 201.04, 111.52, 1.79476
FILLER_0_36_421, 201.04, 111.52, 1.79476
FILLER_0_37_424, 201.04, 111.52, 1.79476
_07037_, 213.84, 111.52, 1.79476
_09541_, 213.84, 111.52, 1.79476
_09730_, 213.84, 111.52, 1.79476
_09860_, 213.84, 111.52, 1.79476
FILLER_0_37_449, 213.84, 111.52, 1.79476
_07210_, 226.64, 111.52, 1.79476
FILLER_0_36_469, 226.64, 111.52, 1.79476
FILLER_0_38_484, 226.64, 111.52, 1.79476
_09896_, 239.44, 111.52, 1.79476
_10109_, 239.44, 111.52, 1.79476
_10288_, 239.44, 111.52, 1.79476
_10289_, 239.44, 111.52, 1.79476
FILLER_0_37_499, 239.44, 111.52, 1.79476
FILLER_0_37_505, 239.44, 111.52, 1.79476
FILLER_0_38_518, 239.44, 111.52, 1.79476
_09204_, 252.24, 111.52, 1.79477
_09213_, 252.24, 111.52, 1.79477
_09250_, 252.24, 111.52, 1.79477
_09292_, 252.24, 111.52, 1.79477
_09293_, 252.24, 111.52, 1.79477
FILLER_0_36_527, 252.24, 111.52, 1.79477
FILLER_0_38_543, 252.24, 111.52, 1.79477
_09108_, 265.04, 111.52, 1.79478
_09254_, 265.04, 111.52, 1.79478
FILLER_0_36_562, 265.04, 111.52, 1.79478
FILLER_0_37_553, 265.04, 111.52, 1.79478
FILLER_0_37_561, 265.04, 111.52, 1.79478
_09090_, 277.84, 111.52, 1.79479
_09092_, 277.84, 111.52, 1.79479
_09199_, 277.84, 111.52, 1.79479
_09286_, 277.84, 111.52, 1.79479
FILLER_0_36_583, 277.84, 111.52, 1.79479
FILLER_0_36_592, 277.84, 111.52, 1.79479
FILLER_0_37_595, 277.84, 111.52, 1.79479
_08572_, 290.64, 111.52, 1.7948
_08646_, 290.64, 111.52, 1.7948
_08647_, 290.64, 111.52, 1.7948
_09093_, 290.64, 111.52, 1.7948
_09094_, 290.64, 111.52, 1.7948
_09219_, 290.64, 111.52, 1.7948
FILLER_0_37_611, 290.64, 111.52, 1.7948
_08648_, 303.44, 111.52, 1.79482
_09111_, 303.44, 111.52, 1.79482
_09112_, 303.44, 111.52, 1.79482
clkbuf_4_8_0_clk, 303.44, 111.52, 1.79482
ANTENNA_182, 303.44, 111.52, 1.79482
FILLER_0_36_641, 303.44, 111.52, 1.79482
_08615_, 316.24, 111.52, 1.79488
_08616_, 316.24, 111.52, 1.79488
_08617_, 316.24, 111.52, 1.79488
_09026_, 316.24, 111.52, 1.79488
FILLER_0_37_666, 316.24, 111.52, 1.79488
FILLER_0_37_673, 316.24, 111.52, 1.79488
_09146_, 341.442, 111.52, 1.79471
_09152_, 341.442, 111.52, 1.79471
_12614_, 341.442, 111.52, 1.79471
FILLER_0_37_723, 341.442, 111.52, 1.79471
FILLER_0_37_729, 341.442, 111.52, 1.79471
FILLER_0_38_731, 341.442, 111.52, 1.79471
_09179_, 353.845, 111.52, 1.79462
_12616_, 353.845, 111.52, 1.79462
_12618_, 353.845, 111.52, 1.79462
FILLER_0_38_769, 353.845, 111.52, 1.79462
_09715_, 366.247, 111.52, 1.7946
_12729_, 366.247, 111.52, 1.7946
FILLER_0_36_772, 366.247, 111.52, 1.7946
FILLER_0_37_777, 366.247, 111.52, 1.7946
FILLER_0_37_833, 391.052, 111.52, 1.7946
FILLER_0_36_861, 403.455, 111.52, 1.7946
FILLER_0_37_889, 415.857, 111.52, 1.7946
FILLER_0_38_905, 415.857, 111.52, 1.7946
_12668_, 5.52, 106.08, 1.79577
PHY_68, 5.52, 106.08, 1.79577
PHY_70, 5.52, 106.08, 1.79577
output75, 5.52, 106.08, 1.79577
PHY_69, 428.26, 106.08, 1.79449
PHY_71, 428.26, 106.08, 1.79449
FILLER_0_34_913, 428.26, 106.08, 1.79449
FILLER_0_35_909, 428.26, 106.08, 1.79449
_12486_, 13.68, 106.08, 1.79579
_12508_, 13.68, 106.08, 1.79579
_12515_, 13.68, 106.08, 1.79579
_12451_, 34.64, 106.08, 1.7957
_12480_, 34.64, 106.08, 1.7957
_12510_, 34.64, 106.08, 1.7957
FILLER_0_35_53, 34.64, 106.08, 1.7957
FILLER_0_35_75, 34.64, 106.08, 1.7957
FILLER_0_36_64, 34.64, 106.08, 1.7957
_12446_, 47.44, 106.08, 1.79559
_12449_, 47.44, 106.08, 1.79559
_12479_, 47.44, 106.08, 1.79559
FILLER_0_34_78, 47.44, 106.08, 1.79559
FILLER_0_35_102, 47.44, 106.08, 1.79559
FILLER_0_36_98, 47.44, 106.08, 1.79559
_11748_, 73.04, 106.08, 1.79539
_11759_, 73.04, 106.08, 1.79539
FILLER_0_34_137, 73.04, 106.08, 1.79539
_11634_, 85.84, 106.08, 1.79529
_11635_, 85.84, 106.08, 1.79529
_11636_, 85.84, 106.08, 1.79529
_11407_, 98.64, 106.08, 1.7952
_11408_, 98.64, 106.08, 1.7952
_11525_, 98.64, 106.08, 1.7952
_11526_, 98.64, 106.08, 1.7952
FILLER_0_35_193, 98.64, 106.08, 1.7952
FILLER_0_35_214, 98.64, 106.08, 1.7952
FILLER_0_35_237, 111.44, 106.08, 1.79511
FILLER_0_36_244, 111.44, 106.08, 1.79511
_11080_, 124.24, 106.08, 1.79503
_11259_, 124.24, 106.08, 1.79503
_11265_, 124.24, 106.08, 1.79503
_11266_, 124.24, 106.08, 1.79503
_11267_, 124.24, 106.08, 1.79503
_11268_, 124.24, 106.08, 1.79503
_11269_, 124.24, 106.08, 1.79503
_11370_, 124.24, 106.08, 1.79503
_11372_, 124.24, 106.08, 1.79503
FILLER_0_35_245, 124.24, 106.08, 1.79503
FILLER_0_35_264, 124.24, 106.08, 1.79503
_11369_, 137.04, 106.08, 1.79495
_11371_, 137.04, 106.08, 1.79495
_10918_, 149.84, 106.08, 1.79487
_10920_, 149.84, 106.08, 1.79487
_10922_, 149.84, 106.08, 1.79487
_11060_, 149.84, 106.08, 1.79487
FILLER_0_34_304, 149.84, 106.08, 1.79487
FILLER_0_34_309, 149.84, 106.08, 1.79487
FILLER_0_35_305, 149.84, 106.08, 1.79487
_10772_, 162.64, 106.08, 1.79479
FILLER_0_34_333, 162.64, 106.08, 1.79479
FILLER_0_35_329, 162.64, 106.08, 1.79479
_10260_, 188.24, 106.08, 1.79469
_10261_, 188.24, 106.08, 1.79469
_10262_, 188.24, 106.08, 1.79469
_10434_, 188.24, 106.08, 1.79469
_10438_, 188.24, 106.08, 1.79469
FILLER_0_35_389, 188.24, 106.08, 1.79469
FILLER_0_35_405, 188.24, 106.08, 1.79469
_09861_, 201.04, 106.08, 1.79467
_09862_, 201.04, 106.08, 1.79467
_10056_, 201.04, 106.08, 1.79467
_10265_, 201.04, 106.08, 1.79467
FILLER_0_34_421, 201.04, 106.08, 1.79467
FILLER_0_36_427, 201.04, 106.08, 1.79467
_09540_, 213.84, 106.08, 1.79466
_09542_, 213.84, 106.08, 1.79466
_09728_, 213.84, 106.08, 1.79466
_09733_, 213.84, 106.08, 1.79466
FILLER_0_35_439, 213.84, 106.08, 1.79466
FILLER_0_35_449, 213.84, 106.08, 1.79466
FILLER_0_35_461, 213.84, 106.08, 1.79466
_07362_, 226.64, 106.08, 1.79464
_07363_, 226.64, 106.08, 1.79464
_09448_, 226.64, 106.08, 1.79464
_09723_, 226.64, 106.08, 1.79464
_09724_, 226.64, 106.08, 1.79464
_09897_, 226.64, 106.08, 1.79464
_09525_, 239.44, 106.08, 1.79466
_10107_, 239.44, 106.08, 1.79466
_10290_, 239.44, 106.08, 1.79466
FILLER_0_34_507, 239.44, 106.08, 1.79466
FILLER_0_35_498, 239.44, 106.08, 1.79466
FILLER_0_36_514, 239.44, 106.08, 1.79466
_09214_, 252.24, 106.08, 1.79468
_10456_, 252.24, 106.08, 1.79468
FILLER_0_34_529, 252.24, 106.08, 1.79468
FILLER_0_34_533, 252.24, 106.08, 1.79468
FILLER_0_36_545, 252.24, 106.08, 1.79468
_09190_, 265.04, 106.08, 1.7947
_09191_, 265.04, 106.08, 1.7947
FILLER_0_35_573, 265.04, 106.08, 1.7947
_09200_, 277.84, 106.08, 1.79472
_09240_, 277.84, 106.08, 1.79472
_09287_, 277.84, 106.08, 1.79472
FILLER_0_34_584, 277.84, 106.08, 1.79472
_09109_, 290.64, 106.08, 1.79475
_09110_, 290.64, 106.08, 1.79475
_09244_, 290.64, 106.08, 1.79475
FILLER_0_35_607, 290.64, 106.08, 1.79475
FILLER_0_35_629, 290.64, 106.08, 1.79475
FILLER_0_36_620, 290.64, 106.08, 1.79475
FILLER_0_36_633, 290.64, 106.08, 1.79475
_08630_, 303.44, 106.08, 1.79478
_09080_, 303.44, 106.08, 1.79478
_09113_, 303.44, 106.08, 1.79478
_09114_, 303.44, 106.08, 1.79478
FILLER_0_34_639, 303.44, 106.08, 1.79478
FILLER_0_35_660, 303.44, 106.08, 1.79478
FILLER_0_36_650, 303.44, 106.08, 1.79478
_08649_, 316.24, 106.08, 1.79481
_08650_, 316.24, 106.08, 1.79481
_08651_, 316.24, 106.08, 1.79481
_08652_, 316.24, 106.08, 1.79481
_09079_, 316.24, 106.08, 1.79481
FILLER_0_35_681, 316.24, 106.08, 1.79481
FILLER_0_35_689, 316.24, 106.08, 1.79481
FILLER_0_36_679, 316.24, 106.08, 1.79481
_09140_, 341.442, 106.08, 1.79464
_09184_, 341.442, 106.08, 1.79464
clkbuf_4_9_0_clk, 341.442, 106.08, 1.79464
ANTENNA_185, 341.442, 106.08, 1.79464
FILLER_0_35_721, 341.442, 106.08, 1.79464
FILLER_0_35_743, 341.442, 106.08, 1.79464
FILLER_0_36_740, 341.442, 106.08, 1.79464
_09141_, 353.845, 106.08, 1.79449
_12619_, 353.845, 106.08, 1.79449
_12620_, 353.845, 106.08, 1.79449
_12621_, 353.845, 106.08, 1.79449
FILLER_0_36_764, 353.845, 106.08, 1.79449
FILLER_0_35_781, 366.247, 106.08, 1.79449
FILLER_0_35_833, 391.052, 106.08, 1.79449
FILLER_0_34_861, 403.455, 106.08, 1.79449
FILLER_0_35_889, 415.857, 106.08, 1.79449
FILLER_0_36_905, 415.857, 106.08, 1.79449
PHY_64, 5.52, 100.64, 1.79589
PHY_66, 5.52, 100.64, 1.79589
PHY_65, 428.26, 100.64, 1.79434
PHY_67, 428.26, 100.64, 1.79434
FILLER_0_32_913, 428.26, 100.64, 1.79434
FILLER_0_33_909, 428.26, 100.64, 1.79434
FILLER_0_33_51, 34.64, 100.64, 1.79573
_12387_, 47.44, 100.64, 1.79557
_12432_, 47.44, 100.64, 1.79557
_12433_, 47.44, 100.64, 1.79557
FILLER_0_32_78, 47.44, 100.64, 1.79557
FILLER_0_33_81, 47.44, 100.64, 1.79557
FILLER_0_33_103, 47.44, 100.64, 1.79557
_11499_, 60.24, 100.64, 1.79541
_12277_, 60.24, 100.64, 1.79541
_12337_, 60.24, 100.64, 1.79541
clkbuf_4_3_0_clk, 60.24, 100.64, 1.79541
ANTENNA_181, 60.24, 100.64, 1.79541
FILLER_0_32_112, 60.24, 100.64, 1.79541
_11077_, 73.04, 100.64, 1.79528
_11500_, 73.04, 100.64, 1.79528
_12331_, 73.04, 100.64, 1.79528
_12332_, 73.04, 100.64, 1.79528
_12389_, 73.04, 100.64, 1.79528
FILLER_0_33_153, 73.04, 100.64, 1.79528
_11616_, 85.84, 100.64, 1.79516
_11617_, 85.84, 100.64, 1.79516
_11619_, 85.84, 100.64, 1.79516
_11637_, 85.84, 100.64, 1.79516
_11746_, 85.84, 100.64, 1.79516
FILLER_0_33_180, 85.84, 100.64, 1.79516
FILLER_0_34_186, 85.84, 100.64, 1.79516
_11501_, 98.64, 100.64, 1.79505
_11503_, 98.64, 100.64, 1.79505
_11504_, 98.64, 100.64, 1.79505
_11618_, 98.64, 100.64, 1.79505
FILLER_0_33_196, 98.64, 100.64, 1.79505
_11373_, 111.44, 100.64, 1.79494
_11374_, 111.44, 100.64, 1.79494
_11376_, 111.44, 100.64, 1.79494
_11505_, 111.44, 100.64, 1.79494
clkbuf_4_2_0_clk, 111.44, 100.64, 1.79494
FILLER_0_34_233, 111.44, 100.64, 1.79494
_11270_, 124.24, 100.64, 1.79487
_11271_, 124.24, 100.64, 1.79487
FILLER_0_33_267, 124.24, 100.64, 1.79487
_09367_, 137.04, 100.64, 1.7948
_11063_, 137.04, 100.64, 1.7948
_11248_, 137.04, 100.64, 1.7948
_11367_, 137.04, 100.64, 1.7948
_11368_, 137.04, 100.64, 1.7948
FILLER_0_32_277, 137.04, 100.64, 1.7948
FILLER_0_33_287, 137.04, 100.64, 1.7948
FILLER_0_34_290, 137.04, 100.64, 1.7948
_10923_, 149.84, 100.64, 1.79473
_11249_, 149.84, 100.64, 1.79473
_11250_, 149.84, 100.64, 1.79473
FILLER_0_33_325, 149.84, 100.64, 1.79473
_10924_, 162.64, 100.64, 1.79467
_10925_, 162.64, 100.64, 1.79467
_10926_, 162.64, 100.64, 1.79467
_11066_, 162.64, 100.64, 1.79467
_11067_, 162.64, 100.64, 1.79467
FILLER_0_32_339, 162.64, 100.64, 1.79467
FILLER_0_33_337, 162.64, 100.64, 1.79467
_10424_, 188.24, 100.64, 1.79456
_10433_, 188.24, 100.64, 1.79456
_10634_, 188.24, 100.64, 1.79456
FILLER_0_33_393, 188.24, 100.64, 1.79456
FILLER_0_34_410, 188.24, 100.64, 1.79456
_10067_, 201.04, 100.64, 1.79452
_10264_, 201.04, 100.64, 1.79452
_10266_, 201.04, 100.64, 1.79452
_10419_, 201.04, 100.64, 1.79452
_10420_, 201.04, 100.64, 1.79452
_10635_, 201.04, 100.64, 1.79452
FILLER_0_32_413, 201.04, 100.64, 1.79452
FILLER_0_32_421, 201.04, 100.64, 1.79452
FILLER_0_33_418, 201.04, 100.64, 1.79452
_09725_, 213.84, 100.64, 1.79448
_09931_, 213.84, 100.64, 1.79448
FILLER_0_33_443, 213.84, 100.64, 1.79448
FILLER_0_33_449, 213.84, 100.64, 1.79448
_07364_, 226.64, 100.64, 1.79447
_07409_, 226.64, 100.64, 1.79447
_09534_, 226.64, 100.64, 1.79447
FILLER_0_32_477, 226.64, 100.64, 1.79447
FILLER_0_33_472, 226.64, 100.64, 1.79447
_09926_, 239.44, 100.64, 1.79447
_10110_, 239.44, 100.64, 1.79447
_10293_, 239.44, 100.64, 1.79447
_10294_, 239.44, 100.64, 1.79447
_10457_, 239.44, 100.64, 1.79447
FILLER_0_32_499, 239.44, 100.64, 1.79447
FILLER_0_33_497, 239.44, 100.64, 1.79447
FILLER_0_33_517, 239.44, 100.64, 1.79447
_09249_, 252.24, 100.64, 1.79448
_09251_, 252.24, 100.64, 1.79448
_09252_, 252.24, 100.64, 1.79448
_09291_, 252.24, 100.64, 1.79448
_10097_, 252.24, 100.64, 1.79448
_10295_, 252.24, 100.64, 1.79448
FILLER_0_32_526, 252.24, 100.64, 1.79448
FILLER_0_33_534, 252.24, 100.64, 1.79448
_09215_, 265.04, 100.64, 1.7945
_09237_, 265.04, 100.64, 1.7945
_09238_, 265.04, 100.64, 1.7945
_09255_, 265.04, 100.64, 1.7945
_09289_, 265.04, 100.64, 1.7945
_09290_, 265.04, 100.64, 1.7945
FILLER_0_33_576, 265.04, 100.64, 1.7945
FILLER_0_34_568, 265.04, 100.64, 1.7945
_09201_, 277.84, 100.64, 1.79452
_09239_, 277.84, 100.64, 1.79452
_09241_, 277.84, 100.64, 1.79452
_09242_, 277.84, 100.64, 1.79452
_09283_, 277.84, 100.64, 1.79452
_09284_, 277.84, 100.64, 1.79452
FILLER_0_32_580, 277.84, 100.64, 1.79452
FILLER_0_32_589, 277.84, 100.64, 1.79452
FILLER_0_33_585, 277.84, 100.64, 1.79452
_09202_, 290.64, 100.64, 1.79454
_09245_, 290.64, 100.64, 1.79454
_09115_, 303.44, 100.64, 1.79456
_09218_, 303.44, 100.64, 1.79456
_09220_, 303.44, 100.64, 1.79456
FILLER_0_32_639, 303.44, 100.64, 1.79456
FILLER_0_33_660, 303.44, 100.64, 1.79456
_09116_, 316.24, 100.64, 1.79459
_09117_, 316.24, 100.64, 1.79459
_09118_, 316.24, 100.64, 1.79459
_09128_, 316.24, 100.64, 1.79459
_09129_, 316.24, 100.64, 1.79459
_09222_, 316.24, 100.64, 1.79459
FILLER_0_33_682, 316.24, 100.64, 1.79459
_09134_, 341.442, 100.64, 1.79434
_09181_, 341.442, 100.64, 1.79434
_09183_, 341.442, 100.64, 1.79434
_12623_, 341.442, 100.64, 1.79434
_12624_, 341.442, 100.64, 1.79434
ANTENNA_186, 341.442, 100.64, 1.79434
ANTENNA_196, 341.442, 100.64, 1.79434
FILLER_0_32_719, 341.442, 100.64, 1.79434
FILLER_0_33_729, 341.442, 100.64, 1.79434
ANTENNA_197, 353.845, 100.64, 1.79434
FILLER_0_32_749, 353.845, 100.64, 1.79434
FILLER_0_33_776, 366.247, 100.64, 1.79434
FILLER_0_32_805, 378.65, 100.64, 1.79434
FILLER_0_33_833, 391.052, 100.64, 1.79434
FILLER_0_32_861, 403.455, 100.64, 1.79434
FILLER_0_33_889, 415.857, 100.64, 1.79434
FILLER_0_34_905, 415.857, 100.64, 1.79434
_12757_, 5.52, 95.2, 1.79599
PHY_60, 5.52, 95.2, 1.79599
PHY_62, 5.52, 95.2, 1.79599
input35, 5.52, 95.2, 1.79599
PHY_61, 428.26, 95.2, 1.79432
PHY_63, 428.26, 95.2, 1.79432
output94, 428.26, 95.2, 1.79432
FILLER_0_30_913, 428.26, 95.2, 1.79432
_12398_, 34.64, 95.2, 1.79584
_12434_, 34.64, 95.2, 1.79584
_12437_, 34.64, 95.2, 1.79584
_12440_, 34.64, 95.2, 1.79584
_12475_, 34.64, 95.2, 1.79584
FILLER_0_30_53, 34.64, 95.2, 1.79584
FILLER_0_31_73, 34.64, 95.2, 1.79584
_12340_, 47.44, 95.2, 1.79569
_12341_, 47.44, 95.2, 1.79569
_12342_, 47.44, 95.2, 1.79569
_12397_, 47.44, 95.2, 1.79569
_12476_, 47.44, 95.2, 1.79569
_12477_, 47.44, 95.2, 1.79569
max_cap137, 47.44, 95.2, 1.79569
FILLER_0_31_92, 47.44, 95.2, 1.79569
_12334_, 60.24, 95.2, 1.79554
_12335_, 60.24, 95.2, 1.79554
_12336_, 60.24, 95.2, 1.79554
_12338_, 60.24, 95.2, 1.79554
_12339_, 60.24, 95.2, 1.79554
_12394_, 60.24, 95.2, 1.79554
_12395_, 60.24, 95.2, 1.79554
FILLER_0_31_126, 60.24, 95.2, 1.79554
_10757_, 73.04, 95.2, 1.7954
_11615_, 73.04, 95.2, 1.7954
_11750_, 73.04, 95.2, 1.7954
_12388_, 73.04, 95.2, 1.7954
_12390_, 73.04, 95.2, 1.7954
_12391_, 73.04, 95.2, 1.7954
_12392_, 73.04, 95.2, 1.7954
FILLER_0_31_151, 73.04, 95.2, 1.7954
FILLER_0_32_160, 73.04, 95.2, 1.7954
_11502_, 85.84, 95.2, 1.79529
_11745_, 85.84, 95.2, 1.79529
FILLER_0_31_164, 85.84, 95.2, 1.79529
_11506_, 98.64, 95.2, 1.79517
_11614_, 98.64, 95.2, 1.79517
_11620_, 98.64, 95.2, 1.79517
FILLER_0_30_190, 98.64, 95.2, 1.79517
FILLER_0_30_197, 98.64, 95.2, 1.79517
FILLER_0_31_199, 98.64, 95.2, 1.79517
_11274_, 111.44, 95.2, 1.79506
_11375_, 111.44, 95.2, 1.79506
_11377_, 111.44, 95.2, 1.79506
_11378_, 111.44, 95.2, 1.79506
_11379_, 111.44, 95.2, 1.79506
_11507_, 111.44, 95.2, 1.79506
_11613_, 111.44, 95.2, 1.79506
FILLER_0_31_240, 111.44, 95.2, 1.79506
FILLER_0_32_232, 111.44, 95.2, 1.79506
FILLER_0_32_244, 111.44, 95.2, 1.79506
_11083_, 124.24, 95.2, 1.79496
_11272_, 124.24, 95.2, 1.79496
_11273_, 124.24, 95.2, 1.79496
_10942_, 137.04, 95.2, 1.79486
_10943_, 137.04, 95.2, 1.79486
_10944_, 137.04, 95.2, 1.79486
_11251_, 137.04, 95.2, 1.79486
FILLER_0_31_276, 137.04, 95.2, 1.79486
FILLER_0_31_293, 137.04, 95.2, 1.79486
FILLER_0_32_288, 137.04, 95.2, 1.79486
_11065_, 149.84, 95.2, 1.79476
_11068_, 149.84, 95.2, 1.79476
_11070_, 149.84, 95.2, 1.79476
_10782_, 162.64, 95.2, 1.79466
_10927_, 162.64, 95.2, 1.79466
_10928_, 162.64, 95.2, 1.79466
_10929_, 162.64, 95.2, 1.79466
_10930_, 162.64, 95.2, 1.79466
_11064_, 162.64, 95.2, 1.79466
FILLER_0_30_336, 162.64, 95.2, 1.79466
FILLER_0_32_349, 162.64, 95.2, 1.79466
_10071_, 188.24, 95.2, 1.79451
_10255_, 188.24, 95.2, 1.79451
_10256_, 188.24, 95.2, 1.79451
FILLER_0_30_389, 188.24, 95.2, 1.79451
FILLER_0_31_386, 188.24, 95.2, 1.79451
FILLER_0_31_393, 188.24, 95.2, 1.79451
_10267_, 201.04, 95.2, 1.79447
_10268_, 201.04, 95.2, 1.79447
_10269_, 201.04, 95.2, 1.79447
FILLER_0_31_417, 201.04, 95.2, 1.79447
FILLER_0_32_438, 201.04, 95.2, 1.79447
_09726_, 213.84, 95.2, 1.79442
_09727_, 213.84, 95.2, 1.79442
_09930_, 213.84, 95.2, 1.79442
FILLER_0_31_449, 213.84, 95.2, 1.79442
_09535_, 226.64, 95.2, 1.7944
_09536_, 226.64, 95.2, 1.7944
_09543_, 226.64, 95.2, 1.7944
_09544_, 226.64, 95.2, 1.7944
FILLER_0_30_473, 226.64, 95.2, 1.7944
_09925_, 239.44, 95.2, 1.7944
_09927_, 239.44, 95.2, 1.7944
_10113_, 239.44, 95.2, 1.7944
_10296_, 239.44, 95.2, 1.7944
_10297_, 239.44, 95.2, 1.7944
_10298_, 239.44, 95.2, 1.7944
FILLER_0_31_498, 239.44, 95.2, 1.7944
FILLER_0_32_513, 239.44, 95.2, 1.7944
_09253_, 252.24, 95.2, 1.79442
_10111_, 252.24, 95.2, 1.79442
_10112_, 252.24, 95.2, 1.79442
_10299_, 252.24, 95.2, 1.79442
FILLER_0_31_544, 252.24, 95.2, 1.79442
FILLER_0_32_545, 252.24, 95.2, 1.79442
_09256_, 265.04, 95.2, 1.79444
_09294_, 265.04, 95.2, 1.79444
FILLER_0_30_551, 265.04, 95.2, 1.79444
FILLER_0_31_573, 265.04, 95.2, 1.79444
_09243_, 277.84, 95.2, 1.79446
_09246_, 277.84, 95.2, 1.79446
_09285_, 277.84, 95.2, 1.79446
_09288_, 277.84, 95.2, 1.79446
_09317_, 277.84, 95.2, 1.79446
FILLER_0_30_583, 277.84, 95.2, 1.79446
FILLER_0_31_598, 277.84, 95.2, 1.79446
_09216_, 290.64, 95.2, 1.79448
_09217_, 290.64, 95.2, 1.79448
_09257_, 290.64, 95.2, 1.79448
_09258_, 290.64, 95.2, 1.79448
FILLER_0_30_608, 290.64, 95.2, 1.79448
FILLER_0_30_619, 290.64, 95.2, 1.79448
FILLER_0_31_611, 290.64, 95.2, 1.79448
_09221_, 303.44, 95.2, 1.79451
_09223_, 303.44, 95.2, 1.79451
_09236_, 303.44, 95.2, 1.79451
_09261_, 303.44, 95.2, 1.79451
FILLER_0_30_641, 303.44, 95.2, 1.79451
FILLER_0_31_634, 303.44, 95.2, 1.79451
FILLER_0_31_661, 303.44, 95.2, 1.79451
FILLER_0_32_652, 303.44, 95.2, 1.79451
_09225_, 316.24, 95.2, 1.79455
_09226_, 316.24, 95.2, 1.79455
_09344_, 316.24, 95.2, 1.79455
FILLER_0_30_670, 316.24, 95.2, 1.79455
FILLER_0_31_669, 316.24, 95.2, 1.79455
FILLER_0_31_685, 316.24, 95.2, 1.79455
FILLER_0_32_681, 316.24, 95.2, 1.79455
_09182_, 341.442, 95.2, 1.79443
_09185_, 341.442, 95.2, 1.79443
_09233_, 341.442, 95.2, 1.79443
_09235_, 341.442, 95.2, 1.79443
_09281_, 341.442, 95.2, 1.79443
FILLER_0_30_720, 341.442, 95.2, 1.79443
FILLER_0_31_721, 341.442, 95.2, 1.79443
FILLER_0_31_729, 341.442, 95.2, 1.79443
_12625_, 353.845, 95.2, 1.7944
FILLER_0_30_752, 353.845, 95.2, 1.7944
FILLER_0_31_779, 366.247, 95.2, 1.79439
FILLER_0_30_805, 378.65, 95.2, 1.79437
FILLER_0_31_833, 391.052, 95.2, 1.79436
FILLER_0_30_861, 403.455, 95.2, 1.79435
FILLER_0_31_889, 415.857, 95.2, 1.79433
FILLER_0_32_905, 415.857, 95.2, 1.79433
PHY_56, 5.52, 89.76, 1.79612
PHY_58, 5.52, 89.76, 1.79612
PHY_57, 428.26, 89.76, 1.79448
PHY_59, 428.26, 89.76, 1.79448
FILLER_0_29_909, 428.26, 89.76, 1.79448
_12435_, 34.64, 89.76, 1.79596
_12436_, 34.64, 89.76, 1.79596
_12438_, 34.64, 89.76, 1.79596
_12474_, 34.64, 89.76, 1.79596
FILLER_0_29_51, 34.64, 89.76, 1.79596
_12396_, 47.44, 89.76, 1.79579
_12439_, 47.44, 89.76, 1.79579
FILLER_0_29_104, 47.44, 89.76, 1.79579
FILLER_0_30_98, 47.44, 89.76, 1.79579
_12393_, 60.24, 89.76, 1.79563
FILLER_0_30_121, 60.24, 89.76, 1.79563
FILLER_0_30_130, 60.24, 89.76, 1.79563
_11638_, 73.04, 89.76, 1.79547
_11639_, 73.04, 89.76, 1.79547
_12333_, 73.04, 89.76, 1.79547
FILLER_0_28_133, 73.04, 89.76, 1.79547
FILLER_0_29_137, 73.04, 89.76, 1.79547
_11624_, 85.84, 89.76, 1.79533
_11743_, 85.84, 89.76, 1.79533
FILLER_0_30_179, 85.84, 89.76, 1.79533
_11508_, 98.64, 89.76, 1.7952
_11612_, 98.64, 89.76, 1.7952
_11621_, 98.64, 89.76, 1.7952
_11622_, 98.64, 89.76, 1.7952
_08655_, 111.44, 89.76, 1.79508
_08659_, 111.44, 89.76, 1.79508
_11498_, 111.44, 89.76, 1.79508
FILLER_0_28_224, 111.44, 89.76, 1.79508
FILLER_0_29_217, 111.44, 89.76, 1.79508
FILLER_0_29_225, 111.44, 89.76, 1.79508
FILLER_0_29_233, 111.44, 89.76, 1.79508
FILLER_0_30_244, 111.44, 89.76, 1.79508
_11078_, 124.24, 89.76, 1.79496
_11079_, 124.24, 89.76, 1.79496
_11081_, 124.24, 89.76, 1.79496
_11084_, 124.24, 89.76, 1.79496
_11275_, 124.24, 89.76, 1.79496
FILLER_0_28_245, 124.24, 89.76, 1.79496
_11252_, 137.04, 89.76, 1.79484
_11380_, 137.04, 89.76, 1.79484
FILLER_0_28_277, 137.04, 89.76, 1.79484
FILLER_0_29_276, 137.04, 89.76, 1.79484
FILLER_0_29_293, 137.04, 89.76, 1.79484
FILLER_0_30_286, 137.04, 89.76, 1.79484
FILLER_0_30_298, 137.04, 89.76, 1.79484
_11069_, 149.84, 89.76, 1.79473
_11071_, 149.84, 89.76, 1.79473
FILLER_0_28_305, 149.84, 89.76, 1.79473
FILLER_0_28_309, 149.84, 89.76, 1.79473
FILLER_0_30_321, 149.84, 89.76, 1.79473
_10783_, 162.64, 89.76, 1.79461
_10931_, 162.64, 89.76, 1.79461
_10932_, 162.64, 89.76, 1.79461
FILLER_0_29_332, 162.64, 89.76, 1.79461
FILLER_0_30_353, 162.64, 89.76, 1.79461
_10248_, 188.24, 89.76, 1.79445
_10257_, 188.24, 89.76, 1.79445
_10258_, 188.24, 89.76, 1.79445
_10440_, 188.24, 89.76, 1.79445
_10068_, 201.04, 89.76, 1.7944
_10072_, 201.04, 89.76, 1.7944
_10247_, 201.04, 89.76, 1.7944
_09929_, 213.84, 89.76, 1.79436
_09932_, 213.84, 89.76, 1.79436
_10118_, 213.84, 89.76, 1.79436
FILLER_0_29_443, 213.84, 89.76, 1.79436
FILLER_0_30_465, 213.84, 89.76, 1.79436
_09928_, 226.64, 89.76, 1.79435
_10114_, 226.64, 89.76, 1.79435
_10115_, 226.64, 89.76, 1.79435
_10116_, 226.64, 89.76, 1.79435
FILLER_0_29_489, 226.64, 89.76, 1.79435
_10300_, 239.44, 89.76, 1.79437
FILLER_0_29_500, 239.44, 89.76, 1.79437
FILLER_0_29_505, 239.44, 89.76, 1.79437
_09265_, 252.24, 89.76, 1.79439
FILLER_0_28_533, 252.24, 89.76, 1.79439
_09189_, 265.04, 89.76, 1.79441
_09315_, 265.04, 89.76, 1.79441
_09316_, 265.04, 89.76, 1.79441
FILLER_0_29_561, 265.04, 89.76, 1.79441
FILLER_0_29_572, 265.04, 89.76, 1.79441
FILLER_0_30_571, 265.04, 89.76, 1.79441
_09296_, 277.84, 89.76, 1.79443
_09314_, 277.84, 89.76, 1.79443
_09318_, 277.84, 89.76, 1.79443
FILLER_0_28_579, 277.84, 89.76, 1.79443
_09259_, 290.64, 89.76, 1.79445
_09260_, 290.64, 89.76, 1.79445
_09295_, 290.64, 89.76, 1.79445
_09297_, 290.64, 89.76, 1.79445
FILLER_0_28_607, 290.64, 89.76, 1.79445
FILLER_0_28_613, 290.64, 89.76, 1.79445
FILLER_0_29_609, 290.64, 89.76, 1.79445
FILLER_0_29_629, 290.64, 89.76, 1.79445
FILLER_0_30_626, 290.64, 89.76, 1.79445
_09224_, 303.44, 89.76, 1.79448
_09262_, 303.44, 89.76, 1.79448
_09282_, 303.44, 89.76, 1.79448
FILLER_0_28_641, 303.44, 89.76, 1.79448
_09228_, 316.24, 89.76, 1.79451
_09230_, 316.24, 89.76, 1.79451
_09231_, 316.24, 89.76, 1.79451
_09273_, 316.24, 89.76, 1.79451
_09275_, 316.24, 89.76, 1.79451
_09345_, 316.24, 89.76, 1.79451
FILLER_0_29_662, 316.24, 89.76, 1.79451
FILLER_0_29_673, 316.24, 89.76, 1.79451
FILLER_0_30_683, 316.24, 89.76, 1.79451
_09234_, 341.442, 89.76, 1.79448
_09361_, 341.442, 89.76, 1.79448
_12626_, 341.442, 89.76, 1.79448
_12627_, 341.442, 89.76, 1.79448
_12628_, 341.442, 89.76, 1.79448
FILLER_0_28_748, 353.845, 89.76, 1.79448
FILLER_0_29_774, 366.247, 89.76, 1.79448
FILLER_0_28_805, 378.65, 89.76, 1.79448
FILLER_0_29_833, 391.052, 89.76, 1.79448
FILLER_0_28_861, 403.455, 89.76, 1.79448
FILLER_0_29_889, 415.857, 89.76, 1.79448
FILLER_0_30_905, 415.857, 89.76, 1.79448
_12651_, 5.52, 84.32, 1.79618
PHY_52, 5.52, 84.32, 1.79618
PHY_54, 5.52, 84.32, 1.79618
PHY_53, 428.26, 84.32, 1.79423
PHY_55, 428.26, 84.32, 1.79423
output76, 428.26, 84.32, 1.79423
FILLER_0_27_909, 428.26, 84.32, 1.79423
ANTENNA_20, 13.68, 84.32, 1.79619
FILLER_0_28_77, 34.64, 84.32, 1.79595
FILLER_0_27_105, 47.44, 84.32, 1.79572
_11642_, 73.04, 84.32, 1.79525
_11749_, 73.04, 84.32, 1.79525
FILLER_0_26_133, 73.04, 84.32, 1.79525
FILLER_0_26_141, 73.04, 84.32, 1.79525
FILLER_0_27_160, 73.04, 84.32, 1.79525
_11497_, 85.84, 84.32, 1.79507
_11527_, 85.84, 84.32, 1.79507
_11528_, 85.84, 84.32, 1.79507
_11529_, 85.84, 84.32, 1.79507
_11623_, 85.84, 84.32, 1.79507
_11744_, 85.84, 84.32, 1.79507
max_cap130, 85.84, 84.32, 1.79507
FILLER_0_27_169, 85.84, 84.32, 1.79507
_09267_, 98.64, 84.32, 1.79495
_11409_, 98.64, 84.32, 1.79495
_11410_, 98.64, 84.32, 1.79495
_11509_, 98.64, 84.32, 1.79495
_11511_, 98.64, 84.32, 1.79495
_11512_, 98.64, 84.32, 1.79495
_11513_, 98.64, 84.32, 1.79495
FILLER_0_27_195, 98.64, 84.32, 1.79495
_11381_, 111.44, 84.32, 1.79483
_11384_, 111.44, 84.32, 1.79483
_11389_, 111.44, 84.32, 1.79483
_11510_, 111.44, 84.32, 1.79483
FILLER_0_26_220, 111.44, 84.32, 1.79483
_11276_, 124.24, 84.32, 1.79473
_11277_, 124.24, 84.32, 1.79473
_11278_, 124.24, 84.32, 1.79473
FILLER_0_26_245, 124.24, 84.32, 1.79473
FILLER_0_26_256, 124.24, 84.32, 1.79473
_11253_, 137.04, 84.32, 1.79464
_11254_, 137.04, 84.32, 1.79464
_11255_, 137.04, 84.32, 1.79464
_11256_, 137.04, 84.32, 1.79464
_11257_, 137.04, 84.32, 1.79464
_11258_, 137.04, 84.32, 1.79464
FILLER_0_27_274, 137.04, 84.32, 1.79464
_10933_, 149.84, 84.32, 1.79455
_10934_, 149.84, 84.32, 1.79455
_10935_, 149.84, 84.32, 1.79455
_11072_, 149.84, 84.32, 1.79455
_11074_, 149.84, 84.32, 1.79455
_11247_, 149.84, 84.32, 1.79455
FILLER_0_28_317, 149.84, 84.32, 1.79455
FILLER_0_28_327, 149.84, 84.32, 1.79455
_10664_, 162.64, 84.32, 1.79446
FILLER_0_27_328, 162.64, 84.32, 1.79446
FILLER_0_27_349, 162.64, 84.32, 1.79446
FILLER_0_28_350, 162.64, 84.32, 1.79446
_10270_, 188.24, 84.32, 1.79431
FILLER_0_27_387, 188.24, 84.32, 1.79431
FILLER_0_27_393, 188.24, 84.32, 1.79431
FILLER_0_27_401, 188.24, 84.32, 1.79431
FILLER_0_28_411, 188.24, 84.32, 1.79431
_10125_, 201.04, 84.32, 1.79425
_10443_, 201.04, 84.32, 1.79425
_10444_, 201.04, 84.32, 1.79425
FILLER_0_27_433, 201.04, 84.32, 1.79425
_09863_, 213.84, 84.32, 1.79418
_09933_, 213.84, 84.32, 1.79418
_10119_, 213.84, 84.32, 1.79418
_10126_, 213.84, 84.32, 1.79418
FILLER_0_27_444, 213.84, 84.32, 1.79418
FILLER_0_27_461, 213.84, 84.32, 1.79418
FILLER_0_28_461, 213.84, 84.32, 1.79418
_10117_, 226.64, 84.32, 1.79416
_10120_, 226.64, 84.32, 1.79416
_10272_, 226.64, 84.32, 1.79416
_10303_, 226.64, 84.32, 1.79416
FILLER_0_26_470, 226.64, 84.32, 1.79416
FILLER_0_27_487, 226.64, 84.32, 1.79416
_10301_, 239.44, 84.32, 1.79417
_10302_, 239.44, 84.32, 1.79417
_10455_, 239.44, 84.32, 1.79417
_10465_, 239.44, 84.32, 1.79417
FILLER_0_27_505, 239.44, 84.32, 1.79417
_09303_, 252.24, 84.32, 1.7942
_09323_, 252.24, 84.32, 1.7942
_09324_, 252.24, 84.32, 1.7942
_09326_, 252.24, 84.32, 1.7942
_09369_, 252.24, 84.32, 1.7942
FILLER_0_26_527, 252.24, 84.32, 1.7942
FILLER_0_26_533, 252.24, 84.32, 1.7942
_09001_, 265.04, 84.32, 1.79423
_09304_, 265.04, 84.32, 1.79423
_09330_, 265.04, 84.32, 1.79423
FILLER_0_26_560, 265.04, 84.32, 1.79423
FILLER_0_27_553, 265.04, 84.32, 1.79423
FILLER_0_27_561, 265.04, 84.32, 1.79423
FILLER_0_28_568, 265.04, 84.32, 1.79423
_09306_, 277.84, 84.32, 1.79427
FILLER_0_26_583, 277.84, 84.32, 1.79427
FILLER_0_26_589, 277.84, 84.32, 1.79427
_09298_, 290.64, 84.32, 1.7943
_09299_, 290.64, 84.32, 1.7943
_09300_, 290.64, 84.32, 1.7943
_09319_, 290.64, 84.32, 1.7943
_09320_, 290.64, 84.32, 1.7943
_09321_, 290.64, 84.32, 1.7943
FILLER_0_26_608, 290.64, 84.32, 1.7943
FILLER_0_28_633, 290.64, 84.32, 1.7943
_09188_, 303.44, 84.32, 1.79435
_09263_, 303.44, 84.32, 1.79435
_09264_, 303.44, 84.32, 1.79435
_09270_, 303.44, 84.32, 1.79435
_09271_, 303.44, 84.32, 1.79435
_09272_, 303.44, 84.32, 1.79435
_09301_, 303.44, 84.32, 1.79435
_09302_, 303.44, 84.32, 1.79435
FILLER_0_27_640, 303.44, 84.32, 1.79435
FILLER_0_28_656, 303.44, 84.32, 1.79435
_09274_, 316.24, 84.32, 1.79441
_09347_, 316.24, 84.32, 1.79441
_09354_, 316.24, 84.32, 1.79441
FILLER_0_27_663, 316.24, 84.32, 1.79441
FILLER_0_27_669, 316.24, 84.32, 1.79441
FILLER_0_28_676, 316.24, 84.32, 1.79441
FILLER_0_28_684, 316.24, 84.32, 1.79441
_09362_, 341.442, 84.32, 1.79441
_09363_, 341.442, 84.32, 1.79441
_12629_, 341.442, 84.32, 1.79441
FILLER_0_27_719, 341.442, 84.32, 1.79441
FILLER_0_27_776, 366.247, 84.32, 1.79435
FILLER_0_26_805, 378.65, 84.32, 1.79433
FILLER_0_27_833, 391.052, 84.32, 1.7943
FILLER_0_26_861, 403.455, 84.32, 1.79427
_12685_, 415.857, 84.32, 1.79424
FILLER_0_27_889, 415.857, 84.32, 1.79424
FILLER_0_28_893, 415.857, 84.32, 1.79424
PHY_48, 5.52, 78.88, 1.79633
PHY_50, 5.52, 78.88, 1.79633
output77, 5.52, 78.88, 1.79633
PHY_49, 428.26, 78.88, 1.79403
PHY_51, 428.26, 78.88, 1.79403
FILLER_0_24_913, 428.26, 78.88, 1.79403
FILLER_0_25_909, 428.26, 78.88, 1.79403
FILLER_0_26_21, 13.68, 78.88, 1.79633
FILLER_0_25_51, 34.64, 78.88, 1.79609
FILLER_0_26_77, 34.64, 78.88, 1.79609
FILLER_0_25_105, 47.44, 78.88, 1.79584
_11640_, 73.04, 78.88, 1.79536
FILLER_0_24_133, 73.04, 78.88, 1.79536
FILLER_0_25_149, 73.04, 78.88, 1.79536
FILLER_0_25_157, 73.04, 78.88, 1.79536
FILLER_0_26_152, 73.04, 78.88, 1.79536
_11530_, 85.84, 78.88, 1.79512
_11531_, 85.84, 78.88, 1.79512
_11641_, 85.84, 78.88, 1.79512
FILLER_0_25_183, 85.84, 78.88, 1.79512
_11388_, 98.64, 78.88, 1.79496
_11411_, 98.64, 78.88, 1.79496
_11495_, 98.64, 78.88, 1.79496
FILLER_0_25_204, 98.64, 78.88, 1.79496
FILLER_0_25_214, 98.64, 78.88, 1.79496
_11382_, 111.44, 78.88, 1.79482
_11383_, 111.44, 78.88, 1.79482
_11385_, 111.44, 78.88, 1.79482
_11386_, 111.44, 78.88, 1.79482
_11387_, 111.44, 78.88, 1.79482
FILLER_0_25_241, 111.44, 78.88, 1.79482
_11085_, 124.24, 78.88, 1.79469
_11086_, 124.24, 78.88, 1.79469
_11087_, 124.24, 78.88, 1.79469
_11279_, 124.24, 78.88, 1.79469
_11280_, 124.24, 78.88, 1.79469
_11281_, 124.24, 78.88, 1.79469
_11366_, 124.24, 78.88, 1.79469
_10946_, 137.04, 78.88, 1.79458
_11073_, 137.04, 78.88, 1.79458
_11075_, 137.04, 78.88, 1.79458
_11076_, 137.04, 78.88, 1.79458
FILLER_0_24_280, 137.04, 78.88, 1.79458
_10936_, 149.84, 78.88, 1.79447
_10939_, 149.84, 78.88, 1.79447
FILLER_0_24_301, 149.84, 78.88, 1.79447
FILLER_0_24_309, 149.84, 78.88, 1.79447
FILLER_0_25_301, 149.84, 78.88, 1.79447
_10784_, 162.64, 78.88, 1.79438
_10787_, 162.64, 78.88, 1.79438
_10788_, 162.64, 78.88, 1.79438
_10791_, 162.64, 78.88, 1.79438
_10937_, 162.64, 78.88, 1.79438
_10938_, 162.64, 78.88, 1.79438
FILLER_0_25_353, 162.64, 78.88, 1.79438
_10271_, 188.24, 78.88, 1.7942
_10442_, 188.24, 78.88, 1.7942
_10669_, 188.24, 78.88, 1.7942
_10670_, 188.24, 78.88, 1.7942
FILLER_0_25_387, 188.24, 78.88, 1.7942
FILLER_0_26_401, 188.24, 78.88, 1.7942
_10121_, 201.04, 78.88, 1.79411
_10122_, 201.04, 78.88, 1.79411
_10127_, 201.04, 78.88, 1.79411
FILLER_0_25_418, 201.04, 78.88, 1.79411
FILLER_0_25_433, 201.04, 78.88, 1.79411
_09734_, 213.84, 78.88, 1.79404
_09735_, 213.84, 78.88, 1.79404
_09736_, 213.84, 78.88, 1.79404
_10124_, 213.84, 78.88, 1.79404
FILLER_0_24_445, 213.84, 78.88, 1.79404
FILLER_0_25_444, 213.84, 78.88, 1.79404
_07411_, 226.64, 78.88, 1.794
_10304_, 226.64, 78.88, 1.794
_10305_, 226.64, 78.88, 1.794
FILLER_0_24_469, 226.64, 78.88, 1.794
FILLER_0_24_477, 226.64, 78.88, 1.794
FILLER_0_26_489, 226.64, 78.88, 1.794
_10462_, 239.44, 78.88, 1.794
FILLER_0_24_500, 239.44, 78.88, 1.794
FILLER_0_25_500, 239.44, 78.88, 1.794
FILLER_0_25_505, 239.44, 78.88, 1.794
_09325_, 252.24, 78.88, 1.794
_09328_, 252.24, 78.88, 1.794
_09368_, 252.24, 78.88, 1.794
_10674_, 252.24, 78.88, 1.794
FILLER_0_24_525, 252.24, 78.88, 1.794
FILLER_0_24_533, 252.24, 78.88, 1.794
FILLER_0_25_532, 252.24, 78.88, 1.794
FILLER_0_25_542, 252.24, 78.88, 1.794
_09305_, 265.04, 78.88, 1.794
_09307_, 265.04, 78.88, 1.794
_09327_, 265.04, 78.88, 1.794
_09329_, 265.04, 78.88, 1.794
_09332_, 265.04, 78.88, 1.794
FILLER_0_24_553, 265.04, 78.88, 1.794
FILLER_0_25_557, 265.04, 78.88, 1.794
FILLER_0_25_573, 265.04, 78.88, 1.794
FILLER_0_26_566, 265.04, 78.88, 1.794
_09266_, 277.84, 78.88, 1.794
_09268_, 277.84, 78.88, 1.794
_09269_, 277.84, 78.88, 1.794
_09308_, 277.84, 78.88, 1.794
_09334_, 277.84, 78.88, 1.794
_09335_, 277.84, 78.88, 1.794
_09309_, 290.64, 78.88, 1.79401
_09381_, 290.64, 78.88, 1.79401
_09382_, 290.64, 78.88, 1.79401
FILLER_0_24_615, 290.64, 78.88, 1.79401
FILLER_0_25_613, 290.64, 78.88, 1.79401
FILLER_0_25_625, 290.64, 78.88, 1.79401
_09310_, 303.44, 78.88, 1.79401
_09311_, 303.44, 78.88, 1.79401
_09312_, 303.44, 78.88, 1.79401
_09313_, 303.44, 78.88, 1.79401
FILLER_0_24_641, 303.44, 78.88, 1.79401
FILLER_0_24_645, 303.44, 78.88, 1.79401
FILLER_0_25_634, 303.44, 78.88, 1.79401
FILLER_0_25_652, 303.44, 78.88, 1.79401
FILLER_0_25_660, 303.44, 78.88, 1.79401
_09343_, 316.24, 78.88, 1.79403
_09346_, 316.24, 78.88, 1.79403
_09348_, 316.24, 78.88, 1.79403
_09349_, 316.24, 78.88, 1.79403
_09350_, 316.24, 78.88, 1.79403
_09355_, 316.24, 78.88, 1.79403
_09365_, 316.24, 78.88, 1.79403
FILLER_0_24_674, 316.24, 78.88, 1.79403
FILLER_0_25_666, 316.24, 78.88, 1.79403
FILLER_0_25_673, 316.24, 78.88, 1.79403
FILLER_0_26_680, 316.24, 78.88, 1.79403
_09364_, 341.442, 78.88, 1.79403
_12630_, 341.442, 78.88, 1.79403
ANTENNA_73, 341.442, 78.88, 1.79403
ANTENNA_74, 341.442, 78.88, 1.79403
ANTENNA_75, 341.442, 78.88, 1.79403
FILLER_0_24_753, 353.845, 78.88, 1.79403
FILLER_0_25_774, 366.247, 78.88, 1.79403
FILLER_0_24_805, 378.65, 78.88, 1.79403
FILLER_0_25_833, 391.052, 78.88, 1.79403
FILLER_0_24_861, 403.455, 78.88, 1.79403
FILLER_0_25_889, 415.857, 78.88, 1.79403
FILLER_0_26_905, 415.857, 78.88, 1.79403
_12730_, 5.52, 73.44, 1.7964
PHY_44, 5.52, 73.44, 1.7964
PHY_46, 5.52, 73.44, 1.7964
PHY_45, 428.26, 73.44, 1.79414
PHY_47, 428.26, 73.44, 1.79414
fanout155, 428.26, 73.44, 1.79414
FILLER_0_23_909, 428.26, 73.44, 1.79414
FILLER_0_23_50, 34.64, 73.44, 1.79608
FILLER_0_24_77, 34.64, 73.44, 1.79608
FILLER_0_23_105, 47.44, 73.44, 1.79576
_11532_, 73.04, 73.44, 1.7951
FILLER_0_22_133, 73.04, 73.44, 1.7951
FILLER_0_24_153, 73.04, 73.44, 1.7951
_11287_, 85.84, 73.44, 1.79489
_11412_, 85.84, 73.44, 1.79489
_11415_, 85.84, 73.44, 1.79489
FILLER_0_23_161, 85.84, 73.44, 1.79489
FILLER_0_24_179, 85.84, 73.44, 1.79489
_11282_, 98.64, 73.44, 1.79472
_11285_, 98.64, 73.44, 1.79472
_11496_, 98.64, 73.44, 1.79472
FILLER_0_23_193, 98.64, 73.44, 1.79472
FILLER_0_23_206, 98.64, 73.44, 1.79472
FILLER_0_24_209, 98.64, 73.44, 1.79472
_09366_, 111.44, 73.44, 1.7946
_11245_, 111.44, 73.44, 1.7946
_11283_, 111.44, 73.44, 1.7946
FILLER_0_22_228, 111.44, 73.44, 1.7946
FILLER_0_23_219, 111.44, 73.44, 1.7946
_11088_, 124.24, 73.44, 1.79449
_11090_, 124.24, 73.44, 1.79449
FILLER_0_22_249, 124.24, 73.44, 1.79449
FILLER_0_23_262, 124.24, 73.44, 1.79449
_10792_, 137.04, 73.44, 1.79439
_10793_, 137.04, 73.44, 1.79439
_10794_, 137.04, 73.44, 1.79439
_10945_, 137.04, 73.44, 1.79439
_10947_, 137.04, 73.44, 1.79439
_10948_, 137.04, 73.44, 1.79439
_10949_, 137.04, 73.44, 1.79439
_10950_, 137.04, 73.44, 1.79439
_11089_, 137.04, 73.44, 1.79439
FILLER_0_22_277, 137.04, 73.44, 1.79439
FILLER_0_23_277, 137.04, 73.44, 1.79439
_10795_, 149.84, 73.44, 1.79431
_10798_, 149.84, 73.44, 1.79431
_10940_, 149.84, 73.44, 1.79431
_10941_, 149.84, 73.44, 1.79431
FILLER_0_22_304, 149.84, 73.44, 1.79431
FILLER_0_24_323, 149.84, 73.44, 1.79431
_10789_, 162.64, 73.44, 1.79424
_10790_, 162.64, 73.44, 1.79424
FILLER_0_23_331, 162.64, 73.44, 1.79424
FILLER_0_23_337, 162.64, 73.44, 1.79424
_10306_, 188.24, 73.44, 1.79405
_10445_, 188.24, 73.44, 1.79405
FILLER_0_23_386, 188.24, 73.44, 1.79405
FILLER_0_23_400, 188.24, 73.44, 1.79405
_10123_, 201.04, 73.44, 1.79395
_10470_, 201.04, 73.44, 1.79395
_10471_, 201.04, 73.44, 1.79395
_10472_, 201.04, 73.44, 1.79395
FILLER_0_22_416, 201.04, 73.44, 1.79395
_09935_, 213.84, 73.44, 1.79388
_10128_, 213.84, 73.44, 1.79388
_10129_, 213.84, 73.44, 1.79388
FILLER_0_23_440, 213.84, 73.44, 1.79388
FILLER_0_23_449, 213.84, 73.44, 1.79388
_07410_, 226.64, 73.44, 1.79386
_07412_, 226.64, 73.44, 1.79386
_09545_, 226.64, 73.44, 1.79386
_09737_, 226.64, 73.44, 1.79386
_09738_, 226.64, 73.44, 1.79386
_10132_, 226.64, 73.44, 1.79386
FILLER_0_23_468, 226.64, 73.44, 1.79386
FILLER_0_23_493, 226.64, 73.44, 1.79386
_10463_, 239.44, 73.44, 1.7939
_10675_, 239.44, 73.44, 1.7939
_10679_, 239.44, 73.44, 1.7939
_10680_, 239.44, 73.44, 1.7939
_10796_, 239.44, 73.44, 1.7939
FILLER_0_22_501, 239.44, 73.44, 1.7939
FILLER_0_23_501, 239.44, 73.44, 1.7939
FILLER_0_23_505, 239.44, 73.44, 1.7939
_09370_, 252.24, 73.44, 1.79394
_09371_, 252.24, 73.44, 1.79394
_09372_, 252.24, 73.44, 1.79394
FILLER_0_22_529, 252.24, 73.44, 1.79394
FILLER_0_23_536, 252.24, 73.44, 1.79394
FILLER_0_24_545, 252.24, 73.44, 1.79394
_09331_, 265.04, 73.44, 1.79398
_09333_, 265.04, 73.44, 1.79398
_09374_, 265.04, 73.44, 1.79398
_09375_, 265.04, 73.44, 1.79398
FILLER_0_23_554, 265.04, 73.44, 1.79398
_09336_, 277.84, 73.44, 1.79403
_09337_, 277.84, 73.44, 1.79403
FILLER_0_22_583, 277.84, 73.44, 1.79403
_09322_, 290.64, 73.44, 1.79408
FILLER_0_23_629, 290.64, 73.44, 1.79408
_09338_, 303.44, 73.44, 1.79413
_09339_, 303.44, 73.44, 1.79413
_09340_, 303.44, 73.44, 1.79413
_09341_, 303.44, 73.44, 1.79413
_09342_, 303.44, 73.44, 1.79413
_09397_, 303.44, 73.44, 1.79413
FILLER_0_22_637, 303.44, 73.44, 1.79413
_09399_, 316.24, 73.44, 1.79419
_09400_, 316.24, 73.44, 1.79419
_09401_, 316.24, 73.44, 1.79419
FILLER_0_23_663, 316.24, 73.44, 1.79419
FILLER_0_23_673, 316.24, 73.44, 1.79419
_12631_, 341.442, 73.44, 1.7942
_12632_, 341.442, 73.44, 1.7942
FILLER_0_23_719, 341.442, 73.44, 1.7942
FILLER_0_22_749, 353.845, 73.44, 1.79418
FILLER_0_23_777, 366.247, 73.44, 1.79416
_12676_, 378.65, 73.44, 1.79415
FILLER_0_22_805, 378.65, 73.44, 1.79415
FILLER_0_23_809, 378.65, 73.44, 1.79415
FILLER_0_23_817, 378.65, 73.44, 1.79415
FILLER_0_22_861, 403.455, 73.44, 1.79414
FILLER_0_23_889, 415.857, 73.44, 1.79414
FILLER_0_24_905, 415.857, 73.44, 1.79414
PHY_40, 5.52, 68, 1.7965
PHY_42, 5.52, 68, 1.7965
input8, 5.52, 68, 1.7965
PHY_41, 428.26, 68, 1.79415
PHY_43, 428.26, 68, 1.79415
output115, 428.26, 68, 1.79415
FILLER_0_21_912, 428.26, 68, 1.79415
FILLER_0_22_77, 34.64, 68, 1.79606
FILLER_0_21_105, 47.44, 68, 1.79562
_11416_, 73.04, 68, 1.79473
FILLER_0_20_133, 73.04, 68, 1.79473
FILLER_0_22_153, 73.04, 68, 1.79473
_11130_, 85.84, 68, 1.79438
_11131_, 85.84, 68, 1.79438
_11132_, 85.84, 68, 1.79438
_11288_, 85.84, 68, 1.79438
_11295_, 85.84, 68, 1.79438
_11414_, 85.84, 68, 1.79438
FILLER_0_20_161, 85.84, 68, 1.79438
FILLER_0_21_188, 85.84, 68, 1.79438
_11208_, 98.64, 68, 1.79419
_11284_, 98.64, 68, 1.79419
_11286_, 98.64, 68, 1.79419
_11413_, 98.64, 68, 1.79419
_11092_, 111.44, 68, 1.79408
_11124_, 111.44, 68, 1.79408
_11209_, 111.44, 68, 1.79408
_11246_, 111.44, 68, 1.79408
FILLER_0_21_221, 111.44, 68, 1.79408
FILLER_0_21_225, 111.44, 68, 1.79408
FILLER_0_21_243, 111.44, 68, 1.79408
FILLER_0_22_235, 111.44, 68, 1.79408
FILLER_0_22_241, 111.44, 68, 1.79408
_10994_, 124.24, 68, 1.79399
FILLER_0_20_246, 124.24, 68, 1.79399
_10951_, 137.04, 68, 1.79391
_10952_, 137.04, 68, 1.79391
_10953_, 137.04, 68, 1.79391
FILLER_0_20_277, 137.04, 68, 1.79391
FILLER_0_21_272, 137.04, 68, 1.79391
FILLER_0_21_281, 137.04, 68, 1.79391
FILLER_0_21_296, 137.04, 68, 1.79391
_10797_, 149.84, 68, 1.79385
_10799_, 149.84, 68, 1.79385
_10800_, 149.84, 68, 1.79385
_10801_, 149.84, 68, 1.79385
_10802_, 149.84, 68, 1.79385
_10850_, 149.84, 68, 1.79385
_10851_, 149.84, 68, 1.79385
_10533_, 162.64, 68, 1.79386
_10691_, 162.64, 68, 1.79386
_10692_, 162.64, 68, 1.79386
FILLER_0_21_332, 162.64, 68, 1.79386
FILLER_0_21_349, 162.64, 68, 1.79386
FILLER_0_22_353, 162.64, 68, 1.79386
_10467_, 188.24, 68, 1.79384
_10468_, 188.24, 68, 1.79384
FILLER_0_21_411, 188.24, 68, 1.79384
_10133_, 201.04, 68, 1.79374
_10134_, 201.04, 68, 1.79374
_10246_, 201.04, 68, 1.79374
_10307_, 201.04, 68, 1.79374
FILLER_0_20_417, 201.04, 68, 1.79374
FILLER_0_22_436, 201.04, 68, 1.79374
_09739_, 213.84, 68, 1.79371
_09934_, 213.84, 68, 1.79371
_10131_, 213.84, 68, 1.79371
FILLER_0_21_440, 213.84, 68, 1.79371
_07741_, 226.64, 68, 1.79371
_09546_, 226.64, 68, 1.79371
_09547_, 226.64, 68, 1.79371
_10130_, 226.64, 68, 1.79371
FILLER_0_20_477, 226.64, 68, 1.79371
FILLER_0_21_468, 226.64, 68, 1.79371
FILLER_0_21_480, 226.64, 68, 1.79371
FILLER_0_22_493, 226.64, 68, 1.79371
_10466_, 239.44, 68, 1.79373
_10681_, 239.44, 68, 1.79373
_10682_, 239.44, 68, 1.79373
_10683_, 239.44, 68, 1.79373
_10684_, 239.44, 68, 1.79373
_10685_, 239.44, 68, 1.79373
FILLER_0_20_496, 239.44, 68, 1.79373
FILLER_0_20_508, 239.44, 68, 1.79373
FILLER_0_21_501, 239.44, 68, 1.79373
_09373_, 252.24, 68, 1.79379
_09389_, 252.24, 68, 1.79379
_09416_, 252.24, 68, 1.79379
_09417_, 252.24, 68, 1.79379
_09376_, 265.04, 68, 1.79384
_09378_, 265.04, 68, 1.79384
_09386_, 265.04, 68, 1.79384
_09387_, 265.04, 68, 1.79384
_09390_, 265.04, 68, 1.79384
FILLER_0_20_560, 265.04, 68, 1.79384
FILLER_0_21_556, 265.04, 68, 1.79384
_09379_, 277.84, 68, 1.79391
_09380_, 277.84, 68, 1.79391
_09388_, 277.84, 68, 1.79391
_09392_, 277.84, 68, 1.79391
_09412_, 277.84, 68, 1.79391
_09413_, 277.84, 68, 1.79391
_09414_, 277.84, 68, 1.79391
_09383_, 290.64, 68, 1.79397
_09384_, 290.64, 68, 1.79397
_09418_, 290.64, 68, 1.79397
FILLER_0_20_611, 290.64, 68, 1.79397
FILLER_0_21_606, 290.64, 68, 1.79397
_09385_, 303.44, 68, 1.79404
_09394_, 303.44, 68, 1.79404
_09398_, 303.44, 68, 1.79404
_09420_, 303.44, 68, 1.79404
_09421_, 303.44, 68, 1.79404
FILLER_0_21_642, 303.44, 68, 1.79404
_09402_, 316.24, 68, 1.79413
_09404_, 316.24, 68, 1.79413
_09407_, 316.24, 68, 1.79413
_09422_, 316.24, 68, 1.79413
_09429_, 316.24, 68, 1.79413
FILLER_0_20_672, 316.24, 68, 1.79413
FILLER_0_21_669, 316.24, 68, 1.79413
FILLER_0_21_722, 341.442, 68, 1.79424
FILLER_0_20_751, 353.845, 68, 1.79423
FILLER_0_21_777, 366.247, 68, 1.79422
FILLER_0_20_805, 378.65, 68, 1.7942
FILLER_0_21_833, 391.052, 68, 1.79419
FILLER_0_20_861, 403.455, 68, 1.79418
ANTENNA_166, 415.857, 68, 1.79417
FILLER_0_21_889, 415.857, 68, 1.79417
FILLER_0_21_897, 415.857, 68, 1.79417
FILLER_0_22_905, 415.857, 68, 1.79417
_12691_, 5.52, 62.56, 1.79652
_12692_, 5.52, 62.56, 1.79652
PHY_36, 5.52, 62.56, 1.79652
PHY_38, 5.52, 62.56, 1.79652
FILLER_0_20_3, 5.52, 62.56, 1.79652
PHY_37, 428.26, 62.56, 1.79387
PHY_39, 428.26, 62.56, 1.79387
FILLER_0_18_913, 428.26, 62.56, 1.79387
FILLER_0_19_909, 428.26, 62.56, 1.79387
FILLER_0_20_77, 34.64, 62.56, 1.79604
FILLER_0_19_105, 47.44, 62.56, 1.7955
FILLER_0_18_133, 73.04, 62.56, 1.79442
FILLER_0_20_153, 73.04, 62.56, 1.79442
_11129_, 85.84, 62.56, 1.79388
_11133_, 85.84, 62.56, 1.79388
_11289_, 85.84, 62.56, 1.79388
_11290_, 85.84, 62.56, 1.79388
_11296_, 85.84, 62.56, 1.79388
FILLER_0_18_161, 85.84, 62.56, 1.79388
FILLER_0_19_161, 85.84, 62.56, 1.79388
FILLER_0_18_197, 98.64, 62.56, 1.79351
_11002_, 111.44, 62.56, 1.79314
_11091_, 111.44, 62.56, 1.79314
_11125_, 111.44, 62.56, 1.79314
_11206_, 111.44, 62.56, 1.79314
FILLER_0_19_217, 111.44, 62.56, 1.79314
_10995_, 124.24, 62.56, 1.79283
_10996_, 124.24, 62.56, 1.79283
_11126_, 124.24, 62.56, 1.79283
_11127_, 124.24, 62.56, 1.79283
_11128_, 124.24, 62.56, 1.79283
_11207_, 124.24, 62.56, 1.79283
FILLER_0_18_249, 124.24, 62.56, 1.79283
FILLER_0_18_253, 124.24, 62.56, 1.79283
FILLER_0_20_269, 124.24, 62.56, 1.79283
_11000_, 137.04, 62.56, 1.79266
FILLER_0_19_274, 137.04, 62.56, 1.79266
FILLER_0_20_297, 137.04, 62.56, 1.79266
_10579_, 149.84, 62.56, 1.79258
_10852_, 149.84, 62.56, 1.79258
_10854_, 149.84, 62.56, 1.79258
_10855_, 149.84, 62.56, 1.79258
_10912_, 149.84, 62.56, 1.79258
FILLER_0_18_302, 149.84, 62.56, 1.79258
FILLER_0_20_316, 149.84, 62.56, 1.79258
_10578_, 162.64, 62.56, 1.79292
_10693_, 162.64, 62.56, 1.79292
_10694_, 162.64, 62.56, 1.79292
_10853_, 162.64, 62.56, 1.79292
FILLER_0_20_353, 162.64, 62.56, 1.79292
_10376_, 188.24, 62.56, 1.79291
_10377_, 188.24, 62.56, 1.79291
_10379_, 188.24, 62.56, 1.79291
_10534_, 188.24, 62.56, 1.79291
_10535_, 188.24, 62.56, 1.79291
_10537_, 188.24, 62.56, 1.79291
FILLER_0_18_390, 188.24, 62.56, 1.79291
FILLER_0_20_409, 188.24, 62.56, 1.79291
_10208_, 201.04, 62.56, 1.79282
_10209_, 201.04, 62.56, 1.79282
_10210_, 201.04, 62.56, 1.79282
_10536_, 201.04, 62.56, 1.79282
FILLER_0_18_414, 201.04, 62.56, 1.79282
FILLER_0_18_421, 201.04, 62.56, 1.79282
FILLER_0_19_418, 201.04, 62.56, 1.79282
_09814_, 213.84, 62.56, 1.79283
_09815_, 213.84, 62.56, 1.79283
_10026_, 213.84, 62.56, 1.79283
_10054_, 213.84, 62.56, 1.79283
FILLER_0_19_443, 213.84, 62.56, 1.79283
FILLER_0_19_449, 213.84, 62.56, 1.79283
FILLER_0_20_465, 213.84, 62.56, 1.79283
_07742_, 226.64, 62.56, 1.79294
_09647_, 226.64, 62.56, 1.79294
FILLER_0_18_467, 226.64, 62.56, 1.79294
FILLER_0_18_477, 226.64, 62.56, 1.79294
_10464_, 239.44, 62.56, 1.79307
FILLER_0_19_497, 239.44, 62.56, 1.79307
_09415_, 252.24, 62.56, 1.79321
_09377_, 265.04, 62.56, 1.79335
FILLER_0_19_553, 265.04, 62.56, 1.79335
FILLER_0_20_574, 265.04, 62.56, 1.79335
_09391_, 277.84, 62.56, 1.79349
_09393_, 277.84, 62.56, 1.79349
FILLER_0_18_581, 277.84, 62.56, 1.79349
_09423_, 290.64, 62.56, 1.79363
_09424_, 290.64, 62.56, 1.79363
FILLER_0_19_609, 290.64, 62.56, 1.79363
FILLER_0_19_629, 290.64, 62.56, 1.79363
FILLER_0_20_632, 290.64, 62.56, 1.79363
_09395_, 303.44, 62.56, 1.79377
_09396_, 303.44, 62.56, 1.79377
_09419_, 303.44, 62.56, 1.79377
FILLER_0_18_637, 303.44, 62.56, 1.79377
FILLER_0_20_658, 303.44, 62.56, 1.79377
_09406_, 316.24, 62.56, 1.79391
_09425_, 316.24, 62.56, 1.79391
_09435_, 316.24, 62.56, 1.79391
FILLER_0_18_669, 316.24, 62.56, 1.79391
FILLER_0_19_665, 316.24, 62.56, 1.79391
FILLER_0_19_685, 316.24, 62.56, 1.79391
FILLER_0_20_689, 316.24, 62.56, 1.79391
_12644_, 341.442, 62.56, 1.794
FILLER_0_19_724, 341.442, 62.56, 1.794
FILLER_0_18_753, 353.845, 62.56, 1.79398
FILLER_0_19_777, 366.247, 62.56, 1.79396
FILLER_0_18_805, 378.65, 62.56, 1.79393
FILLER_0_19_833, 391.052, 62.56, 1.79391
FILLER_0_18_861, 403.455, 62.56, 1.79389
_12681_, 415.857, 62.56, 1.79387
FILLER_0_19_889, 415.857, 62.56, 1.79387
_12769_, 5.52, 57.12, 1.79638
PHY_32, 5.52, 57.12, 1.79638
PHY_34, 5.52, 57.12, 1.79638
PHY_33, 428.26, 57.12, 1.79387
PHY_35, 428.26, 57.12, 1.79387
FILLER_0_17_909, 428.26, 57.12, 1.79387
FILLER_0_17_51, 34.64, 57.12, 1.79529
FILLER_0_18_77, 34.64, 57.12, 1.79529
FILLER_0_17_105, 47.44, 57.12, 1.79419
FILLER_0_16_133, 73.04, 57.12, 1.79199
FILLER_0_18_153, 73.04, 57.12, 1.79199
_11138_, 85.84, 57.12, 1.79089
_11139_, 85.84, 57.12, 1.79089
_11293_, 85.84, 57.12, 1.79089
_11297_, 85.84, 57.12, 1.79089
FILLER_0_16_165, 85.84, 57.12, 1.79089
FILLER_0_17_161, 85.84, 57.12, 1.79089
FILLER_0_17_169, 85.84, 57.12, 1.79089
_10862_, 98.64, 57.12, 1.79041
_11001_, 98.64, 57.12, 1.79041
_11134_, 98.64, 57.12, 1.79041
_11137_, 98.64, 57.12, 1.79041
FILLER_0_16_197, 98.64, 57.12, 1.79041
FILLER_0_17_192, 98.64, 57.12, 1.79041
FILLER_0_18_205, 98.64, 57.12, 1.79041
_10857_, 111.44, 57.12, 1.79059
_11136_, 111.44, 57.12, 1.79059
_10913_, 124.24, 57.12, 1.79091
_10998_, 124.24, 57.12, 1.79091
FILLER_0_17_271, 124.24, 57.12, 1.79091
_10997_, 137.04, 57.12, 1.7913
_10999_, 137.04, 57.12, 1.7913
_11058_, 137.04, 57.12, 1.7913
FILLER_0_16_277, 137.04, 57.12, 1.7913
_10697_, 162.64, 57.12, 1.79219
_10701_, 162.64, 57.12, 1.79219
_10702_, 162.64, 57.12, 1.79219
FILLER_0_16_338, 162.64, 57.12, 1.79219
FILLER_0_17_332, 162.64, 57.12, 1.79219
FILLER_0_17_337, 162.64, 57.12, 1.79219
_10245_, 188.24, 57.12, 1.79231
_10378_, 188.24, 57.12, 1.79231
_10381_, 188.24, 57.12, 1.79231
_10382_, 188.24, 57.12, 1.79231
FILLER_0_16_387, 188.24, 57.12, 1.79231
FILLER_0_17_410, 188.24, 57.12, 1.79231
_10211_, 201.04, 57.12, 1.79195
_10212_, 201.04, 57.12, 1.79195
_10213_, 201.04, 57.12, 1.79195
FILLER_0_16_417, 201.04, 57.12, 1.79195
FILLER_0_18_429, 201.04, 57.12, 1.79195
_09816_, 213.84, 57.12, 1.79182
_09846_, 213.84, 57.12, 1.79182
_10027_, 213.84, 57.12, 1.79182
_10053_, 213.84, 57.12, 1.79182
_10055_, 213.84, 57.12, 1.79182
FILLER_0_17_445, 213.84, 57.12, 1.79182
FILLER_0_17_449, 213.84, 57.12, 1.79182
_08459_, 226.64, 57.12, 1.79192
_09446_, 226.64, 57.12, 1.79192
_09649_, 226.64, 57.12, 1.79192
_09818_, 226.64, 57.12, 1.79192
FILLER_0_16_473, 226.64, 57.12, 1.79192
FILLER_0_16_477, 226.64, 57.12, 1.79192
FILLER_0_17_472, 226.64, 57.12, 1.79192
FILLER_0_17_483, 226.64, 57.12, 1.79192
FILLER_0_18_485, 226.64, 57.12, 1.79192
_09447_, 239.44, 57.12, 1.79213
FILLER_0_17_500, 239.44, 57.12, 1.79213
FILLER_0_16_524, 252.24, 57.12, 1.79235
FILLER_0_17_553, 265.04, 57.12, 1.79257
_12719_, 277.84, 57.12, 1.79279
FILLER_0_16_581, 277.84, 57.12, 1.79279
FILLER_0_17_609, 290.64, 57.12, 1.79302
FILLER_0_16_636, 303.44, 57.12, 1.79325
_09405_, 316.24, 57.12, 1.79347
_09409_, 316.24, 57.12, 1.79347
_09410_, 316.24, 57.12, 1.79347
_09411_, 316.24, 57.12, 1.79347
_09434_, 316.24, 57.12, 1.79347
_09438_, 316.24, 57.12, 1.79347
_09439_, 316.24, 57.12, 1.79347
_12638_, 316.24, 57.12, 1.79347
max_cap131, 316.24, 57.12, 1.79347
FILLER_0_16_669, 316.24, 57.12, 1.79347
FILLER_0_18_681, 316.24, 57.12, 1.79347
FILLER_0_17_721, 341.442, 57.12, 1.79389
_12674_, 353.845, 57.12, 1.79387
FILLER_0_17_753, 353.845, 57.12, 1.79387
FILLER_0_17_776, 366.247, 57.12, 1.79387
FILLER_0_16_805, 378.65, 57.12, 1.79387
FILLER_0_17_833, 391.052, 57.12, 1.79387
FILLER_0_16_861, 403.455, 57.12, 1.79387
FILLER_0_17_889, 415.857, 57.12, 1.79387
FILLER_0_18_905, 415.857, 57.12, 1.79387
PHY_28, 5.52, 51.68, 1.79702
PHY_30, 5.52, 51.68, 1.79702
input48, 5.52, 51.68, 1.79702
PHY_29, 428.26, 51.68, 1.7937
PHY_31, 428.26, 51.68, 1.7937
output82, 428.26, 51.68, 1.7937
FILLER_0_15_909, 428.26, 51.68, 1.7937
FILLER_0_16_18, 13.68, 51.68, 1.79702
FILLER_0_15_51, 34.64, 51.68, 1.79636
FILLER_0_16_77, 34.64, 51.68, 1.79636
FILLER_0_15_105, 47.44, 51.68, 1.79571
FILLER_0_14_133, 73.04, 51.68, 1.7944
_11291_, 85.84, 51.68, 1.79375
_11292_, 85.84, 51.68, 1.79375
_11294_, 85.84, 51.68, 1.79375
FILLER_0_15_161, 85.84, 51.68, 1.79375
FILLER_0_15_169, 85.84, 51.68, 1.79375
FILLER_0_16_179, 85.84, 51.68, 1.79375
FILLER_0_16_187, 85.84, 51.68, 1.79375
_11003_, 98.64, 51.68, 1.79326
_11004_, 98.64, 51.68, 1.79326
_11135_, 98.64, 51.68, 1.79326
FILLER_0_14_189, 98.64, 51.68, 1.79326
FILLER_0_15_204, 98.64, 51.68, 1.79326
FILLER_0_15_212, 98.64, 51.68, 1.79326
FILLER_0_15_220, 111.44, 51.68, 1.793
FILLER_0_14_245, 124.24, 51.68, 1.79275
_10696_, 137.04, 51.68, 1.79249
_10856_, 137.04, 51.68, 1.79249
_10911_, 137.04, 51.68, 1.79249
FILLER_0_15_273, 137.04, 51.68, 1.79249
FILLER_0_15_281, 137.04, 51.68, 1.79249
_10695_, 149.84, 51.68, 1.7924
_10699_, 149.84, 51.68, 1.7924
FILLER_0_14_301, 149.84, 51.68, 1.7924
FILLER_0_15_316, 149.84, 51.68, 1.7924
_10538_, 162.64, 51.68, 1.79235
_10539_, 162.64, 51.68, 1.79235
_10698_, 162.64, 51.68, 1.79235
_10700_, 162.64, 51.68, 1.79235
FILLER_0_14_333, 162.64, 51.68, 1.79235
FILLER_0_15_337, 162.64, 51.68, 1.79235
_10028_, 188.24, 51.68, 1.79208
_10029_, 188.24, 51.68, 1.79208
_10214_, 188.24, 51.68, 1.79208
_10244_, 188.24, 51.68, 1.79208
_10380_, 188.24, 51.68, 1.79208
FILLER_0_15_407, 188.24, 51.68, 1.79208
_09441_, 201.04, 51.68, 1.79159
_09820_, 201.04, 51.68, 1.79159
_09821_, 201.04, 51.68, 1.79159
_09822_, 201.04, 51.68, 1.79159
_10032_, 201.04, 51.68, 1.79159
wire132, 201.04, 51.68, 1.79159
FILLER_0_15_415, 201.04, 51.68, 1.79159
_09652_, 213.84, 51.68, 1.79147
_09653_, 213.84, 51.68, 1.79147
_09819_, 213.84, 51.68, 1.79147
split14, 213.84, 51.68, 1.79147
FILLER_0_15_439, 213.84, 51.68, 1.79147
FILLER_0_15_453, 213.84, 51.68, 1.79147
FILLER_0_16_459, 213.84, 51.68, 1.79147
_08554_, 226.64, 51.68, 1.79158
_09648_, 226.64, 51.68, 1.79158
_09650_, 226.64, 51.68, 1.79158
_09651_, 226.64, 51.68, 1.79158
_09817_, 226.64, 51.68, 1.79158
FILLER_0_14_468, 226.64, 51.68, 1.79158
FILLER_0_15_473, 226.64, 51.68, 1.79158
FILLER_0_14_525, 252.24, 51.68, 1.7921
FILLER_0_15_553, 265.04, 51.68, 1.79237
FILLER_0_14_581, 277.84, 51.68, 1.79263
FILLER_0_15_609, 290.64, 51.68, 1.79289
FILLER_0_14_637, 303.44, 51.68, 1.79315
_09440_, 316.24, 51.68, 1.79341
_12635_, 316.24, 51.68, 1.79341
_12636_, 316.24, 51.68, 1.79341
_12637_, 316.24, 51.68, 1.79341
FILLER_0_14_669, 316.24, 51.68, 1.79341
FILLER_0_15_665, 316.24, 51.68, 1.79341
FILLER_0_15_673, 316.24, 51.68, 1.79341
FILLER_0_15_685, 316.24, 51.68, 1.79341
FILLER_0_15_719, 341.442, 51.68, 1.79389
FILLER_0_14_749, 353.845, 51.68, 1.79386
FILLER_0_15_777, 366.247, 51.68, 1.79383
FILLER_0_14_805, 378.65, 51.68, 1.7938
FILLER_0_15_833, 391.052, 51.68, 1.79377
FILLER_0_14_861, 403.455, 51.68, 1.79374
_12682_, 415.857, 51.68, 1.79371
FILLER_0_15_889, 415.857, 51.68, 1.79371
FILLER_0_16_893, 415.857, 51.68, 1.79371
PHY_24, 5.52, 46.24, 1.79751
PHY_26, 5.52, 46.24, 1.79751
PHY_25, 428.26, 46.24, 1.79379
PHY_27, 428.26, 46.24, 1.79379
FILLER_0_12_913, 428.26, 46.24, 1.79379
FILLER_0_13_909, 428.26, 46.24, 1.79379
FILLER_0_13_51, 34.64, 46.24, 1.79709
FILLER_0_14_77, 34.64, 46.24, 1.79709
_12679_, 47.44, 46.24, 1.79668
FILLER_0_13_81, 47.44, 46.24, 1.79668
FILLER_0_13_108, 60.24, 46.24, 1.79628
FILLER_0_12_133, 73.04, 46.24, 1.79588
FILLER_0_13_161, 85.84, 46.24, 1.79548
FILLER_0_12_189, 98.64, 46.24, 1.79509
FILLER_0_13_217, 111.44, 46.24, 1.79469
FILLER_0_12_245, 124.24, 46.24, 1.79429
FILLER_0_13_273, 137.04, 46.24, 1.79389
FILLER_0_12_301, 149.84, 46.24, 1.79349
_10858_, 162.64, 46.24, 1.7931
_10860_, 162.64, 46.24, 1.7931
_10861_, 162.64, 46.24, 1.7931
FILLER_0_13_329, 162.64, 46.24, 1.7931
FILLER_0_13_337, 162.64, 46.24, 1.7931
_09830_, 188.24, 46.24, 1.79232
_10030_, 188.24, 46.24, 1.79232
_10033_, 188.24, 46.24, 1.79232
_10216_, 188.24, 46.24, 1.79232
_10217_, 188.24, 46.24, 1.79232
FILLER_0_12_390, 188.24, 46.24, 1.79232
_09832_, 201.04, 46.24, 1.79193
ANTENNA_4, 201.04, 46.24, 1.79193
FILLER_0_14_434, 201.04, 46.24, 1.79193
_09442_, 213.84, 46.24, 1.79184
_09443_, 213.84, 46.24, 1.79184
_09444_, 213.84, 46.24, 1.79184
_09445_, 213.84, 46.24, 1.79184
_09663_, 213.84, 46.24, 1.79184
_09831_, 213.84, 46.24, 1.79184
FILLER_0_13_445, 213.84, 46.24, 1.79184
FILLER_0_12_467, 226.64, 46.24, 1.79205
FILLER_0_13_493, 226.64, 46.24, 1.79205
FILLER_0_13_501, 239.44, 46.24, 1.79226
FILLER_0_12_525, 252.24, 46.24, 1.79248
FILLER_0_13_553, 265.04, 46.24, 1.79269
FILLER_0_12_581, 277.84, 46.24, 1.7929
FILLER_0_13_609, 290.64, 46.24, 1.79311
FILLER_0_12_637, 303.44, 46.24, 1.79332
_12639_, 316.24, 46.24, 1.79354
FILLER_0_13_665, 316.24, 46.24, 1.79354
_12675_, 341.442, 46.24, 1.79393
FILLER_0_13_721, 341.442, 46.24, 1.79393
FILLER_0_12_748, 353.845, 46.24, 1.7939
FILLER_0_13_777, 366.247, 46.24, 1.79388
FILLER_0_12_805, 378.65, 46.24, 1.79386
FILLER_0_13_833, 391.052, 46.24, 1.79383
FILLER_0_12_861, 403.455, 46.24, 1.79381
_12687_, 415.857, 46.24, 1.79379
FILLER_0_13_889, 415.857, 46.24, 1.79379
PHY_20, 5.52, 40.8, 1.79785
PHY_22, 5.52, 40.8, 1.79785
output83, 5.52, 40.8, 1.79785
PHY_21, 428.26, 40.8, 1.79431
PHY_23, 428.26, 40.8, 1.79431
input54, 428.26, 40.8, 1.79431
FILLER_0_10_913, 428.26, 40.8, 1.79431
FILLER_0_11_53, 34.64, 40.8, 1.79751
FILLER_0_12_77, 34.64, 40.8, 1.79751
FILLER_0_11_105, 47.44, 40.8, 1.79716
FILLER_0_10_133, 73.04, 40.8, 1.79646
FILLER_0_11_161, 85.84, 40.8, 1.7961
FILLER_0_10_189, 98.64, 40.8, 1.79575
FILLER_0_11_217, 111.44, 40.8, 1.7954
FILLER_0_10_245, 124.24, 40.8, 1.79505
FILLER_0_11_273, 137.04, 40.8, 1.79469
FILLER_0_10_301, 149.84, 40.8, 1.79434
_10703_, 162.64, 40.8, 1.79399
FILLER_0_11_329, 162.64, 40.8, 1.79399
FILLER_0_12_345, 162.64, 40.8, 1.79399
FILLER_0_12_353, 162.64, 40.8, 1.79399
_10031_, 188.24, 40.8, 1.79354
_10218_, 188.24, 40.8, 1.79354
FILLER_0_10_384, 188.24, 40.8, 1.79354
FILLER_0_10_392, 188.24, 40.8, 1.79354
FILLER_0_11_386, 188.24, 40.8, 1.79354
FILLER_0_11_405, 188.24, 40.8, 1.79354
_10034_, 201.04, 40.8, 1.79331
ANTENNA_3, 201.04, 40.8, 1.79331
FILLER_0_10_417, 201.04, 40.8, 1.79331
_09662_, 213.84, 40.8, 1.79334
_09664_, 213.84, 40.8, 1.79334
_09665_, 213.84, 40.8, 1.79334
FILLER_0_11_445, 213.84, 40.8, 1.79334
FILLER_0_10_469, 226.64, 40.8, 1.79345
FILLER_0_11_498, 239.44, 40.8, 1.79356
FILLER_0_10_525, 252.24, 40.8, 1.79367
FILLER_0_11_553, 265.04, 40.8, 1.79378
FILLER_0_10_581, 277.84, 40.8, 1.79389
FILLER_0_11_609, 290.64, 40.8, 1.794
FILLER_0_10_637, 303.44, 40.8, 1.79411
FILLER_0_11_665, 316.24, 40.8, 1.79421
FILLER_0_11_721, 341.442, 40.8, 1.79432
FILLER_0_10_749, 353.845, 40.8, 1.79432
FILLER_0_11_777, 366.247, 40.8, 1.79432
FILLER_0_10_805, 378.65, 40.8, 1.79432
FILLER_0_11_833, 391.052, 40.8, 1.79432
FILLER_0_10_861, 403.455, 40.8, 1.79432
FILLER_0_11_889, 415.857, 40.8, 1.79432
FILLER_0_11_897, 415.857, 40.8, 1.79432
FILLER_0_12_905, 415.857, 40.8, 1.79432
_12686_, 5.52, 35.36, 1.79824
PHY_16, 5.52, 35.36, 1.79824
PHY_18, 5.52, 35.36, 1.79824
PHY_17, 428.26, 35.36, 1.79449
PHY_19, 428.26, 35.36, 1.79449
FILLER_0_8_913, 428.26, 35.36, 1.79449
FILLER_0_9_909, 428.26, 35.36, 1.79449
FILLER_0_10_77, 34.64, 35.36, 1.79798
FILLER_0_9_105, 47.44, 35.36, 1.7977
FILLER_0_8_133, 73.04, 35.36, 1.79714
FILLER_0_9_161, 85.84, 35.36, 1.79686
FILLER_0_8_189, 98.64, 35.36, 1.79658
FILLER_0_9_217, 111.44, 35.36, 1.7963
FILLER_0_8_245, 124.24, 35.36, 1.79602
FILLER_0_9_273, 137.04, 35.36, 1.79574
FILLER_0_8_301, 149.84, 35.36, 1.79546
FILLER_0_9_329, 162.64, 35.36, 1.79518
FILLER_0_9_385, 188.24, 35.36, 1.79487
FILLER_0_8_413, 201.04, 35.36, 1.79483
FILLER_0_9_441, 213.84, 35.36, 1.7948
FILLER_0_8_469, 226.64, 35.36, 1.79476
FILLER_0_9_497, 239.44, 35.36, 1.79473
FILLER_0_8_525, 252.24, 35.36, 1.7947
FILLER_0_9_553, 265.04, 35.36, 1.79466
FILLER_0_8_581, 277.84, 35.36, 1.79463
FILLER_0_9_609, 290.64, 35.36, 1.79459
FILLER_0_8_637, 303.44, 35.36, 1.79456
FILLER_0_9_665, 316.24, 35.36, 1.79452
FILLER_0_9_721, 341.442, 35.36, 1.79449
FILLER_0_8_749, 353.845, 35.36, 1.79449
FILLER_0_9_777, 366.247, 35.36, 1.79449
FILLER_0_8_805, 378.65, 35.36, 1.79449
FILLER_0_9_833, 391.052, 35.36, 1.79449
FILLER_0_8_861, 403.455, 35.36, 1.79449
FILLER_0_9_889, 415.857, 35.36, 1.79449
FILLER_0_10_905, 415.857, 35.36, 1.79449
PHY_12, 5.52, 29.92, 1.79862
PHY_14, 5.52, 29.92, 1.79862
PHY_13, 428.26, 29.92, 1.79442
PHY_15, 428.26, 29.92, 1.79442
output89, 428.26, 29.92, 1.79442
FILLER_0_7_909, 428.26, 29.92, 1.79442
FILLER_0_7_51, 34.64, 29.92, 1.79834
FILLER_0_8_77, 34.64, 29.92, 1.79834
FILLER_0_7_105, 47.44, 29.92, 1.79805
FILLER_0_6_133, 73.04, 29.92, 1.79748
FILLER_0_7_161, 85.84, 29.92, 1.79719
FILLER_0_6_189, 98.64, 29.92, 1.7969
FILLER_0_7_217, 111.44, 29.92, 1.79662
FILLER_0_6_245, 124.24, 29.92, 1.79633
FILLER_0_7_273, 137.04, 29.92, 1.79605
FILLER_0_6_301, 149.84, 29.92, 1.79576
FILLER_0_7_329, 162.64, 29.92, 1.79547
FILLER_0_7_385, 188.24, 29.92, 1.79513
FILLER_0_6_413, 201.04, 29.92, 1.79508
FILLER_0_7_441, 213.84, 29.92, 1.79502
FILLER_0_6_469, 226.64, 29.92, 1.79497
FILLER_0_7_497, 239.44, 29.92, 1.79491
FILLER_0_6_525, 252.24, 29.92, 1.79486
FILLER_0_7_553, 265.04, 29.92, 1.79481
FILLER_0_6_581, 277.84, 29.92, 1.79475
FILLER_0_7_609, 290.64, 29.92, 1.7947
FILLER_0_6_637, 303.44, 29.92, 1.79464
FILLER_0_7_665, 316.24, 29.92, 1.79459
_12680_, 341.442, 29.92, 1.79451
FILLER_0_7_721, 341.442, 29.92, 1.79451
FILLER_0_6_749, 353.845, 29.92, 1.79449
FILLER_0_7_775, 366.247, 29.92, 1.79448
FILLER_0_6_805, 378.65, 29.92, 1.79447
FILLER_0_7_833, 391.052, 29.92, 1.79446
FILLER_0_6_861, 403.455, 29.92, 1.79444
FILLER_0_7_889, 415.857, 29.92, 1.79443
FILLER_0_8_905, 415.857, 29.92, 1.79443
PHY_8, 5.52, 24.48, 1.79873
PHY_10, 5.52, 24.48, 1.79873
output95, 5.52, 24.48, 1.79873
PHY_9, 428.26, 24.48, 1.79458
PHY_11, 428.26, 24.48, 1.79458
FILLER_0_4_913, 428.26, 24.48, 1.79458
FILLER_0_5_909, 428.26, 24.48, 1.79458
FILLER_0_6_21, 13.68, 24.48, 1.79874
FILLER_0_5_51, 34.64, 24.48, 1.79846
FILLER_0_6_77, 34.64, 24.48, 1.79846
FILLER_0_5_105, 47.44, 24.48, 1.79817
FILLER_0_4_133, 73.04, 24.48, 1.7976
FILLER_0_5_161, 85.84, 24.48, 1.79731
FILLER_0_4_189, 98.64, 24.48, 1.79702
FILLER_0_5_217, 111.44, 24.48, 1.79673
FILLER_0_4_245, 124.24, 24.48, 1.79645
FILLER_0_5_273, 137.04, 24.48, 1.79616
FILLER_0_4_301, 149.84, 24.48, 1.79587
FILLER_0_5_329, 162.64, 24.48, 1.79558
FILLER_0_5_385, 188.24, 24.48, 1.79524
FILLER_0_4_413, 201.04, 24.48, 1.79518
FILLER_0_5_441, 213.84, 24.48, 1.79512
FILLER_0_4_469, 226.64, 24.48, 1.79506
FILLER_0_5_497, 239.44, 24.48, 1.795
FILLER_0_4_525, 252.24, 24.48, 1.79494
FILLER_0_5_553, 265.04, 24.48, 1.79488
FILLER_0_4_581, 277.84, 24.48, 1.79482
FILLER_0_5_609, 290.64, 24.48, 1.79476
FILLER_0_4_637, 303.44, 24.48, 1.7947
FILLER_0_5_665, 316.24, 24.48, 1.79464
FILLER_0_5_721, 341.442, 24.48, 1.79458
FILLER_0_4_749, 353.845, 24.48, 1.79458
FILLER_0_5_777, 366.247, 24.48, 1.79458
FILLER_0_4_805, 378.65, 24.48, 1.79458
FILLER_0_5_833, 391.052, 24.48, 1.79458
FILLER_0_4_861, 403.455, 24.48, 1.79458
FILLER_0_5_889, 415.857, 24.48, 1.79458
FILLER_0_6_905, 415.857, 24.48, 1.79458
PHY_4, 5.52, 19.04, 1.79871
PHY_6, 5.52, 19.04, 1.79871
PHY_5, 428.26, 19.04, 1.79441
PHY_7, 428.26, 19.04, 1.79441
FILLER_0_2_906, 428.26, 19.04, 1.79441
FILLER_0_3_909, 428.26, 19.04, 1.79441
ANTENNA_41, 13.68, 19.04, 1.79871
ANTENNA_42, 13.68, 19.04, 1.79871
_12665_, 34.64, 19.04, 1.79842
ANTENNA_37, 34.64, 19.04, 1.79842
ANTENNA_39, 34.64, 19.04, 1.79842
ANTENNA_46, 34.64, 19.04, 1.79842
ANTENNA_48, 34.64, 19.04, 1.79842
FILLER_0_2_57, 34.64, 19.04, 1.79842
FILLER_0_3_51, 34.64, 19.04, 1.79842
FILLER_0_3_69, 34.64, 19.04, 1.79842
FILLER_0_4_77, 34.64, 19.04, 1.79842
ANTENNA_44, 47.44, 19.04, 1.79813
ANTENNA_50, 47.44, 19.04, 1.79813
ANTENNA_169, 47.44, 19.04, 1.79813
ANTENNA_170, 47.44, 19.04, 1.79813
ANTENNA_179, 60.24, 19.04, 1.79785
ANTENNA_180, 60.24, 19.04, 1.79785
FILLER_0_3_107, 60.24, 19.04, 1.79785
FILLER_0_2_137, 73.04, 19.04, 1.79756
FILLER_0_3_161, 85.84, 19.04, 1.79728
FILLER_0_2_189, 98.64, 19.04, 1.79699
FILLER_0_3_217, 111.44, 19.04, 1.79671
FILLER_0_2_245, 124.24, 19.04, 1.79642
FILLER_0_3_273, 137.04, 19.04, 1.79614
FILLER_0_2_301, 149.84, 19.04, 1.79585
FILLER_0_2_309, 149.84, 19.04, 1.79585
FILLER_0_3_329, 162.64, 19.04, 1.79557
_12727_, 188.24, 19.04, 1.79519
FILLER_0_3_385, 188.24, 19.04, 1.79519
FILLER_0_2_414, 201.04, 19.04, 1.7951
FILLER_0_3_441, 213.84, 19.04, 1.79501
_12683_, 226.64, 19.04, 1.79493
FILLER_0_2_469, 226.64, 19.04, 1.79493
FILLER_0_3_497, 239.44, 19.04, 1.79486
_12767_, 252.24, 19.04, 1.79479
FILLER_0_2_529, 252.24, 19.04, 1.79479
FILLER_0_3_553, 265.04, 19.04, 1.79473
_12694_, 277.84, 19.04, 1.79467
FILLER_0_2_580, 277.84, 19.04, 1.79467
_12764_, 290.64, 19.04, 1.79463
FILLER_0_3_609, 290.64, 19.04, 1.79463
FILLER_0_3_665, 316.24, 19.04, 1.79456
FILLER_0_3_721, 341.442, 19.04, 1.79449
FILLER_0_3_741, 341.442, 19.04, 1.79449
_12671_, 353.845, 19.04, 1.79445
FILLER_0_2_749, 353.845, 19.04, 1.79445
FILLER_0_2_781, 366.247, 19.04, 1.79444
FILLER_0_2_805, 378.65, 19.04, 1.79444
FILLER_0_3_833, 391.052, 19.04, 1.79443
FILLER_0_2_861, 403.455, 19.04, 1.79442
_12741_, 415.857, 19.04, 1.79441
FILLER_0_3_889, 415.857, 19.04, 1.79441
FILLER_0_4_905, 415.857, 19.04, 1.79441
PHY_0, 5.52, 13.6, 1.79858
PHY_2, 5.52, 13.6, 1.79858
output79, 5.52, 13.6, 1.79858
output103, 5.52, 13.6, 1.79858
ANTENNA_43, 5.52, 13.6, 1.79858
FILLER_0_2_3, 5.52, 13.6, 1.79858
PHY_1, 428.26, 13.6, 1.79412
PHY_3, 428.26, 13.6, 1.79412
input33, 428.26, 13.6, 1.79412
output73, 428.26, 13.6, 1.79412
_12693_, 13.68, 13.6, 1.79859
input46, 13.68, 13.6, 1.79859
ANTENNA_38, 13.68, 13.6, 1.79859
ANTENNA_40, 13.68, 13.6, 1.79859
FILLER_0_0_9, 13.68, 13.6, 1.79859
FILLER_0_0_21, 13.68, 13.6, 1.79859
output72, 34.64, 13.6, 1.79828
ANTENNA_45, 34.64, 13.6, 1.79828
ANTENNA_47, 34.64, 13.6, 1.79828
ANTENNA_51, 34.64, 13.6, 1.79828
FILLER_0_0_77, 34.64, 13.6, 1.79828
output87, 47.44, 13.6, 1.79795
ANTENNA_49, 47.44, 13.6, 1.79795
ANTENNA_171, 47.44, 13.6, 1.79795
ANTENNA_172, 47.44, 13.6, 1.79795
ANTENNA_173, 47.44, 13.6, 1.79795
FILLER_0_0_97, 47.44, 13.6, 1.79795
input56, 60.24, 13.6, 1.79763
FILLER_0_0_107, 60.24, 13.6, 1.79763
FILLER_0_0_125, 60.24, 13.6, 1.79763
FILLER_0_0_132, 60.24, 13.6, 1.79763
FILLER_0_1_107, 60.24, 13.6, 1.79763
output118, 73.04, 13.6, 1.79732
FILLER_0_0_153, 73.04, 13.6, 1.79732
_12673_, 85.84, 13.6, 1.79702
output81, 85.84, 13.6, 1.79702
ANTENNA_199, 85.84, 13.6, 1.79702
FILLER_0_0_163, 85.84, 13.6, 1.79702
FILLER_0_0_181, 85.84, 13.6, 1.79702
FILLER_0_1_161, 85.84, 13.6, 1.79702
FILLER_0_1_169, 85.84, 13.6, 1.79702
input1, 98.64, 13.6, 1.79674
ANTENNA_100, 98.64, 13.6, 1.79674
ANTENNA_101, 98.64, 13.6, 1.79674
ANTENNA_103, 98.64, 13.6, 1.79674
ANTENNA_198, 98.64, 13.6, 1.79674
FILLER_0_0_191, 98.64, 13.6, 1.79674
FILLER_0_0_197, 98.64, 13.6, 1.79674
_12745_, 111.44, 13.6, 1.79647
input25, 111.44, 13.6, 1.79647
ANTENNA_102, 111.44, 13.6, 1.79647
FILLER_0_0_219, 111.44, 13.6, 1.79647
FILLER_0_0_244, 111.44, 13.6, 1.79647
FILLER_0_1_220, 111.44, 13.6, 1.79647
FILLER_0_1_237, 111.44, 13.6, 1.79647
input42, 124.24, 13.6, 1.7962
FILLER_0_0_265, 124.24, 13.6, 1.7962
FILLER_0_1_276, 137.04, 13.6, 1.79594
_12652_, 149.84, 13.6, 1.79568
_12776_, 149.84, 13.6, 1.79568
output119, 149.84, 13.6, 1.79568
ANTENNA_27, 149.84, 13.6, 1.79568
ANTENNA_29, 149.84, 13.6, 1.79568
FILLER_0_0_305, 149.84, 13.6, 1.79568
FILLER_0_0_327, 149.84, 13.6, 1.79568
FILLER_0_1_305, 149.84, 13.6, 1.79568
output88, 162.64, 13.6, 1.79545
ANTENNA_28, 162.64, 13.6, 1.79545
ANTENNA_30, 162.64, 13.6, 1.79545
ANTENNA_31, 162.64, 13.6, 1.79545
FILLER_0_0_355, 162.64, 13.6, 1.79545
_12670_, 188.24, 13.6, 1.79509
input5, 188.24, 13.6, 1.79509
ANTENNA_71, 188.24, 13.6, 1.79509
FILLER_0_0_385, 188.24, 13.6, 1.79509
FILLER_0_0_405, 188.24, 13.6, 1.79509
FILLER_0_1_393, 188.24, 13.6, 1.79509
output78, 201.04, 13.6, 1.79499
FILLER_0_1_437, 201.04, 13.6, 1.79499
output113, 213.84, 13.6, 1.79489
FILLER_0_0_445, 213.84, 13.6, 1.79489
FILLER_0_1_445, 213.84, 13.6, 1.79489
input58, 226.64, 13.6, 1.79481
FILLER_0_0_467, 226.64, 13.6, 1.79481
output120, 239.44, 13.6, 1.79473
ANTENNA_167, 239.44, 13.6, 1.79473
FILLER_0_0_495, 239.44, 13.6, 1.79473
FILLER_0_1_497, 239.44, 13.6, 1.79473
FILLER_0_2_521, 239.44, 13.6, 1.79473
output122, 252.24, 13.6, 1.79467
ANTENNA_111, 252.24, 13.6, 1.79467
ANTENNA_113, 252.24, 13.6, 1.79467
ANTENNA_168, 252.24, 13.6, 1.79467
FILLER_0_0_539, 252.24, 13.6, 1.79467
input12, 265.04, 13.6, 1.79462
ANTENNA_109, 265.04, 13.6, 1.79462
ANTENNA_110, 265.04, 13.6, 1.79462
ANTENNA_112, 265.04, 13.6, 1.79462
FILLER_0_1_553, 265.04, 13.6, 1.79462
input28, 277.84, 13.6, 1.79457
FILLER_0_0_581, 277.84, 13.6, 1.79457
FILLER_0_1_597, 277.84, 13.6, 1.79457
FILLER_0_1_605, 277.84, 13.6, 1.79457
output104, 290.64, 13.6, 1.79452
ANTENNA_52, 290.64, 13.6, 1.79452
ANTENNA_54, 290.64, 13.6, 1.79452
ANTENNA_56, 290.64, 13.6, 1.79452
ANTENNA_59, 290.64, 13.6, 1.79452
ANTENNA_61, 290.64, 13.6, 1.79452
FILLER_0_0_613, 290.64, 13.6, 1.79452
FILLER_0_1_617, 290.64, 13.6, 1.79452
_12657_, 303.44, 13.6, 1.79448
output127, 303.44, 13.6, 1.79448
ANTENNA_53, 303.44, 13.6, 1.79448
ANTENNA_55, 303.44, 13.6, 1.79448
ANTENNA_125, 303.44, 13.6, 1.79448
FILLER_0_0_637, 303.44, 13.6, 1.79448
FILLER_0_0_653, 303.44, 13.6, 1.79448
input29, 316.24, 13.6, 1.79446
ANTENNA_57, 316.24, 13.6, 1.79446
ANTENNA_58, 316.24, 13.6, 1.79446
ANTENNA_60, 316.24, 13.6, 1.79446
ANTENNA_62, 316.24, 13.6, 1.79446
ANTENNA_63, 316.24, 13.6, 1.79446
ANTENNA_120, 316.24, 13.6, 1.79446
ANTENNA_121, 316.24, 13.6, 1.79446
ANTENNA_122, 316.24, 13.6, 1.79446
ANTENNA_123, 316.24, 13.6, 1.79446
ANTENNA_124, 316.24, 13.6, 1.79446
FILLER_0_1_685, 316.24, 13.6, 1.79446
output92, 341.442, 13.6, 1.79437
FILLER_0_0_719, 341.442, 13.6, 1.79437
FILLER_0_1_722, 341.442, 13.6, 1.79437
_12744_, 353.845, 13.6, 1.7943
input24, 353.845, 13.6, 1.7943
FILLER_0_0_749, 353.845, 13.6, 1.7943
FILLER_0_1_753, 353.845, 13.6, 1.7943
_12689_, 366.247, 13.6, 1.79424
input26, 366.247, 13.6, 1.79424
FILLER_0_0_774, 366.247, 13.6, 1.79424
output98, 378.65, 13.6, 1.7942
FILLER_0_0_803, 378.65, 13.6, 1.7942
output84, 391.052, 13.6, 1.79417
FILLER_0_0_833, 391.052, 13.6, 1.79417
FILLER_0_1_833, 391.052, 13.6, 1.79417
input3, 403.455, 13.6, 1.79415
FILLER_0_0_861, 403.455, 13.6, 1.79415
input20, 415.857, 13.6, 1.79414
FILLER_0_0_887, 415.857, 13.6, 1.79414
FILLER_0_0_902, 415.857, 13.6, 1.79414
FILLER_0_1_889, 415.857, 13.6, 1.79414

